ISO-10303-21;
HEADER;
FILE_DESCRIPTION (( 'STEP AP203' ),
    '1' );
FILE_NAME ('engine.STEP',
    '2026-10-02T21:09:17',
    ( '' ),
    ( '' ),
    'SwSTEP 2.0',
    'SolidWorks 2021',
    '' );
FILE_SCHEMA (( 'CONFIG_CONTROL_DESIGN' ));
ENDSEC;

DATA;
#1 = AXIS2_PLACEMENT_3D ( 'NONE', #2343, #4595, #5159 ) ;
#2 = ORIENTED_EDGE ( 'NONE', *, *, #1269, .T. ) ;
#3 = ORIENTED_EDGE ( 'NONE', *, *, #7774, .F. ) ;
#4 = LINE ( 'NONE', #2277, #4295 ) ;
#5 = CARTESIAN_POINT ( 'NONE',  ( 1.129220202964490882, -42.50000000000002842, 43.89999999999999858 ) ) ;
#6 = ORIENTED_EDGE ( 'NONE', *, *, #4744, .F. ) ;
#7 = DIRECTION ( 'NONE',  ( 0.000000000000000000, 0.000000000000000000, 1.000000000000000000 ) ) ;
#8 = CARTESIAN_POINT ( 'NONE',  ( -72.76294694533463314, 0.2777589635784699640, 17.50000000000000000 ) ) ;
#9 = PERSON_AND_ORGANIZATION ( #2940, #5543 ) ;
#10 = APPROVAL_ROLE ( '' ) ;
#11 = AXIS2_PLACEMENT_3D ( 'NONE', #7859, #7140, #2670 ) ;
#12 = DIRECTION ( 'NONE',  ( 0.000000000000000000, 0.000000000000000000, -1.000000000000000000 ) ) ;
#13 = CARTESIAN_POINT ( 'NONE',  ( -75.31172499928821651, -0.9908555429374258372, 7.479895898172593149 ) ) ;
#14 = DIRECTION ( 'NONE',  ( 1.000000000000000000, 0.000000000000000000, 0.000000000000000000 ) ) ;
#15 = VERTEX_POINT ( 'NONE', #1032 ) ;
#16 = EDGE_CURVE ( 'NONE', #1368, #15, #6891, .T. ) ;
#17 = ORIENTED_EDGE ( 'NONE', *, *, #5797, .T. ) ;
#18 = DIRECTION ( 'NONE',  ( 0.000000000000000000, 1.000000000000000000, -0.000000000000000000 ) ) ;
#19 = AXIS2_PLACEMENT_3D ( 'NONE', #9393, #5617, #9295 ) ;
#20 = ORIENTED_EDGE ( 'NONE', *, *, #3959, .T. ) ;
#21 =( REPRESENTATION_RELATIONSHIP ('NONE','NONE', #1222, #3210 ) REPRESENTATION_RELATIONSHIP_WITH_TRANSFORMATION ( #8433 )SHAPE_REPRESENTATION_RELATIONSHIP( ) );
#22 = DIRECTION ( 'NONE',  ( 0.000000000000000000, -2.891205793294678326E-16, -1.000000000000000000 ) ) ;
#23 = CARTESIAN_POINT ( 'NONE',  ( -72.40893590770642163, -4.760632429853620451, -10.24345850044456441 ) ) ;
#24 = DIRECTION ( 'NONE',  ( 0.000000000000000000, 0.000000000000000000, 1.000000000000000000 ) ) ;
#25 = CARTESIAN_POINT ( 'NONE',  ( -6.004410106628776944, 42.07688263906209869, 42.80706450220684900 ) ) ;
#26 = DIRECTION ( 'NONE',  ( 0.000000000000000000, 0.000000000000000000, 1.000000000000000000 ) ) ;
#27 = CARTESIAN_POINT ( 'NONE',  ( -19.47431003643074021, 32.64347701028633963, 15.63947016062217088 ) ) ;
#28 = EDGE_LOOP ( 'NONE', ( #7886, #7294, #6268, #5764 ) ) ;
#29 = DIRECTION ( 'NONE',  ( 0.000000000000000000, 1.000000000000000000, 0.000000000000000000 ) ) ;
#30 = CARTESIAN_POINT ( 'NONE',  ( -29.48374795605156606, 23.97420374438104318, 11.18990534293353356 ) ) ;
#31 = ORIENTED_EDGE ( 'NONE', *, *, #765, .F. ) ;
#32 = FACE_OUTER_BOUND ( 'NONE', #4863, .T. ) ;
#33 = DIRECTION ( 'NONE',  ( 1.000000000000000000, 0.000000000000000000, 0.000000000000000000 ) ) ;
#34 = ORIENTED_EDGE ( 'NONE', *, *, #9002, .F. ) ;
#35 = CARTESIAN_POINT ( 'NONE',  ( -23.32380757938120297, 30.00000000000000000, 8.999999999999998224 ) ) ;
#36 = SECURITY_CLASSIFICATION_LEVEL ( 'unclassified' ) ;
#37 = CC_DESIGN_PERSON_AND_ORGANIZATION_ASSIGNMENT ( #519, #3369, ( #8171 ) ) ;
#38 = ADVANCED_FACE ( 'NONE', ( #6158 ), #1805, .T. ) ;
#39 = CARTESIAN_POINT ( 'NONE',  ( 0.000000000000000000, 0.000000000000000000, 19.00000000000000000 ) ) ;
#40 = CARTESIAN_POINT ( 'NONE',  ( 5.998519245612561335, 42.07776938644547471, 42.80944201034947127 ) ) ;
#41 = PRODUCT_DEFINITION_SHAPE ( 'NONE', 'NONE',  #9468 ) ;
#42 = DIRECTION ( 'NONE',  ( 0.000000000000000000, 0.000000000000000000, -1.000000000000000000 ) ) ;
#43 = CARTESIAN_POINT ( 'NONE',  ( 43.89087296526123083, 38.89087296525845971, -281.0000000000000000 ) ) ;
#44 = VECTOR ( 'NONE', #6868, 1000.000000000000000 ) ;
#45 = EDGE_LOOP ( 'NONE', ( #6042, #6512, #4843, #4791 ) ) ;
#46 = CARTESIAN_POINT ( 'NONE',  ( 1.784466780631337901, 0.6582315237321362256, -7.479995869826960408 ) ) ;
#47 = ITEM_DEFINED_TRANSFORMATION ( 'NONE', 'NONE', #4166,  #8931 ) ;
#48 = CC_DESIGN_APPROVAL ( #4690, ( #4357 ) ) ;
#49 = DATE_AND_TIME ( #7328, #2213 ) ;
#50 = ADVANCED_FACE ( 'NONE', ( #4739 ), #1121, .T. ) ;
#51 = FACE_OUTER_BOUND ( 'NONE', #7220, .T. ) ;
#52 = EDGE_LOOP ( 'NONE', ( #5127, #2957, #5421 ) ) ;
#53 = CARTESIAN_POINT ( 'NONE',  ( 63.46176972075341638, 48.70938086149381974, 114.0000000000000000 ) ) ;
#54 = VERTEX_POINT ( 'NONE', #4788 ) ;
#55 = CARTESIAN_POINT ( 'NONE',  ( -10.54853077586263232, 170.5777649175917929, 9.000000000000000000 ) ) ;
#56 = PLANE ( 'NONE',  #4642 ) ;
#57 = VECTOR ( 'NONE', #844, 1000.000000000000000 ) ;
#58 = VERTEX_POINT ( 'NONE', #400 ) ;
#59 = DIRECTION ( 'NONE',  ( 1.000000000000000000, 0.000000000000000000, 0.000000000000000000 ) ) ;
#60 = DIRECTION ( 'NONE',  ( -0.000000000000000000, -1.000000000000000000, 0.000000000000000000 ) ) ;
#61 = PLANE ( 'NONE',  #2157 ) ;
#62 = PERSON_AND_ORGANIZATION_ROLE ( 'creator' ) ;
#63 = CALENDAR_DATE ( 2026, 3, 10 ) ;
#64 = EDGE_CURVE ( 'NONE', #8642, #8106, #4320, .T. ) ;
#65 = CARTESIAN_POINT ( 'NONE',  ( 30.19214044603492297, 63.60700526054102966, -53.00000000000000000 ) ) ;
#66 = FACE_OUTER_BOUND ( 'NONE', #1959, .T. ) ;
#67 = CARTESIAN_POINT ( 'NONE',  ( 0.08664219825386693108, 0.2777589635784699640, 9.308297555543450841 ) ) ;
#68 = LOCAL_TIME ( 2, 39, 17.00000000000000000, #1556 ) ;
#69 = VERTEX_POINT ( 'NONE', #2135 ) ;
#70 = CC_DESIGN_SECURITY_CLASSIFICATION ( #7576, ( #9473 ) ) ;
#71 = ORIENTED_EDGE ( 'NONE', *, *, #5920, .T. ) ;
#72 = DIRECTION ( 'NONE',  ( -3.083952846180989787E-16, -1.000000000000000000, 0.000000000000000000 ) ) ;
#73 = ORIENTED_EDGE ( 'NONE', *, *, #2499, .F. ) ;
#74 = CARTESIAN_POINT ( 'NONE',  ( 34.36931771216882225, -25.00000000000000000, 6.755772121541168573 ) ) ;
#75 = DIRECTION ( 'NONE',  ( 0.9588197348681918308, 0.2840153447039270307, 0.000000000000000000 ) ) ;
#76 = DIRECTION ( 'NONE',  ( 1.232595164407830946E-32, 1.224646799147353454E-16, -1.000000000000000000 ) ) ;
#77 = EDGE_CURVE ( 'NONE', #8915, #7944, #9340, .T. ) ;
#78 = ADVANCED_FACE ( 'NONE', ( #2722, #7069 ), #4306, .F. ) ;
#79 = ORIENTED_EDGE ( 'NONE', *, *, #8445, .T. ) ;
#80 = CARTESIAN_POINT ( 'NONE',  ( 3.626872657412256204E-16, 38.00000000000000000, 49.50000000000000000 ) ) ;
#81 = EDGE_LOOP ( 'NONE', ( #680, #8602, #4270, #7818 ) ) ;
#82 = CARTESIAN_POINT ( 'NONE',  ( -3.072503578181957353E-13, 44.00000000000000000, 61.00000000000000000 ) ) ;
#83 = CARTESIAN_POINT ( 'NONE',  ( -31.86628220507393294, 20.71844556050584885, 15.00123142162942003 ) ) ;
#84 = ORIENTED_EDGE ( 'NONE', *, *, #2610, .F. ) ;
#85 = FACE_OUTER_BOUND ( 'NONE', #9391, .T. ) ;
#86 = DIRECTION ( 'NONE',  ( -0.9588197348681938292, -0.2840153447039202583, 0.000000000000000000 ) ) ;
#87 = ORIENTED_EDGE ( 'NONE', *, *, #4179, .F. ) ;
#88 = CARTESIAN_POINT ( 'NONE',  ( -33.17642388690965305, 18.60184689729128493, 16.22325022960274410 ) ) ;
#89 = FACE_OUTER_BOUND ( 'NONE', #2484, .T. ) ;
#90 = LINE ( 'NONE', #7572, #8127 ) ;
#91 = DIRECTION ( 'NONE',  ( -1.000000000000000000, 0.000000000000000000, 0.000000000000000000 ) ) ;
#92 = VERTEX_POINT ( 'NONE', #8599 ) ;
#93 = CARTESIAN_POINT ( 'NONE',  ( -38.00000000000000000, 0.000000000000000000, -8.999999999999998224 ) ) ;
#94 = FACE_OUTER_BOUND ( 'NONE', #6636, .T. ) ;
#95 = ORIENTED_EDGE ( 'NONE', *, *, #5314, .F. ) ;
#96 = CARTESIAN_POINT ( 'NONE',  ( -63.46176972075341638, 48.70938086149381974, -228.0000000000000000 ) ) ;
#97 = PERSON_AND_ORGANIZATION_ROLE ( 'classification_officer' ) ;
#98 = EDGE_CURVE ( 'NONE', #8902, #6591, #5397, .T. ) ;
#99 = COORDINATED_UNIVERSAL_TIME_OFFSET ( 5, 30, .AHEAD. ) ;
#100 = CARTESIAN_POINT ( 'NONE',  ( 0.000000000000000000, 0.000000000000000000, 55.09999999999999432 ) ) ;
#101 = DIRECTION ( 'NONE',  ( 0.000000000000000000, -1.000000000000000000, 0.000000000000000000 ) ) ;
#102 = ORIENTED_EDGE ( 'NONE', *, *, #3070, .T. ) ;
#103 = CARTESIAN_POINT ( 'NONE',  ( 0.000000000000000000, 0.000000000000000000, 59.39999999999999147 ) ) ;
#104 = ADVANCED_FACE ( 'NONE', ( #2910 ), #6384, .F. ) ;
#105 = CARTESIAN_POINT ( 'NONE',  ( 10.32988739728659233, -41.23615325574910884, 13.57939085919597488 ) ) ;
#106 = EDGE_LOOP ( 'NONE', ( #4309, #5040, #4296, #318 ) ) ;
#107 = CYLINDRICAL_SURFACE ( 'NONE', #3428, 79.99999999999998579 ) ;
#108 = PRODUCT_DEFINITION_SHAPE ( 'NONE', 'NONE',  #9486 ) ;
#109 = APPLICATION_PROTOCOL_DEFINITION ( 'international standard', 'config_control_design', 1994, #9028 ) ;
#110 = PERSON_AND_ORGANIZATION_ROLE ( 'classification_officer' ) ;
#111 = DIRECTION ( 'NONE',  ( 1.000000000000000000, 1.776356839400250465E-15, 0.000000000000000000 ) ) ;
#112 = DIRECTION ( 'NONE',  ( 0.2840153447039269752, -0.9588197348681917198, 0.000000000000000000 ) ) ;
#113 = DIRECTION ( 'NONE',  ( -0.2840153447039203138, -0.9588197348681938292, 0.000000000000000000 ) ) ;
#114 = ORIENTED_EDGE ( 'NONE', *, *, #701, .F. ) ;
#115 = EDGE_CURVE ( 'NONE', #6498, #6105, #2092, .T. ) ;
#116 = DIRECTION ( 'NONE',  ( 0.000000000000000000, 0.000000000000000000, -1.000000000000000000 ) ) ;
#117 = AXIS2_PLACEMENT_3D ( 'NONE', #7802, #9421, #3602 ) ;
#118 = VERTEX_POINT ( 'NONE', #5624 ) ;
#119 = DIRECTION ( 'NONE',  ( 0.000000000000000000, 0.000000000000000000, 1.000000000000000000 ) ) ;
#120 = DIRECTION ( 'NONE',  ( -0.2840153447039269752, 0.9588197348681917198, 0.000000000000000000 ) ) ;
#121 = DIRECTION ( 'NONE',  ( 2.663143172277182926E-16, -1.301029338457609082E-16, 1.000000000000000000 ) ) ;
#122 = AXIS2_PLACEMENT_3D ( 'NONE', #213, #3831, #6734 ) ;
#123 = CARTESIAN_POINT ( 'NONE',  ( -14.88312821710593781, 34.96929239732962458, 43.88965402437006702 ) ) ;
#124 = VERTEX_POINT ( 'NONE', #4214 ) ;
#125 = EDGE_CURVE ( 'NONE', #5289, #128, #2334, .T. ) ;
#126 = CARTESIAN_POINT ( 'NONE',  ( 0.000000000000000000, 0.000000000000000000, 55.09999999999999432 ) ) ;
#127 = EDGE_CURVE ( 'NONE', #4081, #7969, #1402, .T. ) ;
#128 = VERTEX_POINT ( 'NONE', #497 ) ;
#129 = DIRECTION ( 'NONE',  ( 1.000000000000000000, 0.000000000000000000, 0.000000000000000000 ) ) ;
#130 = CARTESIAN_POINT ( 'NONE',  ( -7.999999999999965361, 145.5999999999999943, -4.999999999999999112 ) ) ;
#131 = VECTOR ( 'NONE', #12, 1000.000000000000000 ) ;
#132 = ORIENTED_EDGE ( 'NONE', *, *, #2730, .F. ) ;
#133 = AXIS2_PLACEMENT_3D ( 'NONE', #3073, #8214, #4601 ) ;
#134 = DIRECTION ( 'NONE',  ( -0.000000000000000000, -0.000000000000000000, 1.000000000000000000 ) ) ;
#135 = CARTESIAN_POINT ( 'NONE',  ( 1.237053054665496088, -62.72224103642152926, -2.636779683484746784E-13 ) ) ;
#136 = CIRCLE ( 'NONE', #9453, 22.49999999999999645 ) ;
#137 = AXIS2_PLACEMENT_3D ( 'NONE', #1279, #7795, #7128 ) ;
#138 = LINE ( 'NONE', #2264, #1533 ) ;
#139 = ORIENTED_EDGE ( 'NONE', *, *, #4239, .F. ) ;
#140 = EDGE_CURVE ( 'NONE', #2762, #2094, #3544, .T. ) ;
#141 = FACE_OUTER_BOUND ( 'NONE', #106, .T. ) ;
#142 = EDGE_LOOP ( 'NONE', ( #9120, #7692 ) ) ;
#143 = CIRCLE ( 'NONE', #1196, 36.00000000000000000 ) ;
#144 = CARTESIAN_POINT ( 'NONE',  ( -35.99999999999999289, -44.00000000000000000, -228.0000000000000000 ) ) ;
#145 = CALENDAR_DATE ( 2026, 3, 10 ) ;
#146 = CIRCLE ( 'NONE', #2620, 2.000000000000000000 ) ;
#147 = PERSON_AND_ORGANIZATION ( #2940, #5543 ) ;
#148 = AXIS2_PLACEMENT_3D ( 'NONE', #3318, #2595, #5506 ) ;
#149 = LINE ( 'NONE', #8242, #5938 ) ;
#150 = CC_DESIGN_PERSON_AND_ORGANIZATION_ASSIGNMENT ( #9438, #62, ( #1540 ) ) ;
#151 = VERTEX_POINT ( 'NONE', #2864 ) ;
#152 = DIRECTION ( 'NONE',  ( -1.000000000000000000, 0.000000000000000000, 0.000000000000000000 ) ) ;
#153 = AXIS2_PLACEMENT_3D ( 'NONE', #2850, #6417, #7095 ) ;
#154 = ORIENTED_EDGE ( 'NONE', *, *, #5092, .T. ) ;
#155 = FACE_OUTER_BOUND ( 'NONE', #5137, .T. ) ;
#156 = APPROVAL_PERSON_ORGANIZATION ( #8109, #8178, #4443 ) ;
#157 = CIRCLE ( 'NONE', #6278, 36.00000000000000000 ) ;
#158 = VERTEX_POINT ( 'NONE', #3531 ) ;
#159 = DIRECTION ( 'NONE',  ( -0.2840153447039203138, -0.9588197348681938292, -0.000000000000000000 ) ) ;
#160 = APPROVAL_DATE_TIME ( #2392, #7063 ) ;
#161 = DATE_AND_TIME ( #63, #668 ) ;
#162 = CARTESIAN_POINT ( 'NONE',  ( 0.000000000000000000, 0.000000000000000000, 9.000000000000000000 ) ) ;
#163 = CC_DESIGN_PERSON_AND_ORGANIZATION_ASSIGNMENT ( #4053, #7373, ( #9385 ) ) ;
#164 = ADVANCED_FACE ( 'NONE', ( #8681 ), #3576, .T. ) ;
#165 = CARTESIAN_POINT ( 'NONE',  ( -74.93467138157109275, -6.053145775313203636, 7.498348828926920007 ) ) ;
#166 = APPROVAL_PERSON_ORGANIZATION ( #7198, #1377, #8452 ) ;
#167 = CARTESIAN_POINT ( 'NONE',  ( 45.07812899334817303, -13.35275013547102319, 190.0000000000000000 ) ) ;
#168 = AXIS2_PLACEMENT_3D ( 'NONE', #4833, #1863, #6798 ) ;
#169 = ORIENTED_EDGE ( 'NONE', *, *, #8427, .F. ) ;
#170 = CARTESIAN_POINT ( 'NONE',  ( -36.76294694533463314, 0.2777589635784699640, 17.50000000000000000 ) ) ;
#171 = ORIENTED_EDGE ( 'NONE', *, *, #5719, .F. ) ;
#172 = FACE_BOUND ( 'NONE', #4409, .T. ) ;
#173 = FACE_OUTER_BOUND ( 'NONE', #2158, .T. ) ;
#174 =( NAMED_UNIT ( * ) PLANE_ANGLE_UNIT ( ) SI_UNIT ( $, .RADIAN. ) );
#175 = VECTOR ( 'NONE', #571, 1000.000000000000000 ) ;
#176 = CARTESIAN_POINT ( 'NONE',  ( -0.7629469453346304775, 0.2777589635784699640, -10.22250535117751724 ) ) ;
#177 = EDGE_CURVE ( 'NONE', #1936, #7158, #5679, .T. ) ;
#178 = ORIENTED_EDGE ( 'NONE', *, *, #4606, .T. ) ;
#179 = VECTOR ( 'NONE', #6333, 1000.000000000000000 ) ;
#180 = CARTESIAN_POINT ( 'NONE',  ( -6.305452144751560795, 37.47497023540917382, 5.398341671537273179 ) ) ;
#181 = ORIENTED_EDGE ( 'NONE', *, *, #5744, .T. ) ;
#182 = DIRECTION ( 'NONE',  ( 0.000000000000000000, 0.000000000000000000, -1.000000000000000000 ) ) ;
#183 = ORIENTED_EDGE ( 'NONE', *, *, #5691, .T. ) ;
#184 = CARTESIAN_POINT ( 'NONE',  ( 7.999999999999972466, 55.59999999999998010, 6.999999999999999112 ) ) ;
#185 = CARTESIAN_POINT ( 'NONE',  ( 10.52112147095411387, 171.6244840424505469, 19.00000000000000000 ) ) ;
#186 = CARTESIAN_POINT ( 'NONE',  ( -22.49999999999999645, 201.1999999999999886, 19.00000000000000000 ) ) ;
#187 = DATE_AND_TIME ( #2413, #3927 ) ;
#188 = EDGE_CURVE ( 'NONE', #3777, #6792, #7668, .T. ) ;
#189 = LINE ( 'NONE', #1002, #325 ) ;
#190 = CARTESIAN_POINT ( 'NONE',  ( 10.54853077586263232, 170.5777649175917929, 9.000000000000000000 ) ) ;
#191 = ORIENTED_EDGE ( 'NONE', *, *, #6509, .F. ) ;
#192 = CARTESIAN_POINT ( 'NONE',  ( -3.072503578181957353E-13, 44.00000000000000000, -99.00000000000000000 ) ) ;
#193 = ORIENTED_EDGE ( 'NONE', *, *, #301, .F. ) ;
#194 = CARTESIAN_POINT ( 'NONE',  ( 33.89087296525765680, 38.89087296525845971, -281.0000000000000000 ) ) ;
#195 = APPROVAL_STATUS ( 'not_yet_approved' ) ;
#196 = PERSON_AND_ORGANIZATION ( #7258, #5118 ) ;
#197 = EDGE_CURVE ( 'NONE', #151, #4960, #3442, .T. ) ;
#198 = ADVANCED_FACE ( 'NONE', ( #7245 ), #7869, .F. ) ;
#199 = DIRECTION ( 'NONE',  ( 0.000000000000000000, 1.000000000000000000, 0.000000000000000000 ) ) ;
#200 = ORIENTED_EDGE ( 'NONE', *, *, #5414, .F. ) ;
#201 = FACE_OUTER_BOUND ( 'NONE', #4494, .T. ) ;
#202 = VERTEX_POINT ( 'NONE', #7911 ) ;
#203 = DIRECTION ( 'NONE',  ( 1.000000000000000000, 0.000000000000000000, 0.000000000000000000 ) ) ;
#204 = DIRECTION ( 'NONE',  ( -1.000000000000000000, 0.000000000000000000, 0.000000000000000000 ) ) ;
#205 = ORIENTED_EDGE ( 'NONE', *, *, #6098, .T. ) ;
#206 = LINE ( 'NONE', #9022, #1413 ) ;
#207 = SECURITY_CLASSIFICATION_LEVEL ( 'unclassified' ) ;
#208 = AXIS2_PLACEMENT_3D ( 'NONE', #9110, #388, #4775 ) ;
#209 = CALENDAR_DATE ( 2026, 3, 10 ) ;
#210 = CARTESIAN_POINT ( 'NONE',  ( 34.36931771216882225, -24.99999999999997868, 6.755772121541200548 ) ) ;
#211 = CC_DESIGN_APPROVAL ( #1562, ( #2983 ) ) ;
#212 = DIRECTION ( 'NONE',  ( 0.000000000000000000, 0.000000000000000000, 1.000000000000000000 ) ) ;
#213 = CARTESIAN_POINT ( 'NONE',  ( 0.000000000000000000, 201.1999999999999886, 9.000000000000000000 ) ) ;
#214 = ORIENTED_EDGE ( 'NONE', *, *, #8070, .F. ) ;
#215 = VECTOR ( 'NONE', #7027, 1000.000000000000000 ) ;
#216 = CARTESIAN_POINT ( 'NONE',  ( -5.218262837931496811, -37.64722720604222417, 5.100722849508589896 ) ) ;
#217 = ORIENTED_EDGE ( 'NONE', *, *, #3465, .F. ) ;
#218 = CARTESIAN_POINT ( 'NONE',  ( 0.000000000000000000, 0.000000000000000000, -19.00000000000000000 ) ) ;
#219 = CC_DESIGN_DATE_AND_TIME_ASSIGNMENT ( #8305, #5453, ( #522 ) ) ;
#220 = CARTESIAN_POINT ( 'NONE',  ( -72.11646040325878459, -6.518935316792163981, -10.24996625947285445 ) ) ;
#221 = EDGE_CURVE ( 'NONE', #7840, #9325, #3254, .T. ) ;
#222 = DIRECTION ( 'NONE',  ( 1.644633633764337843E-16, -1.000000000000000000, -3.815187130197125666E-17 ) ) ;
#223 = CARTESIAN_POINT ( 'NONE',  ( -10.32988739728659411, 41.23615325574911594, 13.57939085919597844 ) ) ;
#224 = LOCAL_TIME ( 2, 39, 17.00000000000000000, #7400 ) ;
#225 = CC_DESIGN_SECURITY_CLASSIFICATION ( #7250, ( #9469 ) ) ;
#226 = VERTEX_POINT ( 'NONE', #9442 ) ;
#227 = DIRECTION ( 'NONE',  ( 1.000000000000000000, 6.982962677686266711E-15, 0.000000000000000000 ) ) ;
#228 = ORIENTED_EDGE ( 'NONE', *, *, #4116, .F. ) ;
#229 = DIRECTION ( 'NONE',  ( 1.000000000000000000, 0.000000000000000000, 0.000000000000000000 ) ) ;
#230 = ORIENTED_EDGE ( 'NONE', *, *, #617, .T. ) ;
#231 = CARTESIAN_POINT ( 'NONE',  ( -75.31172425579907781, 0.2777589635784700195, 7.479888939724932406 ) ) ;
#232 = DIRECTION ( 'NONE',  ( 1.000000000000000000, 0.000000000000000000, 0.000000000000000000 ) ) ;
#233 = PLANE ( 'NONE',  #8867 ) ;
#234 = ADVANCED_FACE ( 'NONE', ( #930 ), #6633, .F. ) ;
#235 = LINE ( 'NONE', #1130, #8769 ) ;
#236 = CARTESIAN_POINT ( 'NONE',  ( 54.99999999999766942, -2.341423249310675611E-12, -266.0000000000000000 ) ) ;
#237 = EDGE_LOOP ( 'NONE', ( #377, #3924, #706, #2 ) ) ;
#238 = CYLINDRICAL_SURFACE ( 'NONE', #4139, 27.00000000000000000 ) ;
#239 = CARTESIAN_POINT ( 'NONE',  ( -1.034846896998487198, -4.308965960140244356, -10.24054170931772489 ) ) ;
#240 = PERSON_AND_ORGANIZATION ( #4771, #9338 ) ;
#241 = ADVANCED_FACE ( 'NONE', ( #7499, #66 ), #1559, .T. ) ;
#242 = ITEM_DEFINED_TRANSFORMATION ( 'NONE', 'NONE', #3252,  #8931 ) ;
#243 = CARTESIAN_POINT ( 'NONE',  ( 14.90142369728411431, 34.96149983406734663, 43.87353415279848434 ) ) ;
#244 = DIRECTION ( 'NONE',  ( -0.000000000000000000, -0.000000000000000000, -1.000000000000000000 ) ) ;
#245 = ORIENTED_EDGE ( 'NONE', *, *, #2329, .F. ) ;
#246 = CARTESIAN_POINT ( 'NONE',  ( 72.00000000000000000, 0.000000000000000000, -266.0000000000000000 ) ) ;
#247 = ADVANCED_FACE ( 'NONE', ( #5310 ), #8058, .F. ) ;
#248 = EDGE_CURVE ( 'NONE', #4100, #4597, #4631, .T. ) ;
#249 = ORIENTED_EDGE ( 'NONE', *, *, #1510, .T. ) ;
#250 = CARTESIAN_POINT ( 'NONE',  ( -17.74165276875810804, 33.32482095963141688, -8.999999999999998224 ) ) ;
#251 = COORDINATED_UNIVERSAL_TIME_OFFSET ( 5, 30, .AHEAD. ) ;
#252 = FACE_OUTER_BOUND ( 'NONE', #5631, .T. ) ;
#253 = DIRECTION ( 'NONE',  ( 1.000000000000000000, 0.000000000000000000, -0.000000000000000000 ) ) ;
#254 = EDGE_LOOP ( 'NONE', ( #2494, #4543 ) ) ;
#255 = FACE_OUTER_BOUND ( 'NONE', #5390, .T. ) ;
#256 = UNCERTAINTY_MEASURE_WITH_UNIT (LENGTH_MEASURE( 1.000000000000000082E-05 ), #3451, 'distance_accuracy_value', 'NONE');
#257 = DIRECTION ( 'NONE',  ( -1.000000000000000000, 0.000000000000000000, 0.000000000000000000 ) ) ;
#258 = ORIENTED_EDGE ( 'NONE', *, *, #8371, .F. ) ;
#259 = PLANE ( 'NONE',  #3586 ) ;
#260 = CARTESIAN_POINT ( 'NONE',  ( 17.72660153117763926, 33.61201568122404382, -9.000000000000000000 ) ) ;
#261 = DIRECTION ( 'NONE',  ( 0.9237280213470682178, 0.000000000000000000, -0.3830490080632377725 ) ) ;
#262 = CARTESIAN_POINT ( 'NONE',  ( -42.50000000000000711, 15.00000000000000355, 6.755772121541169462 ) ) ;
#263 = EDGE_LOOP ( 'NONE', ( #84, #1876, #5922, #7350 ) ) ;
#264 = CARTESIAN_POINT ( 'NONE',  ( 0.000000000000000000, 0.000000000000000000, 0.000000000000000000 ) ) ;
#265 = CARTESIAN_POINT ( 'NONE',  ( 33.89087296525136850, -38.89087296526177084, -281.0000000000000000 ) ) ;
#266 = CC_DESIGN_PERSON_AND_ORGANIZATION_ASSIGNMENT ( #4592, #7495, ( #6659 ) ) ;
#267 = CARTESIAN_POINT ( 'NONE',  ( -45.07812899334817303, -13.35275013547102319, 129.0000000000000000 ) ) ;
#268 = ORIENTED_EDGE ( 'NONE', *, *, #8929, .T. ) ;
#269 = CARTESIAN_POINT ( 'NONE',  ( -17.50000000000007105, 0.000000000000000000, 228.0000000000000000 ) ) ;
#270 = ORIENTED_EDGE ( 'NONE', *, *, #5591, .F. ) ;
#271 = CARTESIAN_POINT ( 'NONE',  ( -43.89087296526106030, 38.89087296526176374, -281.0000000000000000 ) ) ;
#272 = FACE_OUTER_BOUND ( 'NONE', #2903, .T. ) ;
#273 = CARTESIAN_POINT ( 'NONE',  ( 28.61817604250839153, -24.99999999999997868, 85.00000000000001421 ) ) ;
#274 = CARTESIAN_POINT ( 'NONE',  ( 0.000000000000000000, -44.00000000000000000, 129.0000000000000000 ) ) ;
#275 = AXIS2_PLACEMENT_3D ( 'NONE', #822, #990, #2952 ) ;
#276 = LINE ( 'NONE', #2516, #3260 ) ;
#277 = EDGE_CURVE ( 'NONE', #2117, #4118, #6576, .T. ) ;
#278 = CARTESIAN_POINT ( 'NONE',  ( -75.31172425579907781, 0.2777589635713955674, -7.479888939724933294 ) ) ;
#279 = ORIENTED_EDGE ( 'NONE', *, *, #7993, .T. ) ;
#280 = DIRECTION ( 'NONE',  ( 0.000000000000000000, -1.000000000000000000, 0.000000000000000000 ) ) ;
#281 = VECTOR ( 'NONE', #948, 1000.000000000000000 ) ;
#282 = VERTEX_POINT ( 'NONE', #8112 ) ;
#283 = CARTESIAN_POINT ( 'NONE',  ( -45.07812899334826540, 13.35275013547070877, -38.00000000000000000 ) ) ;
#284 = PERSON_AND_ORGANIZATION_ROLE ( 'classification_officer' ) ;
#285 = COORDINATED_UNIVERSAL_TIME_OFFSET ( 5, 30, .AHEAD. ) ;
#286 = AXIS2_PLACEMENT_3D ( 'NONE', #6909, #2420, #3102 ) ;
#287 = AXIS2_PLACEMENT_3D ( 'NONE', #9027, #1558, #7543 ) ;
#288 = AXIS2_PLACEMENT_3D ( 'NONE', #5697, #8752, #5230 ) ;
#289 = CARTESIAN_POINT ( 'NONE',  ( 21.26729319956659481, 31.49244885822986006, 34.38311214383653436 ) ) ;
#290 = ADVANCED_FACE ( 'NONE', ( #5108, #5916 ), #7449, .T. ) ;
#291 = FACE_OUTER_BOUND ( 'NONE', #7039, .T. ) ;
#292 = ORIENTED_EDGE ( 'NONE', *, *, #248, .F. ) ;
#293 = CARTESIAN_POINT ( 'NONE',  ( 0.000000000000000000, 0.000000000000000000, 78.00000000000002842 ) ) ;
#294 = VECTOR ( 'NONE', #2656, 1000.000000000000000 ) ;
#295 = AXIS2_PLACEMENT_3D ( 'NONE', #1877, #1918, #9322 ) ;
#296 = CARTESIAN_POINT ( 'NONE',  ( 28.61817604250839153, -24.99999999999997868, 6.755772121541173014 ) ) ;
#297 = PERSON_AND_ORGANIZATION ( #2940, #5543 ) ;
#298 = AXIS2_PLACEMENT_3D ( 'NONE', #3537, #3450, #7834 ) ;
#299 = ITEM_DEFINED_TRANSFORMATION ( 'NONE', 'NONE', #773,  #8931 ) ;
#300 = FACE_OUTER_BOUND ( 'NONE', #7843, .T. ) ;
#301 = EDGE_CURVE ( 'NONE', #2404, #8739, #7299, .T. ) ;
#302 = DIRECTION ( 'NONE',  ( 1.000000000000000000, 0.000000000000000000, 0.000000000000000000 ) ) ;
#303 = AXIS2_PLACEMENT_3D ( 'NONE', #5839, #2884, #2113 ) ;
#304 = ORIENTED_EDGE ( 'NONE', *, *, #1119, .F. ) ;
#305 = DIRECTION ( 'NONE',  ( -1.000000000000000000, -6.938893903907228378E-15, 0.000000000000000000 ) ) ;
#306 = DIRECTION ( 'NONE',  ( 0.000000000000000000, 0.000000000000000000, 1.000000000000000000 ) ) ;
#307 = EDGE_LOOP ( 'NONE', ( #3898, #5271, #2795, #5864 ) ) ;
#308 = FACE_BOUND ( 'NONE', #3376, .T. ) ;
#309 = CARTESIAN_POINT ( 'NONE',  ( -7.999999999999965361, 145.5999999999999943, -6.999999999999999112 ) ) ;
#310 =( LENGTH_UNIT ( ) NAMED_UNIT ( * ) SI_UNIT ( .MILLI., .METRE. ) );
#311 = LOCAL_TIME ( 2, 39, 17.00000000000000000, #7959 ) ;
#312 = AXIS2_PLACEMENT_3D ( 'NONE', #3402, #6344, #7334 ) ;
#313 = CYLINDRICAL_SURFACE ( 'NONE', #1502, 5.000000000000004441 ) ;
#314 = EDGE_CURVE ( 'NONE', #969, #6236, #5824, .T. ) ;
#315 = DIRECTION ( 'NONE',  ( 0.000000000000000000, 0.000000000000000000, 1.000000000000000000 ) ) ;
#316 = EDGE_CURVE ( 'NONE', #6356, #1838, #2288, .T. ) ;
#317 = DIRECTION ( 'NONE',  ( 0.000000000000000000, -1.000000000000000000, 0.000000000000000000 ) ) ;
#318 = ORIENTED_EDGE ( 'NONE', *, *, #2435, .F. ) ;
#319 = DIRECTION ( 'NONE',  ( 1.000000000000000000, 0.000000000000000000, 0.000000000000000000 ) ) ;
#320 = AXIS2_PLACEMENT_3D ( 'NONE', #9354, #1308, #2820 ) ;
#321 = EDGE_LOOP ( 'NONE', ( #1372, #6070, #1637, #4941, #7722, #8629 ) ) ;
#322 = DIRECTION ( 'NONE',  ( 0.000000000000000000, 0.000000000000000000, 1.000000000000000000 ) ) ;
#323 = CARTESIAN_POINT ( 'NONE',  ( -55.00000000000233058, 2.334687691915365203E-12, -266.0000000000000000 ) ) ;
#324 = CARTESIAN_POINT ( 'NONE',  ( 17.75625924325931848, 33.04611282314822773, 9.044228431538293478 ) ) ;
#325 = VECTOR ( 'NONE', #3806, 1000.000000000000000 ) ;
#326 = CARTESIAN_POINT ( 'NONE',  ( 41.81991248433505604, 7.585748801143649800, 20.05167014078764254 ) ) ;
#327 = CARTESIAN_POINT ( 'NONE',  ( 14.90000000000001101, 0.000000000000000000, 0.000000000000000000 ) ) ;
#328 = DIRECTION ( 'NONE',  ( 3.083952846180989787E-16, 1.000000000000000000, -0.000000000000000000 ) ) ;
#329 = ORIENTED_EDGE ( 'NONE', *, *, #5147, .T. ) ;
#330 = CARTESIAN_POINT ( 'NONE',  ( -0.000000000000000000, 0.2777589635784699640, -17.50000000000000000 ) ) ;
#331 =( REPRESENTATION_RELATIONSHIP ('NONE','NONE', #1222, #5525 ) REPRESENTATION_RELATIONSHIP_WITH_TRANSFORMATION ( #4373 )SHAPE_REPRESENTATION_RELATIONSHIP( ) );
#332 = CC_DESIGN_PERSON_AND_ORGANIZATION_ASSIGNMENT ( #5056, #8638, ( #5580 ) ) ;
#333 = EDGE_CURVE ( 'NONE', #6927, #1644, #1499, .T. ) ;
#334 = DATE_AND_TIME ( #6715, #8934 ) ;
#335 = CARTESIAN_POINT ( 'NONE',  ( 21.60395067894043208, 31.26159191144000360, 20.70255028940353981 ) ) ;
#336 = EDGE_LOOP ( 'NONE', ( #8324, #7672, #3664, #6215 ) ) ;
#337 = CARTESIAN_POINT ( 'NONE',  ( 19.44290607720416020, -32.65179570607819670, 15.65279175087160723 ) ) ;
#338 = EDGE_LOOP ( 'NONE', ( #8927, #6686 ) ) ;
#339 = FACE_BOUND ( 'NONE', #7778, .T. ) ;
#340 = DIRECTION ( 'NONE',  ( 0.000000000000000000, 0.000000000000000000, 1.000000000000000000 ) ) ;
#341 = EDGE_CURVE ( 'NONE', #1124, #2714, #7053, .T. ) ;
#342 = DATE_AND_TIME ( #1845, #2005 ) ;
#343 = ITEM_DEFINED_TRANSFORMATION ( 'NONE', 'NONE', #5237,  #8931 ) ;
#344 = CARTESIAN_POINT ( 'NONE',  ( -10.31597939501527605, -41.23131518330558265, 13.60260786444488268 ) ) ;
#345 = CARTESIAN_POINT ( 'NONE',  ( 16.76062507959633052, 39.05553932448154342, 24.76201822146664711 ) ) ;
#346 = ORIENTED_EDGE ( 'NONE', *, *, #3774, .T. ) ;
#347 = DIRECTION ( 'NONE',  ( 1.000000000000000000, 6.938893903907228378E-15, 0.000000000000000000 ) ) ;
#348 = CARTESIAN_POINT ( 'NONE',  ( -22.42237200458066937, -30.67962611924666660, 25.09505245224619330 ) ) ;
#349 = ORIENTED_EDGE ( 'NONE', *, *, #1843, .T. ) ;
#350 = CARTESIAN_POINT ( 'NONE',  ( -7.999999999999965361, 145.5999999999999943, 9.000000000000000000 ) ) ;
#351 = FACE_OUTER_BOUND ( 'NONE', #4298, .T. ) ;
#352 = EDGE_CURVE ( 'NONE', #1264, #8621, #5212, .T. ) ;
#353 = CARTESIAN_POINT ( 'NONE',  ( 765.0258192322586410, -217.5102276301386155, 6.821963233796263459 ) ) ;
#354 = DIRECTION ( 'NONE',  ( 0.000000000000000000, 0.000000000000000000, -1.000000000000000000 ) ) ;
#355 = DIRECTION ( 'NONE',  ( 0.000000000000000000, -2.891205793294678326E-16, -1.000000000000000000 ) ) ;
#356 = CARTESIAN_POINT ( 'NONE',  ( 10.54853077586263232, 170.5777649175917929, 9.000000000000000000 ) ) ;
#357 = ORIENTED_EDGE ( 'NONE', *, *, #6994, .T. ) ;
#358 = LOCAL_TIME ( 2, 39, 17.00000000000000000, #1101 ) ;
#359 = CARTESIAN_POINT ( 'NONE',  ( 29.05792083075651178, -24.48804261140644556, 9.946947166249819006 ) ) ;
#360 = EDGE_LOOP ( 'NONE', ( #1040, #4128, #4367, #2895 ) ) ;
#361 = DIRECTION ( 'NONE',  ( 1.000000000000000000, 0.000000000000000000, 0.000000000000000000 ) ) ;
#362 = CARTESIAN_POINT ( 'NONE',  ( 38.00000000000000000, 30.00000000000000000, 0.000000000000000000 ) ) ;
#363 = MANIFOLD_SOLID_BREP ( 'Cut-Extrude6', #7200 ) ;
#364 = LINE ( 'NONE', #8509, #1355 ) ;
#365 = ADVANCED_FACE ( 'NONE', ( #788 ), #1550, .F. ) ;
#366 = DIRECTION ( 'NONE',  ( 0.000000000000000000, 0.000000000000000000, -1.000000000000000000 ) ) ;
#367 = CIRCLE ( 'NONE', #6034, 2.000000000000000000 ) ;
#368 = EDGE_CURVE ( 'NONE', #5305, #8763, #6285, .T. ) ;
#369 = LOCAL_TIME ( 2, 39, 17.00000000000000000, #4630 ) ;
#370 = CC_DESIGN_APPROVAL ( #8236, ( #5580 ) ) ;
#371 = DIRECTION ( 'NONE',  ( -0.000000000000000000, -0.000000000000000000, -1.000000000000000000 ) ) ;
#372 = ORIENTED_EDGE ( 'NONE', *, *, #7669, .F. ) ;
#373 = LOCAL_TIME ( 2, 39, 17.00000000000000000, #4689 ) ;
#374 = CARTESIAN_POINT ( 'NONE',  ( 0.000000000000000000, 0.000000000000000000, -266.0000000000000000 ) ) ;
#375 = DIRECTION ( 'NONE',  ( 1.000000000000000000, 0.000000000000000000, 0.000000000000000000 ) ) ;
#376 = EDGE_LOOP ( 'NONE', ( #5482, #8149, #9358, #1405 ) ) ;
#377 = ORIENTED_EDGE ( 'NONE', *, *, #9357, .T. ) ;
#378 = DIRECTION ( 'NONE',  ( -0.000000000000000000, -0.000000000000000000, 1.000000000000000000 ) ) ;
#379 = APPROVAL_DATE_TIME ( #3328, #8584 ) ;
#380 = CARTESIAN_POINT ( 'NONE',  ( -36.00586460578346504, -22.58157404334720297, 13.29063381526358967 ) ) ;
#381 = COORDINATED_UNIVERSAL_TIME_OFFSET ( 5, 30, .AHEAD. ) ;
#382 = CARTESIAN_POINT ( 'NONE',  ( 20.16378723653752658, 32.21612907743786280, 37.08946762826116839 ) ) ;
#383 = APPROVAL ( #8820, 'UNKNOWN' ) ;
#384 = PRODUCT_RELATED_PRODUCT_CATEGORY ( 'detail', '', ( #3564 ) ) ;
#385 = CARTESIAN_POINT ( 'NONE',  ( 10.42289423571125084, -36.54415188272434989, 7.056417778187696221 ) ) ;
#386 = EDGE_LOOP ( 'NONE', ( #8988, #4974, #1265, #4534 ) ) ;
#387 = DIRECTION ( 'NONE',  ( -0.000000000000000000, 0.000000000000000000, 1.000000000000000000 ) ) ;
#388 = DIRECTION ( 'NONE',  ( -0.000000000000000000, -0.000000000000000000, 1.000000000000000000 ) ) ;
#389 = PERSON_AND_ORGANIZATION_ROLE ( 'creator' ) ;
#390 = CARTESIAN_POINT ( 'NONE',  ( 2.069844123451367999E-15, -42.50000000000001421, 10.10000000000000142 ) ) ;
#391 = FACE_OUTER_BOUND ( 'NONE', #4182, .T. ) ;
#392 = EDGE_CURVE ( 'NONE', #92, #4562, #913, .T. ) ;
#393 = PLANE ( 'NONE',  #3555 ) ;
#394 = ORIENTED_EDGE ( 'NONE', *, *, #635, .T. ) ;
#395 = PLANE ( 'NONE',  #3594 ) ;
#396 = CARTESIAN_POINT ( 'NONE',  ( 17.82121507509818059, 31.80668171716560266, -9.718098244612432879 ) ) ;
#397 = CARTESIAN_POINT ( 'NONE',  ( 765.0258192322586410, -249.9102276301402981, 46.82196323380105696 ) ) ;
#398 = APPROVAL_DATE_TIME ( #4980, #3054 ) ;
#399 = DIRECTION ( 'NONE',  ( -0.000000000000000000, 0.000000000000000000, 1.000000000000000000 ) ) ;
#400 = CARTESIAN_POINT ( 'NONE',  ( 33.89087296525136850, -38.89087296526177084, -281.0000000000000000 ) ) ;
#401 = DIRECTION ( 'NONE',  ( 0.000000000000000000, 1.000000000000000000, 0.000000000000000000 ) ) ;
#402 = EDGE_CURVE ( 'NONE', #8406, #6029, #2939, .T. ) ;
#403 = CARTESIAN_POINT ( 'NONE',  ( 1.785830992752353685, -0.3565150589815898052, 7.479895906673132089 ) ) ;
#404 = ORIENTED_EDGE ( 'NONE', *, *, #7504, .T. ) ;
#405 = CARTESIAN_POINT ( 'NONE',  ( 38.00000000000000000, 0.000000000000000000, 8.999999999999998224 ) ) ;
#406 = ORIENTED_EDGE ( 'NONE', *, *, #4280, .T. ) ;
#407 = PLANE ( 'NONE',  #4970 ) ;
#408 = MANIFOLD_SOLID_BREP ( 'Fillet3', #1387 ) ;
#409 = CARTESIAN_POINT ( 'NONE',  ( -72.31170643687239874, -5.540826339574355330, 10.24983523256738671 ) ) ;
#410 = PERSON ( 'NAUO-PER8', 'UNSPECIFIED', 'UNSPECIFIED', ('UNSPECIFIED'), ('UNSPECIFIED'), ('UNSPECIFIED') ) ;
#411 = CARTESIAN_POINT ( 'NONE',  ( 0.000000000000000000, 0.000000000000000000, -228.0000000000000000 ) ) ;
#412 = ADVANCED_FACE ( 'NONE', ( #8035 ), #6424, .F. ) ;
#413 = ADVANCED_FACE ( 'NONE', ( #7813, #2995, #7377, #2713, #9292, #2759, #5893, #1471, #8586 ), #7102, .T. ) ;
#414 = DIRECTION ( 'NONE',  ( 1.000000000000000000, 0.000000000000000000, 0.000000000000000000 ) ) ;
#415 = ORIENTED_EDGE ( 'NONE', *, *, #1941, .T. ) ;
#416 = CARTESIAN_POINT ( 'NONE',  ( 34.31349936112017929, 16.34998053113921301, 17.29078751935186986 ) ) ;
#417 = CARTESIAN_POINT ( 'NONE',  ( -27.00000000000030909, 43.99999999999980815, -53.00000000000000000 ) ) ;
#418 = DIRECTION ( 'NONE',  ( 1.000000000000000000, 0.000000000000000000, 0.000000000000000000 ) ) ;
#419 = CARTESIAN_POINT ( 'NONE',  ( -35.21097840482691055, -23.80142751893396635, 11.52242660349225467 ) ) ;
#420 = AXIS2_PLACEMENT_3D ( 'NONE', #6842, #5940, #3212 ) ;
#421 = ORIENTED_EDGE ( 'NONE', *, *, #9075, .T. ) ;
#422 = APPROVAL_DATE_TIME ( #4763, #5145 ) ;
#423 = MANIFOLD_SOLID_BREP ( 'Boss-Extrude5', #1866 ) ;
#424 = CARTESIAN_POINT ( 'NONE',  ( 0.000000000000000000, 0.000000000000000000, 82.59999999999999432 ) ) ;
#425 = EDGE_CURVE ( 'NONE', #2439, #3179, #9208, .T. ) ;
#426 = VECTOR ( 'NONE', #4921, 1000.000000000000000 ) ;
#427 = CARTESIAN_POINT ( 'NONE',  ( 16.95055246686620265, -34.02856455862980312, 12.13331125097527163 ) ) ;
#428 = ORIENTED_EDGE ( 'NONE', *, *, #8982, .F. ) ;
#429 = B_SPLINE_CURVE_WITH_KNOTS ( 'NONE', 3,
 ( #983, #3303, #1799, #216, #2544, #5538, #8312, #6929, #1078, #3204, #3935, #1711, #1760, #6063, #1027, #6194, #5361, #5492, #8263, #9160, #6837, #5461, #8355, #7636, #4028, #348, #9119, #2580, #1112, #6975, #2633, #1983, #2034, #2674, #574, #9347, #2764, #2812, #7142, #2856, #5755, #4913, #2125, #4862, #5581, #5669, #3390, #5712, #7817, #490, #2715, #5052, #1252, #7955, #3521, #6429, #3568, #4205, #7106, #534, #1340, #1937 ),
 .UNSPECIFIED., .F., .F.,
 ( 4, 2, 2, 2, 2, 2, 2, 2, 2, 2, 2, 2, 2, 2, 2, 2, 2, 2, 2, 2, 2, 2, 2, 2, 2, 2, 2, 2, 2, 2, 4 ),
 ( 3.188013654823740091E-19, 0.004508049254661930516, 0.006762073881992895774, 0.009016098509323859297, 0.01352414776398579155, 0.01577817239131675334, 0.01803219701864772206, 0.02028622164597868732, 0.02254024627330965605, 0.02704829552797158310, 0.02930232015530254489, 0.03155634478263350667, 0.03381036940996447887, 0.03493738172362995109, 0.03606439403729543025, 0.04057244329195733301, 0.04169945560562281911, 0.04282646791928829827, 0.04508049254661928434, 0.04733451717395026348, 0.04958854180128124262, 0.05409659105594320783, 0.05635061568327418002, 0.05860464031060516610, 0.06311268956526711049, 0.06423970187893258965, 0.06536671419259808269, 0.06762073881992904101, 0.06987476344725999933, 0.07100177576092549236, 0.07212878807459097152 ),
 .UNSPECIFIED. ) ;
#430 = PLANE ( 'NONE',  #153 ) ;
#431 = CARTESIAN_POINT ( 'NONE',  ( -17.82112576616430388, 31.80838583314034906, -9.716406238759264014 ) ) ;
#432 = AXIS2_PLACEMENT_3D ( 'NONE', #8502, #4170, #7772 ) ;
#433 = VECTOR ( 'NONE', #2853, 1000.000000000000000 ) ;
#434 = APPLICATION_PROTOCOL_DEFINITION ( 'international standard', 'config_control_design', 1994, #7891 ) ;
#435 = CIRCLE ( 'NONE', #5194, 22.49999999999999645 ) ;
#436 = AXIS2_PLACEMENT_3D ( 'NONE', #894, #1524, #8956 ) ;
#437 = DIRECTION ( 'NONE',  ( 1.000000000000000000, 0.000000000000000000, 0.000000000000000000 ) ) ;
#438 = CARTESIAN_POINT ( 'NONE',  ( 8.968605509298088307, 41.54553331720650533, 12.66564114533782970 ) ) ;
#439 = VECTOR ( 'NONE', #5569, 1000.000000000000000 ) ;
#440 = AXIS2_PLACEMENT_3D ( 'NONE', #8793, #1455, #6739 ) ;
#441 = ORIENTED_EDGE ( 'NONE', *, *, #64, .T. ) ;
#442 = DIRECTION ( 'NONE',  ( 0.000000000000000000, 0.000000000000000000, 1.000000000000000000 ) ) ;
#443 = CIRCLE ( 'NONE', #7496, 7.999999999999983125 ) ;
#444 = ORIENTED_EDGE ( 'NONE', *, *, #2942, .F. ) ;
#445 = CARTESIAN_POINT ( 'NONE',  ( -35.97218616788389767, -12.37323727864555245, 18.85351424219990690 ) ) ;
#446 = DIRECTION ( 'NONE',  ( -0.000000000000000000, -0.000000000000000000, -1.000000000000000000 ) ) ;
#447 = APPROVAL_STATUS ( 'not_yet_approved' ) ;
#448 = CC_DESIGN_DATE_AND_TIME_ASSIGNMENT ( #4806, #4849, ( #4812 ) ) ;
#449 = SECURITY_CLASSIFICATION_LEVEL ( 'unclassified' ) ;
#450 = EDGE_CURVE ( 'NONE', #1580, #6115, #4202, .T. ) ;
#451 = CIRCLE ( 'NONE', #2919, 2.000000000000000000 ) ;
#452 = CIRCLE ( 'NONE', #9316, 42.50000000000000711 ) ;
#453 = DIRECTION ( 'NONE',  ( -3.083952846180989787E-16, -1.000000000000000000, 0.000000000000000000 ) ) ;
#454 = ORIENTED_EDGE ( 'NONE', *, *, #4116, .T. ) ;
#455 = PRODUCT_DEFINITION_SHAPE ( 'NONE', 'NONE',  #9458 ) ;
#456 = DIRECTION ( 'NONE',  ( 0.000000000000000000, 0.000000000000000000, 1.000000000000000000 ) ) ;
#457 = AXIS2_PLACEMENT_3D ( 'NONE', #2318, #5332, #8230 ) ;
#458 = CARTESIAN_POINT ( 'NONE',  ( -36.00000000000000000, -2.469779279197751362E-13, -152.0000000000000000 ) ) ;
#459 = ORIENTED_EDGE ( 'NONE', *, *, #1166, .T. ) ;
#460 = ORIENTED_EDGE ( 'NONE', *, *, #3850, .F. ) ;
#461 = CARTESIAN_POINT ( 'NONE',  ( 32.31098884280702777, -19.99999999999999645, 15.41602615938555410 ) ) ;
#462 = AXIS2_PLACEMENT_3D ( 'NONE', #3242, #1645, #7586 ) ;
#463 = ORIENTED_EDGE ( 'NONE', *, *, #2375, .T. ) ;
#464 = CARTESIAN_POINT ( 'NONE',  ( -72.06617275178625448, -6.770804553812067361, 10.25000000000004441 ) ) ;
#465 = LOCAL_TIME ( 2, 39, 17.00000000000000000, #4814 ) ;
#466 = CIRCLE ( 'NONE', #1227, 42.50000000000000711 ) ;
#467 = EDGE_CURVE ( 'NONE', #826, #4872, #4175, .T. ) ;
#468 = LOCAL_TIME ( 2, 39, 17.00000000000000000, #3280 ) ;
#469 = AXIS2_PLACEMENT_3D ( 'NONE', #2188, #4504, #6733 ) ;
#470 = CARTESIAN_POINT ( 'NONE',  ( 35.99999999999968736, 44.00000000000024869, -152.0000000000000000 ) ) ;
#471 = ORIENTED_EDGE ( 'NONE', *, *, #3160, .T. ) ;
#472 = CARTESIAN_POINT ( 'NONE',  ( 35.36929427126675307, 13.99876529731967345, 18.28407628080324798 ) ) ;
#473 = DIRECTION ( 'NONE',  ( 1.000000000000000000, -3.083952846180989787E-16, 0.000000000000000000 ) ) ;
#474 = VERTEX_POINT ( 'NONE', #8490 ) ;
#475 = CARTESIAN_POINT ( 'NONE',  ( -16.15824077874042075, 185.5423739048267464, 19.00000000000000000 ) ) ;
#476 = CARTESIAN_POINT ( 'NONE',  ( -37.11123950955696671, -20.72892591958067499, 14.99518058349634941 ) ) ;
#477 = ORIENTED_EDGE ( 'NONE', *, *, #2385, .T. ) ;
#478 = EDGE_CURVE ( 'NONE', #4810, #9238, #945, .T. ) ;
#479 = AXIS2_PLACEMENT_3D ( 'NONE', #6449, #26, #6396 ) ;
#480 = CARTESIAN_POINT ( 'NONE',  ( 49.99999999999419487, -2.340810925911101204E-12, -281.0000000000000000 ) ) ;
#481 = CARTESIAN_POINT ( 'NONE',  ( 19.47431003643073311, -32.64347701028633253, 38.36052983937781846 ) ) ;
#482 = CIRCLE ( 'NONE', #8294, 25.00000000000000000 ) ;
#483 = ORIENTED_EDGE ( 'NONE', *, *, #4781, .T. ) ;
#484 = CARTESIAN_POINT ( 'NONE',  ( -45.07812899334817303, -13.35275013547102319, -167.0000000000000000 ) ) ;
#485 = LINE ( 'NONE', #3426, #3142 ) ;
#486 = EDGE_CURVE ( 'NONE', #5516, #4350, #6772, .T. ) ;
#487 = DATE_AND_TIME ( #8442, #465 ) ;
#488 = EDGE_CURVE ( 'NONE', #5540, #3956, #955, .T. ) ;
#489 = CARTESIAN_POINT ( 'NONE',  ( 36.22009813564157099, -11.52747429810520963, 19.08805027612459071 ) ) ;
#490 = CARTESIAN_POINT ( 'NONE',  ( -8.410801624484186334, -37.05916267738165004, 47.87212959651564859 ) ) ;
#491 = EDGE_LOOP ( 'NONE', ( #1561, #5827, #2675, #1004 ) ) ;
#492 = LINE ( 'NONE', #8634, #1913 ) ;
#493 = CARTESIAN_POINT ( 'NONE',  ( 1.430435784281101519, -5.985301605786899515, 7.499879438463661785 ) ) ;
#494 = DATE_AND_TIME ( #4301, #6771 ) ;
#495 = DATE_TIME_ROLE ( 'classification_date' ) ;
#496 = LINE ( 'NONE', #2641, #4591 ) ;
#497 = CARTESIAN_POINT ( 'NONE',  ( 0.000000000000000000, -22.00000000000000355, 4.499999999999997335 ) ) ;
#498 = LINE ( 'NONE', #2723, #5640 ) ;
#499 = DIRECTION ( 'NONE',  ( -0.000000000000000000, -1.000000000000000000, 0.000000000000000000 ) ) ;
#500 = ORIENTED_EDGE ( 'NONE', *, *, #5245, .T. ) ;
#501 = ORIENTED_EDGE ( 'NONE', *, *, #7479, .T. ) ;
#502 = EDGE_CURVE ( 'NONE', #4721, #1267, #189, .T. ) ;
#503 = DIRECTION ( 'NONE',  ( 1.000000000000000000, 0.000000000000000000, 0.000000000000000000 ) ) ;
#504 = ORIENTED_EDGE ( 'NONE', *, *, #1997, .F. ) ;
#505 = CYLINDRICAL_SURFACE ( 'NONE', #298, 16.89999999999999858 ) ;
#506 = LOCAL_TIME ( 2, 39, 17.00000000000000000, #1011 ) ;
#507 =( REPRESENTATION_RELATIONSHIP ('NONE','NONE', #1222, #5525 ) REPRESENTATION_RELATIONSHIP_WITH_TRANSFORMATION ( #7221 )SHAPE_REPRESENTATION_RELATIONSHIP( ) );
#508 = CC_DESIGN_APPROVAL ( #4742, ( #1272 ) ) ;
#509 = CARTESIAN_POINT ( 'NONE',  ( -63.76294694533463314, 0.2777589635784699640, -17.50000000000000000 ) ) ;
#510 = ORIENTED_EDGE ( 'NONE', *, *, #531, .T. ) ;
#511 = DIRECTION ( 'NONE',  ( -0.000000000000000000, -0.000000000000000000, -1.000000000000000000 ) ) ;
#512 = EDGE_CURVE ( 'NONE', #5818, #2047, #6707, .T. ) ;
#513 = DIRECTION ( 'NONE',  ( 3.083952846180989787E-16, 1.000000000000000000, 0.000000000000000000 ) ) ;
#514 = ORIENTED_EDGE ( 'NONE', *, *, #7327, .F. ) ;
#515 = CARTESIAN_POINT ( 'NONE',  ( -42.50000000000000711, 0.000000000000000000, 4.299999999999999822 ) ) ;
#516 = CARTESIAN_POINT ( 'NONE',  ( 8.960149510242519710, -41.54738196321354593, 12.66026319656410237 ) ) ;
#517 = ORGANIZATION ( 'NAUO-ORG10', 'UNSPECIFIED', 'UNSPECIFIED' ) ;
#518 = EDGE_LOOP ( 'NONE', ( #4564, #5564, #346, #3714 ) ) ;
#519 = PERSON_AND_ORGANIZATION ( #3399, #2057 ) ;
#520 = B_SPLINE_CURVE_WITH_KNOTS ( 'NONE', 1,
 ( #6055, #3157 ),
 .UNSPECIFIED., .F., .F.,
 ( 2, 2 ),
 ( 0.000000000000000000, 1.000000000000000000 ),
 .UNSPECIFIED. ) ;
#521 = CARTESIAN_POINT ( 'NONE',  ( 3.760271519742584445, 37.82063309363124404, 4.803945634802063047 ) ) ;
#522 = SECURITY_CLASSIFICATION ( '', '', #3198 ) ;
#523 = APPROVAL_PERSON_ORGANIZATION ( #7824, #1316, #1943 ) ;
#524 = DIRECTION ( 'NONE',  ( -1.000000000000000000, 0.000000000000000000, 0.000000000000000000 ) ) ;
#525 = ADVANCED_FACE ( 'NONE', ( #903 ), #7470, .F. ) ;
#526 = CARTESIAN_POINT ( 'NONE',  ( 9.092450171621431210, -36.89784804714501121, 6.415648649886721344 ) ) ;
#527 = LINE ( 'NONE', #8440, #4155 ) ;
#528 = LINE ( 'NONE', #6279, #1113 ) ;
#529 = APPROVAL_DATE_TIME ( #7897, #7656 ) ;
#530 = FACE_OUTER_BOUND ( 'NONE', #9008, .T. ) ;
#531 = EDGE_CURVE ( 'NONE', #5756, #5647, #90, .T. ) ;
#532 = EDGE_CURVE ( 'NONE', #6026, #2790, #6036, .T. ) ;
#533 = EDGE_LOOP ( 'NONE', ( #7119, #6100, #1948, #3143 ) ) ;
#534 = CARTESIAN_POINT ( 'NONE',  ( -0.7637991518927056411, -37.99421625869697294, 49.49023589897599607 ) ) ;
#535 = ORIENTED_EDGE ( 'NONE', *, *, #6052, .F. ) ;
#536 = DIRECTION ( 'NONE',  ( 1.000000000000000000, 0.000000000000000000, 0.000000000000000000 ) ) ;
#537 = CARTESIAN_POINT ( 'NONE',  ( -1.459721138882899227, -6.770804553811476723, 10.24999999999978328 ) ) ;
#538 = DATE_TIME_ROLE ( 'creation_date' ) ;
#539 = APPROVAL_ROLE ( '' ) ;
#540 = DIRECTION ( 'NONE',  ( 1.000000000000000000, 0.000000000000000000, 0.000000000000000000 ) ) ;
#541 = DIRECTION ( 'NONE',  ( 0.000000000000000000, 0.000000000000000000, 1.000000000000000000 ) ) ;
#542 = CARTESIAN_POINT ( 'NONE',  ( -5.000000000009500845, -55.00000000000000000, -281.0000000000000000 ) ) ;
#543 = ORIENTED_EDGE ( 'NONE', *, *, #6078, .F. ) ;
#544 = ORIENTED_EDGE ( 'NONE', *, *, #5920, .F. ) ;
#545 = EDGE_LOOP ( 'NONE', ( #3350, #459, #6952, #9266 ) ) ;
#546 = CARTESIAN_POINT ( 'NONE',  ( -0.8128456743159644393, -1.639790346337640647, -10.22650809033365604 ) ) ;
#547 = ORIENTED_EDGE ( 'NONE', *, *, #823, .T. ) ;
#548 = CARTESIAN_POINT ( 'NONE',  ( 22.49999999999999645, 201.1999999999999886, 19.00000000000000000 ) ) ;
#549 = PRODUCT_DEFINITION ( 'UNKNOWN', '', #819, #1504 ) ;
#550 = CARTESIAN_POINT ( 'NONE',  ( -1.136085443335335565, -4.893431359507236955, 10.24417555677274372 ) ) ;
#551 = ORIENTED_EDGE ( 'NONE', *, *, #8097, .T. ) ;
#552 = CARTESIAN_POINT ( 'NONE',  ( 37.87033828749789421, 3.626361130935535471, 20.65176774809820159 ) ) ;
#553 = CARTESIAN_POINT ( 'NONE',  ( 0.000000000000000000, -44.00000000000000000, -167.0000000000000000 ) ) ;
#554 = ORIENTED_EDGE ( 'NONE', *, *, #3248, .F. ) ;
#555 = DIRECTION ( 'NONE',  ( -0.000000000000000000, -0.000000000000000000, 1.000000000000000000 ) ) ;
#556 = CARTESIAN_POINT ( 'NONE',  ( 0.000000000000000000, -44.00000000000000000, 114.0000000000000000 ) ) ;
#557 = ORIENTED_EDGE ( 'NONE', *, *, #8910, .T. ) ;
#558 = DATE_AND_TIME ( #4095, #5572 ) ;
#559 = CC_DESIGN_DATE_AND_TIME_ASSIGNMENT ( #4951, #8487, ( #2272 ) ) ;
#560 = ADVANCED_FACE ( 'NONE', ( #5286 ), #8189, .F. ) ;
#561 = DIRECTION ( 'NONE',  ( -0.000000000000000000, -0.000000000000000000, -1.000000000000000000 ) ) ;
#562 = CARTESIAN_POINT ( 'NONE',  ( 0.000000000000000000, -44.00000000000000000, -213.0000000000000000 ) ) ;
#563 = CARTESIAN_POINT ( 'NONE',  ( -36.00000000000029843, 43.99999999999974420, 190.0000000000000000 ) ) ;
#564 = AXIS2_PLACEMENT_3D ( 'NONE', #4490, #866, #7388 ) ;
#565 = EDGE_LOOP ( 'NONE', ( #2452, #5820 ) ) ;
#566 = DIRECTION ( 'NONE',  ( 0.000000000000000000, 0.000000000000000000, -1.000000000000000000 ) ) ;
#567 = DATE_AND_TIME ( #1194, #6321 ) ;
#568 = EDGE_CURVE ( 'NONE', #728, #5378, #7532, .T. ) ;
#569 = CIRCLE ( 'NONE', #3355, 5.000000000000000000 ) ;
#570 = CARTESIAN_POINT ( 'NONE',  ( 35.99999999999999289, -44.00000000000000000, -213.0000000000000000 ) ) ;
#571 = DIRECTION ( 'NONE',  ( 3.083952846180989787E-16, 1.000000000000000000, -0.000000000000000000 ) ) ;
#572 = DIRECTION ( 'NONE',  ( 0.000000000000000000, 0.000000000000000000, -1.000000000000000000 ) ) ;
#573 = ORIENTED_EDGE ( 'NONE', *, *, #4317, .F. ) ;
#574 = CARTESIAN_POINT ( 'NONE',  ( -21.60395067894042853, -31.26159191144000360, 33.29744971059645309 ) ) ;
#575 = AXIS2_PLACEMENT_3D ( 'NONE', #1259, #5158, #540 ) ;
#576 = EDGE_LOOP ( 'NONE', ( #139, #5954 ) ) ;
#577 = CARTESIAN_POINT ( 'NONE',  ( -33.93889517781273923, -17.11288907420656003, 16.93893968531582672 ) ) ;
#578 = FACE_BOUND ( 'NONE', #237, .T. ) ;
#579 = PERSON_AND_ORGANIZATION ( #2940, #5543 ) ;
#580 = PERSON_AND_ORGANIZATION ( #6338, #3006 ) ;
#581 = EDGE_CURVE ( 'NONE', #9404, #1264, #2950, .T. ) ;
#582 = LINE ( 'NONE', #2965, #5035 ) ;
#583 = CIRCLE ( 'NONE', #286, 7.999999999999983125 ) ;
#584 = CARTESIAN_POINT ( 'NONE',  ( 8.000000000000000000, 145.5999999999999943, -9.000000000000000000 ) ) ;
#585 = VECTOR ( 'NONE', #3775, 1000.000000000000000 ) ;
#586 = CARTESIAN_POINT ( 'NONE',  ( 45.07812899334817303, -13.35275013547102319, -167.0000000000000000 ) ) ;
#587 = AXIS2_PLACEMENT_3D ( 'NONE', #5379, #3801, #5472 ) ;
#588 = EDGE_LOOP ( 'NONE', ( #1887, #4157, #9309, #7124 ) ) ;
#589 = AXIS2_PLACEMENT_3D ( 'NONE', #7076, #2513, #9223 ) ;
#590 = ORIENTED_EDGE ( 'NONE', *, *, #1752, .F. ) ;
#591 = DIRECTION ( 'NONE',  ( 1.000000000000000000, 0.000000000000000000, -0.000000000000000000 ) ) ;
#592 = PLANE ( 'NONE',  #8398 ) ;
#593 = CIRCLE ( 'NONE', #1842, 22.50000000000000355 ) ;
#594 = SHAPE_REPRESENTATION_RELATIONSHIP ( 'NONE' , 'NONE' ,  #3210, #2140 ) ;
#595 = EDGE_CURVE ( 'NONE', #1358, #4540, #276, .T. ) ;
#596 = EDGE_CURVE ( 'NONE', #4350, #5516, #5545, .T. ) ;
#597 = CIRCLE ( 'NONE', #2626, 39.50000000000000711 ) ;
#598 = CARTESIAN_POINT ( 'NONE',  ( -16.35051354099408272, 39.22967142166459098, 22.58356463107632806 ) ) ;
#599 = AXIS2_PLACEMENT_3D ( 'NONE', #9426, #5141, #6669 ) ;
#600 = CARTESIAN_POINT ( 'NONE',  ( 63.46176972075376455, -48.70938086149337209, 76.00000000000000000 ) ) ;
#601 = ORIENTED_EDGE ( 'NONE', *, *, #6111, .F. ) ;
#602 = CARTESIAN_POINT ( 'NONE',  ( 16.23705305466553028, -37.77160273854919126, -7.500000000000283329 ) ) ;
#603 = DIRECTION ( 'NONE',  ( 0.000000000000000000, 1.000000000000000000, 0.000000000000000000 ) ) ;
#604 = PRODUCT_DEFINITION_FORMATION_WITH_SPECIFIED_SOURCE ( 'ANY', '', #2111, .NOT_KNOWN. ) ;
#605 = ORIENTED_EDGE ( 'NONE', *, *, #3712, .T. ) ;
#606 = CYLINDRICAL_SURFACE ( 'NONE', #2463, 36.00000000000000711 ) ;
#607 = CARTESIAN_POINT ( 'NONE',  ( -3.072503578181957353E-13, 44.00000000000000000, -53.00000000000000000 ) ) ;
#608 = ORIENTED_EDGE ( 'NONE', *, *, #6395, .F. ) ;
#609 = CALENDAR_DATE ( 2026, 3, 10 ) ;
#610 = AXIS2_PLACEMENT_3D ( 'NONE', #6588, #24, #8944 ) ;
#611 = VECTOR ( 'NONE', #6865, 999.9999999999998863 ) ;
#612 = CARTESIAN_POINT ( 'NONE',  ( 0.7637991518927084167, 37.99421625869697294, 4.509764101024012817 ) ) ;
#613 = LINE ( 'NONE', #3605, #3097 ) ;
#614 = CARTESIAN_POINT ( 'NONE',  ( 45.07812899334817303, -13.35275013547102319, 114.0000000000000000 ) ) ;
#615 = CYLINDRICAL_SURFACE ( 'NONE', #5384, 79.99999999999998579 ) ;
#616 = APPROVAL ( #8159, 'UNKNOWN' ) ;
#617 = EDGE_CURVE ( 'NONE', #5647, #2843, #7753, .T. ) ;
#618 = AXIS2_PLACEMENT_3D ( 'NONE', #5709, #1532, #1250 ) ;
#619 = DATE_AND_TIME ( #3718, #7556 ) ;
#620 = CARTESIAN_POINT ( 'NONE',  ( -14.62710037098292126, -39.90458641983848054, 35.48315661678782362 ) ) ;
#621 = VECTOR ( 'NONE', #4297, 1000.000000000000000 ) ;
#622 = VERTEX_POINT ( 'NONE', #6258 ) ;
#623 = EDGE_CURVE ( 'NONE', #7487, #2440, #7362, .T. ) ;
#624 = CARTESIAN_POINT ( 'NONE',  ( 0.000000000000000000, 0.000000000000000000, 10.99999999999999822 ) ) ;
#625 = ORIENTED_EDGE ( 'NONE', *, *, #3635, .T. ) ;
#626 = DIRECTION ( 'NONE',  ( -1.000000000000000000, -6.938893903907228378E-15, 0.000000000000000000 ) ) ;
#627 = PLANE ( 'NONE',  #8704 ) ;
#628 = APPROVAL_ROLE ( '' ) ;
#629 = FACE_OUTER_BOUND ( 'NONE', #8777, .T. ) ;
#630 = CARTESIAN_POINT ( 'NONE',  ( 0.000000000000000000, -22.00000000000000355, 27.00000000000000000 ) ) ;
#631 = CARTESIAN_POINT ( 'NONE',  ( -30.57681027001822471, -22.57409901008935194, 13.33774395383518474 ) ) ;
#632 = ORIENTED_EDGE ( 'NONE', *, *, #9002, .T. ) ;
#633 = EDGE_LOOP ( 'NONE', ( #5133, #7904 ) ) ;
#634 = DESIGN_CONTEXT ( 'detailed design', #5904, 'design' ) ;
#635 = EDGE_CURVE ( 'NONE', #8830, #2776, #2200, .T. ) ;
#636 = DIRECTION ( 'NONE',  ( 0.000000000000000000, 0.000000000000000000, 1.000000000000000000 ) ) ;
#637 = EDGE_LOOP ( 'NONE', ( #9127, #5905 ) ) ;
#638 = DIRECTION ( 'NONE',  ( -1.000000000000000000, 0.000000000000000000, 0.000000000000000000 ) ) ;
#639 = DIRECTION ( 'NONE',  ( 0.000000000000000000, -1.000000000000000000, 0.000000000000000000 ) ) ;
#640 =( LENGTH_UNIT ( ) NAMED_UNIT ( * ) SI_UNIT ( .MILLI., .METRE. ) );
#641 = CARTESIAN_POINT ( 'NONE',  ( -16.90033395861434329, 38.99523960975547965, 26.45239110889924206 ) ) ;
#642 = ORIENTED_EDGE ( 'NONE', *, *, #6053, .T. ) ;
#643 = EDGE_CURVE ( 'NONE', #4627, #6665, #8437, .T. ) ;
#644 = DIRECTION ( 'NONE',  ( -0.000000000000000000, 0.000000000000000000, 1.000000000000000000 ) ) ;
#645 = EDGE_CURVE ( 'NONE', #5114, #3753, #4635, .T. ) ;
#646 = EDGE_LOOP ( 'NONE', ( #714, #3206, #8948, #1623 ) ) ;
#647 = LINE ( 'NONE', #2108, #6879 ) ;
#648 = CARTESIAN_POINT ( 'NONE',  ( -42.38615260888671088, -3.588765813214685352, 20.65411061036046902 ) ) ;
#649 = VERTEX_POINT ( 'NONE', #5690 ) ;
#650 = DATE_AND_TIME ( #609, #4067 ) ;
#651 = LOCAL_TIME ( 2, 39, 17.00000000000000000, #6557 ) ;
#652 = DIRECTION ( 'NONE',  ( 0.000000000000000000, 0.000000000000000000, 1.000000000000000000 ) ) ;
#653 = CIRCLE ( 'NONE', #2996, 16.89999999999999503 ) ;
#654 = CARTESIAN_POINT ( 'NONE',  ( 1.725022993852668420E-14, 145.5999999999999943, -4.999999999999999112 ) ) ;
#655 = CARTESIAN_POINT ( 'NONE',  ( 38.00000000000000000, 30.00000000000000000, 0.000000000000000000 ) ) ;
#656 = CARTESIAN_POINT ( 'NONE',  ( 0.000000000000000000, 0.000000000000000000, 20.00000000000000000 ) ) ;
#657 = ORIENTED_EDGE ( 'NONE', *, *, #5990, .T. ) ;
#658 = CARTESIAN_POINT ( 'NONE',  ( -75.31990094651716561, -0.6736080320781643316, -7.479188832496044270 ) ) ;
#659 = DATE_TIME_ROLE ( 'creation_date' ) ;
#660 = CIRCLE ( 'NONE', #6037, 27.00000000000000000 ) ;
#661 = SECURITY_CLASSIFICATION ( '', '', #6730 ) ;
#662 = CC_DESIGN_APPROVAL ( #3054, ( #4821 ) ) ;
#663 = CARTESIAN_POINT ( 'NONE',  ( -11.56789100576306950, -40.89739481404162547, 39.33265473215580954 ) ) ;
#664 = CC_DESIGN_DATE_AND_TIME_ASSIGNMENT ( #6044, #2421, ( #2071 ) ) ;
#665 = EDGE_CURVE ( 'NONE', #3218, #5776, #5825, .T. ) ;
#666 = DIRECTION ( 'NONE',  ( 0.000000000000000000, 0.000000000000000000, 1.000000000000000000 ) ) ;
#667 = ORIENTED_EDGE ( 'NONE', *, *, #512, .F. ) ;
#668 = LOCAL_TIME ( 2, 39, 17.00000000000000000, #721 ) ;
#669 = CARTESIAN_POINT ( 'NONE',  ( 38.00000000000000000, 0.000000000000000000, 0.000000000000000000 ) ) ;
#670 = ORIENTED_EDGE ( 'NONE', *, *, #1722, .T. ) ;
#671 = DIRECTION ( 'NONE',  ( 1.000000000000000000, 0.000000000000000000, 0.000000000000000000 ) ) ;
#672 = CARTESIAN_POINT ( 'NONE',  ( -72.37485227113425879, -4.994079895589035978, 10.24468859587964076 ) ) ;
#673 = APPROVAL_ROLE ( '' ) ;
#674 = APPROVAL_DATE_TIME ( #4445, #7705 ) ;
#675 = DIRECTION ( 'NONE',  ( 0.000000000000000000, 0.000000000000000000, 1.000000000000000000 ) ) ;
#676 = EDGE_CURVE ( 'NONE', #682, #897, #2501, .T. ) ;
#677 = CARTESIAN_POINT ( 'NONE',  ( -45.07812899334817303, -13.35275013547102319, 129.0000000000000000 ) ) ;
#678 = CARTESIAN_POINT ( 'NONE',  ( -30.17675639024149348, -23.10183176285253026, 12.68201994043567815 ) ) ;
#679 = EDGE_LOOP ( 'NONE', ( #8384, #4383, #1724, #7249 ) ) ;
#680 = ORIENTED_EDGE ( 'NONE', *, *, #125, .F. ) ;
#681 = CARTESIAN_POINT ( 'NONE',  ( -1.151041619494141965, -4.994079895313068285, -10.24468859587816993 ) ) ;
#682 = VERTEX_POINT ( 'NONE', #7259 ) ;
#683 = APPLICATION_CONTEXT ( 'configuration controlled 3d designs of mechanical parts and assemblies' ) ;
#684 = DIRECTION ( 'NONE',  ( 1.000000000000000000, 0.000000000000000000, 0.000000000000000000 ) ) ;
#685 = DIRECTION ( 'NONE',  ( 1.000000000000000000, 0.000000000000000000, 0.000000000000000000 ) ) ;
#686 = DIRECTION ( 'NONE',  ( -1.110223024625156540E-16, 1.000000000000000222, 0.000000000000000000 ) ) ;
#687 = CARTESIAN_POINT ( 'NONE',  ( -16.76158849536573925, 39.05512538176294157, 24.76939016471365207 ) ) ;
#688 = EDGE_CURVE ( 'NONE', #3956, #474, #1871, .T. ) ;
#689 = DIRECTION ( 'NONE',  ( -1.000000000000000000, 1.224646799147353207E-16, 0.000000000000000000 ) ) ;
#690 = CARTESIAN_POINT ( 'NONE',  ( -0.9902048346233478515, -3.765642896865125433, 10.23761322314948075 ) ) ;
#691 = ORIENTED_EDGE ( 'NONE', *, *, #3202, .T. ) ;
#692 = DIRECTION ( 'NONE',  ( -0.000000000000000000, -0.000000000000000000, 1.000000000000000000 ) ) ;
#693 = DIRECTION ( 'NONE',  ( -0.000000000000000000, -1.000000000000000000, 0.000000000000000000 ) ) ;
#694 = ORIENTED_EDGE ( 'NONE', *, *, #1787, .F. ) ;
#695 = DIRECTION ( 'NONE',  ( -0.000000000000000000, -0.000000000000000000, 1.000000000000000000 ) ) ;
#696 = FACE_OUTER_BOUND ( 'NONE', #8685, .T. ) ;
#697 = ORIENTED_EDGE ( 'NONE', *, *, #6111, .T. ) ;
#698 = CARTESIAN_POINT ( 'NONE',  ( -17.78449077871800910, 32.50742303615641760, -9.233281589822283308 ) ) ;
#699 = DATE_AND_TIME ( #3759, #2536 ) ;
#700 = EDGE_CURVE ( 'NONE', #58, #897, #2923, .T. ) ;
#701 = EDGE_CURVE ( 'NONE', #1823, #4873, #798, .T. ) ;
#702 = CARTESIAN_POINT ( 'NONE',  ( -0.7629469453346304775, 0.2777589635784699640, -10.22250535117751724 ) ) ;
#703 = DIRECTION ( 'NONE',  ( 1.000000000000000000, 6.938893903907228378E-15, 0.000000000000000000 ) ) ;
#704 = VERTEX_POINT ( 'NONE', #1770 ) ;
#705 = DIRECTION ( 'NONE',  ( 0.000000000000000000, 0.000000000000000000, 1.000000000000000000 ) ) ;
#706 = ORIENTED_EDGE ( 'NONE', *, *, #2763, .T. ) ;
#707 = CARTESIAN_POINT ( 'NONE',  ( -72.49104699367072158, -4.308965960140644924, -10.24054170931745489 ) ) ;
#708 = DATE_AND_TIME ( #8869, #3452 ) ;
#709 = DATE_AND_TIME ( #5949, #6631 ) ;
#710 = ADVANCED_FACE ( 'NONE', ( #391 ), #2019, .F. ) ;
#711 = CARTESIAN_POINT ( 'NONE',  ( -7.541545347515214992, -41.83848386936190877, 42.16502070706527405 ) ) ;
#712 = FACE_OUTER_BOUND ( 'NONE', #2496, .T. ) ;
#713 = ORIENTED_EDGE ( 'NONE', *, *, #7914, .F. ) ;
#714 = ORIENTED_EDGE ( 'NONE', *, *, #6211, .F. ) ;
#715 = CARTESIAN_POINT ( 'NONE',  ( 0.000000000000000000, 0.000000000000000000, -88.12499999999992895 ) ) ;
#716 = VERTEX_POINT ( 'NONE', #7189 ) ;
#717 = CARTESIAN_POINT ( 'NONE',  ( 0.000000000000000000, 0.000000000000000000, 55.09999999999999432 ) ) ;
#718 = CARTESIAN_POINT ( 'NONE',  ( -30.19214044603580405, 63.60700526054061044, -53.00000000000000000 ) ) ;
#719 = VECTOR ( 'NONE', #3265, 1000.000000000000000 ) ;
#720 = DATE_AND_TIME ( #8006, #2783 ) ;
#721 = COORDINATED_UNIVERSAL_TIME_OFFSET ( 5, 30, .AHEAD. ) ;
#722 = CARTESIAN_POINT ( 'NONE',  ( 23.32380757938120297, 30.00000000000000000, -8.999999999999998224 ) ) ;
#723 = CARTESIAN_POINT ( 'NONE',  ( -75.15237083349047964, -3.837098317468623065, 7.489917846235299770 ) ) ;
#724 = DIRECTION ( 'NONE',  ( -0.000000000000000000, 1.000000000000000000, -0.000000000000000000 ) ) ;
#725 = ORIENTED_EDGE ( 'NONE', *, *, #7901, .T. ) ;
#726 = AXIS2_PLACEMENT_3D ( 'NONE', #1654, #3165, #837 ) ;
#727 = VECTOR ( 'NONE', #6525, 1000.000000000000000 ) ;
#728 = VERTEX_POINT ( 'NONE', #8724 ) ;
#729 = DIRECTION ( 'NONE',  ( -0.000000000000000000, -1.000000000000000000, -0.000000000000000000 ) ) ;
#730 = PERSON ( 'NAUO-PER13', 'UNSPECIFIED', 'UNSPECIFIED', ('UNSPECIFIED'), ('UNSPECIFIED'), ('UNSPECIFIED') ) ;
#731 = VERTEX_POINT ( 'NONE', #6373 ) ;
#732 = FACE_OUTER_BOUND ( 'NONE', #1800, .T. ) ;
#733 = CC_DESIGN_PERSON_AND_ORGANIZATION_ASSIGNMENT ( #7706, #2611, ( #4812 ) ) ;
#734 = CARTESIAN_POINT ( 'NONE',  ( -72.16805070099562158, -6.246590308621998489, -10.24951457658830378 ) ) ;
#735 = ADVANCED_FACE ( 'NONE', ( #9293 ), #8588, .F. ) ;
#736 = PERSON ( 'NAUO-PER1', 'UNSPECIFIED', 'UNSPECIFIED', ('UNSPECIFIED'), ('UNSPECIFIED'), ('UNSPECIFIED') ) ;
#737 = VECTOR ( 'NONE', #4379, 1000.000000000000000 ) ;
#738 = VECTOR ( 'NONE', #695, 1000.000000000000000 ) ;
#739 = CARTESIAN_POINT ( 'NONE',  ( -9.874413974631657709, 41.33963885745551892, 40.72621841403587695 ) ) ;
#740 = ORIENTED_EDGE ( 'NONE', *, *, #9317, .T. ) ;
#741 = AXIS2_PLACEMENT_3D ( 'NONE', #130, #806, #5326 ) ;
#742 = CARTESIAN_POINT ( 'NONE',  ( -14.92255179617520078, 34.96516061427787037, 10.09952060045513456 ) ) ;
#743 = VERTEX_POINT ( 'NONE', #4246 ) ;
#744 = CARTESIAN_POINT ( 'NONE',  ( 21.06963267185232525, 29.99999999999999645, -9.510913547310684280 ) ) ;
#745 = VECTOR ( 'NONE', #7036, 1000.000000000000000 ) ;
#746 = CARTESIAN_POINT ( 'NONE',  ( 0.000000000000000000, 201.1999999999999886, 19.00000000000000000 ) ) ;
#747 = VECTOR ( 'NONE', #7125, 1000.000000000000000 ) ;
#748 = EDGE_LOOP ( 'NONE', ( #9209, #9200, #4576, #804 ) ) ;
#749 = CARTESIAN_POINT ( 'NONE',  ( 35.99999999999968736, 44.00000000000024869, 61.00000000000000000 ) ) ;
#750 = CARTESIAN_POINT ( 'NONE',  ( -41.81991248433505604, -7.585748801143648024, 20.05167014078764964 ) ) ;
#751 = ADVANCED_FACE ( 'NONE', ( #3517, #6882 ), #393, .T. ) ;
#752 = ORIENTED_EDGE ( 'NONE', *, *, #900, .F. ) ;
#753 = DIRECTION ( 'NONE',  ( -0.000000000000000000, 0.000000000000000000, 1.000000000000000000 ) ) ;
#754 = AXIS2_PLACEMENT_3D ( 'NONE', #1382, #4284, #4946 ) ;
#755 = PERSON_AND_ORGANIZATION ( #410, #6325 ) ;
#756 = CIRCLE ( 'NONE', #1991, 38.75000000000002842 ) ;
#757 = TOROIDAL_SURFACE ( 'NONE', #7044, 38.00000000000000000, 2.000000000000000000 ) ;
#758 = FACE_OUTER_BOUND ( 'NONE', #2247, .T. ) ;
#759 = AXIS2_PLACEMENT_3D ( 'NONE', #8960, #7378, #8815 ) ;
#760 = CARTESIAN_POINT ( 'NONE',  ( 0.000000000000000000, 0.000000000000000000, 175.0000000000000000 ) ) ;
#761 = ORIENTED_EDGE ( 'NONE', *, *, #812, .T. ) ;
#762 = CYLINDRICAL_SURFACE ( 'NONE', #2134, 72.00000000000000000 ) ;
#763 = ORIENTED_EDGE ( 'NONE', *, *, #4457, .F. ) ;
#764 = FACE_OUTER_BOUND ( 'NONE', #4397, .T. ) ;
#765 = EDGE_CURVE ( 'NONE', #1547, #6404, #1895, .T. ) ;
#766 = AXIS2_PLACEMENT_3D ( 'NONE', #1162, #2589, #5500 ) ;
#767 = PRODUCT_DEFINITION_FORMATION_WITH_SPECIFIED_SOURCE ( 'ANY', '', #6264, .NOT_KNOWN. ) ;
#768 = PERSON_AND_ORGANIZATION ( #2940, #5543 ) ;
#769 = CIRCLE ( 'NONE', #4773, 39.50000000000000000 ) ;
#770 = CARTESIAN_POINT ( 'NONE',  ( -38.89087296526079740, 38.89087296526176374, -281.0000000000000000 ) ) ;
#771 = LOCAL_TIME ( 2, 39, 17.00000000000000000, #6860 ) ;
#772 = CARTESIAN_POINT ( 'NONE',  ( 1.557613362771287591, -4.792577114866919175, 7.493708314660970871 ) ) ;
#773 = AXIS2_PLACEMENT_3D ( 'NONE', #4032, #1031, #6933 ) ;
#774 = EDGE_LOOP ( 'NONE', ( #5618, #761, #2067, #5629 ) ) ;
#775 = ORIENTED_EDGE ( 'NONE', *, *, #3916, .T. ) ;
#776 = CARTESIAN_POINT ( 'NONE',  ( 16.89999999999999858, 2.069653090559026923E-15, 1.999999999999988010 ) ) ;
#777 = CARTESIAN_POINT ( 'NONE',  ( 6.004410106628776056, -42.07688263906210580, 42.80706450220684900 ) ) ;
#778 = EDGE_CURVE ( 'NONE', #2094, #2762, #6292, .T. ) ;
#779 = ADVANCED_FACE ( 'NONE', ( #9035 ), #7721, .T. ) ;
#780 = EDGE_LOOP ( 'NONE', ( #6286, #2348, #6014 ) ) ;
#781 = CARTESIAN_POINT ( 'NONE',  ( -74.76294694533464735, -48.39287933429392297, 5.000000000000004441 ) ) ;
#782 = DIRECTION ( 'NONE',  ( -0.2840153447039202583, 0.9588197348681938292, 0.000000000000000000 ) ) ;
#783 = CALENDAR_DATE ( 2026, 3, 10 ) ;
#784 = CC_DESIGN_APPROVAL ( #383, ( #6592 ) ) ;
#785 = DATE_AND_TIME ( #4392, #4981 ) ;
#786 = CIRCLE ( 'NONE', #8587, 79.99999999999998579 ) ;
#787 = FACE_BOUND ( 'NONE', #8504, .T. ) ;
#788 = FACE_OUTER_BOUND ( 'NONE', #7660, .T. ) ;
#789 = DIRECTION ( 'NONE',  ( 0.000000000000000000, 0.000000000000000000, -1.000000000000000000 ) ) ;
#790 = ORIENTED_EDGE ( 'NONE', *, *, #8499, .F. ) ;
#791 = CARTESIAN_POINT ( 'NONE',  ( 1.078486317092310542E-16, 42.50000000000001421, 43.89999999999999858 ) ) ;
#792 = CIRCLE ( 'NONE', #2954, 25.00000000000000000 ) ;
#793 = EDGE_LOOP ( 'NONE', ( #8601, #4398 ) ) ;
#794 = CARTESIAN_POINT ( 'NONE',  ( 38.00000000000000000, 30.00000000000000000, -8.999999999999998224 ) ) ;
#795 = CARTESIAN_POINT ( 'NONE',  ( -72.56340203050770299, -3.508658836855548024, -10.23606354534324581 ) ) ;
#796 = CARTESIAN_POINT ( 'NONE',  ( 765.0258192322576178, -276.9102276301360916, 6.821963233798327586 ) ) ;
#797 = CC_DESIGN_DATE_AND_TIME_ASSIGNMENT ( #5337, #4578, ( #3158 ) ) ;
#798 = LINE ( 'NONE', #1571, #3117 ) ;
#799 = EDGE_CURVE ( 'NONE', #6026, #8447, #786, .T. ) ;
#800 = CARTESIAN_POINT ( 'NONE',  ( -7.380182162220926045, 37.30300740410061167, 48.30712653798479295 ) ) ;
#801 = ORIENTED_EDGE ( 'NONE', *, *, #4943, .F. ) ;
#802 = CARTESIAN_POINT ( 'NONE',  ( 1.237053054665496088, -48.39287933429384481, 7.500000000000000000 ) ) ;
#803 = CARTESIAN_POINT ( 'NONE',  ( -25.00000000000000000, 0.000000000000000000, 20.00000000000000000 ) ) ;
#804 = ORIENTED_EDGE ( 'NONE', *, *, #1663, .F. ) ;
#805 = LINE ( 'NONE', #1775, #6725 ) ;
#806 = DIRECTION ( 'NONE',  ( -1.000000000000000000, 3.083952846180989787E-16, 0.000000000000000000 ) ) ;
#807 = EDGE_LOOP ( 'NONE', ( #8816, #3819, #5374, #3278, #4055, #4185 ) ) ;
#808 = CARTESIAN_POINT ( 'NONE',  ( -19.91104786864543641, 29.99999999999999645, 10.81905343634386440 ) ) ;
#809 = DATE_AND_TIME ( #1469, #1133 ) ;
#810 = PLANE ( 'NONE',  #1962 ) ;
#811 = PRODUCT_DEFINITION_SHAPE ( 'NONE', 'NONE',  #9466 ) ;
#812 = EDGE_CURVE ( 'NONE', #7944, #8915, #2799, .T. ) ;
#813 = LINE ( 'NONE', #5240, #5804 ) ;
#814 = DIRECTION ( 'NONE',  ( -1.000000000000000000, -6.938893903907228378E-15, 0.000000000000000000 ) ) ;
#815 = CIRCLE ( 'NONE', #8313, 5.000000000000004441 ) ;
#816 = EDGE_LOOP ( 'NONE', ( #6657, #2813, #7383, #1088 ) ) ;
#817 = CARTESIAN_POINT ( 'NONE',  ( -42.50000000000000711, -15.00000000000000000, 6.755772121541165909 ) ) ;
#818 = DATE_AND_TIME ( #2269, #4476 ) ;
#819 = PRODUCT_DEFINITION_FORMATION_WITH_SPECIFIED_SOURCE ( 'ANY', '', #2623, .NOT_KNOWN. ) ;
#820 = COORDINATED_UNIVERSAL_TIME_OFFSET ( 5, 30, .AHEAD. ) ;
#821 = AXIS2_PLACEMENT_3D ( 'NONE', #5573, #4149, #4196 ) ;
#822 = CARTESIAN_POINT ( 'NONE',  ( 0.000000000000000000, 0.000000000000000000, 114.0000000000000000 ) ) ;
#823 = EDGE_CURVE ( 'NONE', #2388, #7734, #4649, .T. ) ;
#824 = ORIENTED_EDGE ( 'NONE', *, *, #8477, .T. ) ;
#825 = LINE ( 'NONE', #8101, #611 ) ;
#826 = VERTEX_POINT ( 'NONE', #2442 ) ;
#827 = CARTESIAN_POINT ( 'NONE',  ( 13.40392202766214602, -40.33261993887342811, 16.69229525301950900 ) ) ;
#828 = CIRCLE ( 'NONE', #7701, 27.00000000000000000 ) ;
#829 = ORIENTED_EDGE ( 'NONE', *, *, #700, .T. ) ;
#830 = PLANE ( 'NONE',  #3573 ) ;
#831 = LOCAL_TIME ( 2, 39, 17.00000000000000000, #6499 ) ;
#832 = SECURITY_CLASSIFICATION_LEVEL ( 'unclassified' ) ;
#833 = B_SPLINE_CURVE_WITH_KNOTS ( 'NONE', 3,
 ( #461, #4704, #3270, #4745, #6162, #9091, #2557, #5551, #6943, #1812, #359, #6205, #4120, #3316, #9128, #2593 ),
 .UNSPECIFIED., .F., .F.,
 ( 4, 2, 2, 2, 2, 2, 2, 4 ),
 ( 3.878959614448864246E-18, 0.002786729081989913499, 0.004180093622984867863, 0.005573458163979822660, 0.006966822704974777458, 0.008360187245969732256, 0.009753551786964687054, 0.01114691632795964185 ),
 .UNSPECIFIED. ) ;
#834 = CARTESIAN_POINT ( 'NONE',  ( 37.50000000000001421, -19.99999999999999645, 15.41602615938555410 ) ) ;
#835 = EDGE_CURVE ( 'NONE', #5801, #2388, #9343, .T. ) ;
#836 = CARTESIAN_POINT ( 'NONE',  ( 0.000000000000000000, 0.000000000000000000, 0.000000000000000000 ) ) ;
#837 = DIRECTION ( 'NONE',  ( -1.000000000000000000, 0.000000000000000000, 0.000000000000000000 ) ) ;
#838 = EDGE_CURVE ( 'NONE', #5176, #7281, #3168, .T. ) ;
#839 = APPROVAL_PERSON_ORGANIZATION ( #2534, #3227, #6146 ) ;
#840 = ORIENTED_EDGE ( 'NONE', *, *, #1841, .T. ) ;
#841 = LOCAL_TIME ( 2, 39, 17.00000000000000000, #6478 ) ;
#842 = FACE_BOUND ( 'NONE', #1283, .T. ) ;
#843 = ORIENTED_EDGE ( 'NONE', *, *, #314, .T. ) ;
#844 = DIRECTION ( 'NONE',  ( 0.000000000000000000, 0.000000000000000000, -1.000000000000000000 ) ) ;
#845 = CARTESIAN_POINT ( 'NONE',  ( -38.00000000000000000, 0.000000000000000000, 8.999999999999998224 ) ) ;
#846 =( LENGTH_UNIT ( ) NAMED_UNIT ( * ) SI_UNIT ( .MILLI., .METRE. ) );
#847 = CARTESIAN_POINT ( 'NONE',  ( -1.111644448602208124, 42.48908928611802338, 10.12738139321291087 ) ) ;
#848 = VERTEX_POINT ( 'NONE', #3340 ) ;
#849 = CYLINDRICAL_SURFACE ( 'NONE', #8889, 27.00000000000000000 ) ;
#850 = ORIENTED_EDGE ( 'NONE', *, *, #5532, .T. ) ;
#851 = DIRECTION ( 'NONE',  ( 0.000000000000000000, 0.000000000000000000, 1.000000000000000000 ) ) ;
#852 = EDGE_LOOP ( 'NONE', ( #3963, #3034, #20, #8438 ) ) ;
#853 = LINE ( 'NONE', #5428, #1211 ) ;
#854 = DIRECTION ( 'NONE',  ( 1.000000000000000000, 0.000000000000000000, 0.000000000000000000 ) ) ;
#855 = ORIENTED_EDGE ( 'NONE', *, *, #5719, .T. ) ;
#856 = CARTESIAN_POINT ( 'NONE',  ( 36.00000000000000000, 0.000000000000000000, 10.99999999999999822 ) ) ;
#857 = CC_DESIGN_PERSON_AND_ORGANIZATION_ASSIGNMENT ( #7854, #4243, ( #4357 ) ) ;
#858 = PERSON_AND_ORGANIZATION ( #6819, #1436 ) ;
#859 = CARTESIAN_POINT ( 'NONE',  ( 17.84969721258764253, 31.26321015857041985, -11.00000000000000000 ) ) ;
#860 = DIRECTION ( 'NONE',  ( 1.000000000000000000, 6.938893903907228378E-15, 0.000000000000000000 ) ) ;
#861 = ORIENTED_EDGE ( 'NONE', *, *, #8488, .T. ) ;
#862 = CARTESIAN_POINT ( 'NONE',  ( 0.000000000000000000, 201.1999999999999886, -19.00000000000000000 ) ) ;
#863 = APPROVAL ( #912, 'UNKNOWN' ) ;
#864 = EDGE_CURVE ( 'NONE', #2780, #5805, #429, .T. ) ;
#865 = SECURITY_CLASSIFICATION_LEVEL ( 'unclassified' ) ;
#866 = DIRECTION ( 'NONE',  ( -0.000000000000000000, -0.000000000000000000, -1.000000000000000000 ) ) ;
#867 = DIRECTION ( 'NONE',  ( -0.000000000000000000, -0.000000000000000000, -1.000000000000000000 ) ) ;
#868 = ORIENTED_EDGE ( 'NONE', *, *, #1061, .F. ) ;
#869 = CARTESIAN_POINT ( 'NONE',  ( 38.89087296525612203, -38.89087296526177084, -266.0000000000000000 ) ) ;
#870 = CARTESIAN_POINT ( 'NONE',  ( 8.502916171713328808, -41.65128551924659206, 41.64660062081609482 ) ) ;
#871 = ORIENTED_EDGE ( 'NONE', *, *, #4670, .T. ) ;
#872 = CARTESIAN_POINT ( 'NONE',  ( -27.00000000000030909, 43.99999999999980105, 61.00000000000000000 ) ) ;
#873 = EDGE_CURVE ( 'NONE', #5929, #7265, #6443, .T. ) ;
#874 = PERSON_AND_ORGANIZATION_ROLE ( 'design_owner' ) ;
#875 = CARTESIAN_POINT ( 'NONE',  ( 38.00000000000000000, 4.653714061204156433E-15, 20.77501000800801378 ) ) ;
#876 = DIRECTION ( 'NONE',  ( -1.000000000000000000, -8.759319517086517175E-15, 0.000000000000000000 ) ) ;
#877 = CARTESIAN_POINT ( 'NONE',  ( -7.999999999999992895, 55.59999999999998010, 9.000000000000000000 ) ) ;
#878 = ORIENTED_EDGE ( 'NONE', *, *, #944, .F. ) ;
#879 = CARTESIAN_POINT ( 'NONE',  ( -36.00000000000029843, 43.99999999999974420, -228.0000000000000000 ) ) ;
#880 = AXIS2_PLACEMENT_3D ( 'NONE', #7534, #3719, #5195 ) ;
#881 = ORIENTED_EDGE ( 'NONE', *, *, #1228, .F. ) ;
#882 = FACE_OUTER_BOUND ( 'NONE', #7009, .T. ) ;
#883 = CARTESIAN_POINT ( 'NONE',  ( -72.06617275178622606, -6.770804553812162396, -10.25000000000001599 ) ) ;
#884 = EDGE_CURVE ( 'NONE', #7513, #2932, #4330, .T. ) ;
#885 = CARTESIAN_POINT ( 'NONE',  ( 825.8798994570299783, -370.7816082166218052, -221.1780367662020410 ) ) ;
#886 = FACE_OUTER_BOUND ( 'NONE', #5215, .T. ) ;
#887 = ORIENTED_EDGE ( 'NONE', *, *, #402, .T. ) ;
#888 = VECTOR ( 'NONE', #7684, 1000.000000000000000 ) ;
#889 = CARTESIAN_POINT ( 'NONE',  ( -21.89117295808687302, 31.06105919720474873, 32.21219576785656358 ) ) ;
#890 = ORIENTED_EDGE ( 'NONE', *, *, #7153, .F. ) ;
#891 = DIRECTION ( 'NONE',  ( -0.000000000000000000, -0.000000000000000000, 1.000000000000000000 ) ) ;
#892 = VERTEX_POINT ( 'NONE', #1203 ) ;
#893 = PLANE ( 'NONE',  #4749 ) ;
#894 = CARTESIAN_POINT ( 'NONE',  ( 0.000000000000000000, 0.000000000000000000, 11.00000000000000000 ) ) ;
#895 = EDGE_CURVE ( 'NONE', #5711, #6776, #2085, .T. ) ;
#896 = VECTOR ( 'NONE', #8722, 1000.000000000000000 ) ;
#897 = VERTEX_POINT ( 'NONE', #7863 ) ;
#898 = CIRCLE ( 'NONE', #133, 2.000000000000000000 ) ;
#899 = CARTESIAN_POINT ( 'NONE',  ( -36.22009813564157099, 11.52747429810521496, 19.08805027612459071 ) ) ;
#900 = EDGE_CURVE ( 'NONE', #4469, #8850, #5002, .T. ) ;
#901 = DATE_AND_TIME ( #8911, #6961 ) ;
#902 = CIRCLE ( 'NONE', #9308, 7.999999999999983125 ) ;
#903 = FACE_OUTER_BOUND ( 'NONE', #2304, .T. ) ;
#904 = CIRCLE ( 'NONE', #6253, 79.99999999999998579 ) ;
#905 = FACE_OUTER_BOUND ( 'NONE', #7872, .T. ) ;
#906 = CARTESIAN_POINT ( 'NONE',  ( -3.072503578181957353E-13, 44.00000000000000000, 61.00000000000000000 ) ) ;
#907 = ORIENTED_EDGE ( 'NONE', *, *, #5313, .T. ) ;
#908 = VECTOR ( 'NONE', #5418, 1000.000000000000000 ) ;
#909 = LINE ( 'NONE', #6818, #9157 ) ;
#910 = PERSON_AND_ORGANIZATION_ROLE ( 'classification_officer' ) ;
#911 = CIRCLE ( 'NONE', #3846, 17.50000000000007105 ) ;
#912 = APPROVAL_STATUS ( 'not_yet_approved' ) ;
#913 = B_SPLINE_CURVE_WITH_KNOTS ( 'NONE', 3,
 ( #3785, #3830, #2537, #6231, #9156, #6972, #8444, #8258, #2628, #7719, #438, #3385, #8978, #2490, #3251, #5411, #6926, #3931, #4778, #4023, #7678, #2436, #5354, #7592, #345, #3973, #1705, #4645, #4064, #4729, #6191, #8307, #4692, #1796, #7546, #977, #1024, #1072, #6874, #3297, #1111, #9116, #2578, #5489, #1295, #40, #6372, #1935, #4245, #2082, #2810, #3475, #4417, #1199 ),
 .UNSPECIFIED., .F., .F.,
 ( 4, 2, 2, 2, 2, 2, 2, 2, 2, 2, 2, 2, 2, 2, 2, 2, 2, 2, 2, 2, 2, 2, 2, 2, 2, 2, 4 ),
 ( 0.05339503428193234646, 0.05506256748971169457, 0.05673010069749104961, 0.06006516711304975276, 0.06173270032082910780, 0.06340023352860846284, 0.06506776673638781094, 0.06673529994416715905, 0.07007036635972586913, 0.07173789956750523111, 0.07340543277528457922, 0.07674049919084327542, 0.07840803239862262353, 0.08007556560640197163, 0.08341063202196065396, 0.08507816522974001594, 0.08674569843751936404, 0.08841323164529871215, 0.09008076485307806025, 0.09341583126863674258, 0.09508336447641607680, 0.09675089768419541103, 0.1000859640997540795, 0.1017534973075334137, 0.1034210305153127479, 0.1050885637230920822, 0.1067560969308714164 ),
 .UNSPECIFIED. ) ;
#914 = AXIS2_PLACEMENT_3D ( 'NONE', #6503, #8759, #6363 ) ;
#915 = CARTESIAN_POINT ( 'NONE',  ( -63.76294694533463314, 0.2777589635784699640, 17.50000000000000000 ) ) ;
#916 = EDGE_CURVE ( 'NONE', #9325, #8264, #2651, .T. ) ;
#917 = CARTESIAN_POINT ( 'NONE',  ( 36.00000000000000000, 0.000000000000000000, 19.00000000000000000 ) ) ;
#918 = CIRCLE ( 'NONE', #4623, 5.000000000004757972 ) ;
#919 = ORIENTED_EDGE ( 'NONE', *, *, #7835, .F. ) ;
#920 = ORIENTED_EDGE ( 'NONE', *, *, #5063, .F. ) ;
#921 = CARTESIAN_POINT ( 'NONE',  ( -60.00000000000406430, 2.335300015314938803E-12, -281.0000000000000000 ) ) ;
#922 = CARTESIAN_POINT ( 'NONE',  ( 20.21622464249026407, 30.00000000000000355, 10.16713276599478633 ) ) ;
#923 = APPROVAL_PERSON_ORGANIZATION ( #3246, #1862, #9111 ) ;
#924 = VECTOR ( 'NONE', #666, 1000.000000000000000 ) ;
#925 = ORIENTED_EDGE ( 'NONE', *, *, #3425, .T. ) ;
#926 = DIRECTION ( 'NONE',  ( -0.000000000000000000, -0.000000000000000000, 1.000000000000000000 ) ) ;
#927 = DATE_TIME_ROLE ( 'creation_date' ) ;
#928 = APPROVAL_ROLE ( '' ) ;
#929 = CARTESIAN_POINT ( 'NONE',  ( 34.67950817397739627, -24.56801450019052169, 9.672003492554475557 ) ) ;
#930 = FACE_OUTER_BOUND ( 'NONE', #45, .T. ) ;
#931 = CARTESIAN_POINT ( 'NONE',  ( -17.72660153117763926, 33.61201568122404382, 9.000000000000000000 ) ) ;
#932 = AXIS2_PLACEMENT_3D ( 'NONE', #6983, #5468, #6069 ) ;
#933 = ORIENTED_EDGE ( 'NONE', *, *, #9190, .T. ) ;
#934 = EDGE_CURVE ( 'NONE', #4991, #8538, #482, .T. ) ;
#935 = ORIENTED_EDGE ( 'NONE', *, *, #3566, .F. ) ;
#936 = DESIGN_CONTEXT ( 'detailed design', #6257, 'design' ) ;
#937 = CARTESIAN_POINT ( 'NONE',  ( 0.000000000000000000, 0.000000000000000000, 0.000000000000000000 ) ) ;
#938 = ORIENTED_EDGE ( 'NONE', *, *, #4990, .F. ) ;
#939 = CARTESIAN_POINT ( 'NONE',  ( -0.5607964077001175163, -6.950281865596994457, -9.333333333333333925 ) ) ;
#940 = ADVANCED_FACE ( 'NONE', ( #6209 ), #4046, .T. ) ;
#941 = CARTESIAN_POINT ( 'NONE',  ( 63.46176972075376455, -48.70938086149337209, -38.00000000000000000 ) ) ;
#942 = AXIS2_PLACEMENT_3D ( 'NONE', #5969, #1611, #8886 ) ;
#943 = VERTEX_POINT ( 'NONE', #1299 ) ;
#944 = EDGE_CURVE ( 'NONE', #1475, #7275, #792, .T. ) ;
#945 = CIRCLE ( 'NONE', #5400, 79.99999999999998579 ) ;
#946 = CARTESIAN_POINT ( 'NONE',  ( -12.00345283835890520, 36.05991849400463423, 46.04433239693307200 ) ) ;
#947 = ORIENTED_EDGE ( 'NONE', *, *, #7625, .T. ) ;
#948 = DIRECTION ( 'NONE',  ( -0.000000000000000000, -0.000000000000000000, -1.000000000000000000 ) ) ;
#949 = ORIENTED_EDGE ( 'NONE', *, *, #1019, .F. ) ;
#950 = CARTESIAN_POINT ( 'NONE',  ( -17.83095878342683349, 31.62076068670121387, 9.935230044726436560 ) ) ;
#951 = PLANE ( 'NONE',  #9387 ) ;
#952 = DIRECTION ( 'NONE',  ( 0.000000000000000000, 0.000000000000000000, 1.000000000000000000 ) ) ;
#953 = DIRECTION ( 'NONE',  ( -0.000000000000000000, 1.000000000000000000, -0.000000000000000000 ) ) ;
#954 = B_SPLINE_CURVE_WITH_KNOTS ( 'NONE', 3,
 ( #1138, #7035, #7742, #7699, #416, #472, #1098, #8516, #7792, #1175, #1232, #5601, #1275, #552, #4755, #4091 ),
 .UNSPECIFIED., .F., .F.,
 ( 4, 2, 2, 2, 2, 2, 2, 4 ),
 ( 0.007077448531226333828, 0.009807269756219001017, 0.01253709098121166821, 0.01799673343119700952, 0.02072655465618967324, 0.02209146526868600857, 0.02345637588118234390, 0.02891601833116768522 ),
 .UNSPECIFIED. ) ;
#955 = LINE ( 'NONE', #1584, #1716 ) ;
#956 = ADVANCED_FACE ( 'NONE', ( #4250 ), #3432, .T. ) ;
#957 = EDGE_CURVE ( 'NONE', #124, #4423, #4491, .T. ) ;
#958 = CARTESIAN_POINT ( 'NONE',  ( -72.06617275178622606, -6.770804553812162396, -10.25000000000001599 ) ) ;
#959 = VERTEX_POINT ( 'NONE', #8535 ) ;
#960 = DIRECTION ( 'NONE',  ( -0.000000000000000000, 0.000000000000000000, -1.000000000000000000 ) ) ;
#961 = LINE ( 'NONE', #283, #5783 ) ;
#962 = APPROVAL_STATUS ( 'not_yet_approved' ) ;
#963 = DIRECTION ( 'NONE',  ( 0.000000000000000000, 0.000000000000000000, 1.000000000000000000 ) ) ;
#964 = CIRCLE ( 'NONE', #3746, 36.00000000000000000 ) ;
#965 = CARTESIAN_POINT ( 'NONE',  ( 0.000000000000000000, 0.000000000000000000, 4.299999999999999822 ) ) ;
#966 = EDGE_LOOP ( 'NONE', ( #7172, #9273, #4650, #740, #6676, #9034, #5320, #5424, #4262, #6305 ) ) ;
#967 = FACE_BOUND ( 'NONE', #7411, .T. ) ;
#968 = FACE_BOUND ( 'NONE', #2382, .T. ) ;
#969 = VERTEX_POINT ( 'NONE', #1552 ) ;
#970 = CARTESIAN_POINT ( 'NONE',  ( -74.76294694533464735, 0.2777589635784699640, 0.000000000000000000 ) ) ;
#971 = COORDINATED_UNIVERSAL_TIME_OFFSET ( 5, 30, .AHEAD. ) ;
#972 = AXIS2_PLACEMENT_3D ( 'NONE', #274, #6123, #3274 ) ;
#973 = APPROVAL_STATUS ( 'not_yet_approved' ) ;
#974 = CC_DESIGN_PERSON_AND_ORGANIZATION_ASSIGNMENT ( #7948, #2326, ( #6950 ) ) ;
#975 = CARTESIAN_POINT ( 'NONE',  ( 0.000000000000000000, 201.1999999999999886, -9.000000000000000000 ) ) ;
#976 = CC_DESIGN_APPROVAL ( #2749, ( #819 ) ) ;
#977 = CARTESIAN_POINT ( 'NONE',  ( 14.62710037098292126, 39.90458641983848054, 35.48315661678782362 ) ) ;
#978 = DIRECTION ( 'NONE',  ( 0.000000000000000000, 0.000000000000000000, 1.000000000000000000 ) ) ;
#979 = EDGE_LOOP ( 'NONE', ( #7585, #1182, #6884, #4222 ) ) ;
#980 = AXIS2_PLACEMENT_3D ( 'NONE', #1565, #3791, #1619 ) ;
#981 = DIRECTION ( 'NONE',  ( 0.000000000000000000, 0.000000000000000000, 1.000000000000000000 ) ) ;
#982 = LOCAL_TIME ( 2, 39, 17.00000000000000000, #9420 ) ;
#983 = CARTESIAN_POINT ( 'NONE',  ( 6.089485888469741016E-17, -38.00000000000000000, 4.499999999999995559 ) ) ;
#984 = ORIENTED_EDGE ( 'NONE', *, *, #1539, .F. ) ;
#985 = CARTESIAN_POINT ( 'NONE',  ( -58.76294694533423524, -59.72224103642165005, -17.50000000000000000 ) ) ;
#986 = LINE ( 'NONE', #5496, #908 ) ;
#987 = DIRECTION ( 'NONE',  ( 0.9237280213470682178, 0.000000000000000000, -0.3830490080632377725 ) ) ;
#988 = EDGE_CURVE ( 'NONE', #8022, #3821, #5409, .T. ) ;
#989 = CC_DESIGN_SECURITY_CLASSIFICATION ( #2071, ( #9482 ) ) ;
#990 = DIRECTION ( 'NONE',  ( 0.000000000000000000, -0.000000000000000000, -1.000000000000000000 ) ) ;
#991 = ORIENTED_EDGE ( 'NONE', *, *, #352, .T. ) ;
#992 = CARTESIAN_POINT ( 'NONE',  ( -38.00000000000000000, 0.000000000000000000, -8.999999999999998224 ) ) ;
#993 = CARTESIAN_POINT ( 'NONE',  ( 1.785830365129827291, 0.2777589635713955674, 7.479888939724678387 ) ) ;
#994 = EDGE_LOOP ( 'NONE', ( #1105, #1052 ) ) ;
#995 = LINE ( 'NONE', #405, #2605 ) ;
#996 = ORIENTED_EDGE ( 'NONE', *, *, #6880, .F. ) ;
#997 = CARTESIAN_POINT ( 'NONE',  ( -17.80404945567861930, 32.13422124763975063, 9.444033677782689651 ) ) ;
#998 = CARTESIAN_POINT ( 'NONE',  ( -41.37369663398470010, -9.758499578996094215, 19.57629016104544917 ) ) ;
#999 = CARTESIAN_POINT ( 'NONE',  ( 17.83511325744375142, 31.54148860011872557, 10.04962884287642844 ) ) ;
#1000 = EDGE_CURVE ( 'NONE', #3726, #5312, #2505, .T. ) ;
#1001 = COORDINATED_UNIVERSAL_TIME_OFFSET ( 5, 30, .AHEAD. ) ;
#1002 = CARTESIAN_POINT ( 'NONE',  ( -0.7629469453346304775, 0.2777589635784699640, 17.50000000000000000 ) ) ;
#1003 = CARTESIAN_POINT ( 'NONE',  ( -63.46176972075341638, 48.70938086149381974, 190.0000000000000000 ) ) ;
#1004 = ORIENTED_EDGE ( 'NONE', *, *, #2792, .F. ) ;
#1005 = PLANE ( 'NONE',  #5367 ) ;
#1006 = ORIENTED_EDGE ( 'NONE', *, *, #4126, .F. ) ;
#1007 = DIRECTION ( 'NONE',  ( 1.000000000000000000, 0.000000000000000000, 0.000000000000000000 ) ) ;
#1008 = ITEM_DEFINED_TRANSFORMATION ( 'NONE', 'NONE', #5395,  #8931 ) ;
#1009 =( REPRESENTATION_RELATIONSHIP ('NONE','NONE', #1222, #9169 ) REPRESENTATION_RELATIONSHIP_WITH_TRANSFORMATION ( #5191 )SHAPE_REPRESENTATION_RELATIONSHIP( ) );
#1010 = ADVANCED_FACE ( 'NONE', ( #8926, #1602 ), #56, .T. ) ;
#1011 = COORDINATED_UNIVERSAL_TIME_OFFSET ( 5, 30, .AHEAD. ) ;
#1012 = B_SPLINE_CURVE_WITH_KNOTS ( 'NONE', 3,
 ( #5977, #3125, #8895, #6020, #8943, #1661, #4605, #4825, #2636, #4111, #3938, #8451 ),
 .UNSPECIFIED., .F., .F.,
 ( 4, 2, 2, 2, 2, 4 ),
 ( 2.602085213965210642E-18, 0.002788532341232680817, 0.005577064682465359031, 0.008365597023698038981, 0.009759863194314381124, 0.01115412936493072327 ),
 .UNSPECIFIED. ) ;
#1013 = CARTESIAN_POINT ( 'NONE',  ( 19.47822543995625821, 32.64123441426582417, 38.35449025061194561 ) ) ;
#1014 = CARTESIAN_POINT ( 'NONE',  ( 0.000000000000000000, 0.000000000000000000, 129.0000000000000000 ) ) ;
#1015 = ORIENTED_EDGE ( 'NONE', *, *, #9203, .T. ) ;
#1016 = DIRECTION ( 'NONE',  ( -1.000000000000000000, 0.000000000000000000, 0.000000000000000000 ) ) ;
#1017 = ORIENTED_EDGE ( 'NONE', *, *, #5059, .T. ) ;
#1018 = FACE_OUTER_BOUND ( 'NONE', #7254, .T. ) ;
#1019 = EDGE_CURVE ( 'NONE', #9404, #2430, #7396, .T. ) ;
#1020 = DATE_AND_TIME ( #4776, #8887 ) ;
#1021 = EDGE_CURVE ( 'NONE', #2644, #5776, #6607, .T. ) ;
#1022 = CALENDAR_DATE ( 2026, 3, 10 ) ;
#1023 = CARTESIAN_POINT ( 'NONE',  ( 16.89999999999999858, 201.1999999999999886, 19.00000000000000000 ) ) ;
#1024 = CARTESIAN_POINT ( 'NONE',  ( 14.34036568947887957, 40.00886022789284624, 35.95908991363096874 ) ) ;
#1025 = CYLINDRICAL_SURFACE ( 'NONE', #3985, 38.00000000000000000 ) ;
#1026 = EDGE_LOOP ( 'NONE', ( #4362, #1219, #1860, #5153 ) ) ;
#1027 = CARTESIAN_POINT ( 'NONE',  ( -16.92364199873373209, -34.02727018489021305, 12.15548660674371106 ) ) ;
#1028 = EDGE_LOOP ( 'NONE', ( #933, #2849, #4329, #6312 ) ) ;
#1029 = CARTESIAN_POINT ( 'NONE',  ( -25.00000000000000000, 0.000000000000000000, 20.00000000000000000 ) ) ;
#1030 = CARTESIAN_POINT ( 'NONE',  ( 17.84224894254601779, 31.40533161732176382, -10.30449831356270529 ) ) ;
#1031 = DIRECTION ( 'NONE',  ( -1.110223024625156540E-16, -1.000000000000000000, -2.705679627742444356E-16 ) ) ;
#1032 = CARTESIAN_POINT ( 'NONE',  ( 1.237053054665496088, -7.309236489167668438, 7.500000000000000000 ) ) ;
#1033 = LINE ( 'NONE', #2263, #7468 ) ;
#1034 = VECTOR ( 'NONE', #199, 1000.000000000000000 ) ;
#1035 = CARTESIAN_POINT ( 'NONE',  ( -35.66733504618169093, 23.11253619070908982, 12.61822993163664819 ) ) ;
#1036 = CC_DESIGN_DATE_AND_TIME_ASSIGNMENT ( #7983, #4524, ( #4821 ) ) ;
#1037 = ORIENTED_EDGE ( 'NONE', *, *, #7520, .T. ) ;
#1038 = ADVANCED_FACE ( 'NONE', ( #155 ), #8203, .T. ) ;
#1039 = CARTESIAN_POINT ( 'NONE',  ( 0.000000000000000000, 55.00000000000000000, -281.0000000000000000 ) ) ;
#1040 = ORIENTED_EDGE ( 'NONE', *, *, #8667, .T. ) ;
#1041 = DIRECTION ( 'NONE',  ( -0.000000000000000000, -0.000000000000000000, -1.000000000000000000 ) ) ;
#1042 = CARTESIAN_POINT ( 'NONE',  ( 38.00000000000000000, 0.000000000000000000, -8.999999999999998224 ) ) ;
#1043 = CARTESIAN_POINT ( 'NONE',  ( 8.000000000000000000, 145.5999999999999943, 6.999999999999999112 ) ) ;
#1044 = SHAPE_REPRESENTATION_RELATIONSHIP ( 'NONE' , 'NONE' ,  #5525, #8980 ) ;
#1045 = AXIS2_PLACEMENT_3D ( 'NONE', #8709, #6316, #1327 ) ;
#1046 = DIRECTION ( 'NONE',  ( 1.000000000000000000, 0.000000000000000000, 0.000000000000000000 ) ) ;
#1047 = VERTEX_POINT ( 'NONE', #7442 ) ;
#1048 = EDGE_CURVE ( 'NONE', #5540, #7194, #9240, .T. ) ;
#1049 = LINE ( 'NONE', #3324, #745 ) ;
#1050 = CIRCLE ( 'NONE', #122, 22.49999999999999645 ) ;
#1051 = CIRCLE ( 'NONE', #6394, 42.50000000000000711 ) ;
#1052 = ORIENTED_EDGE ( 'NONE', *, *, #4105, .T. ) ;
#1053 = CARTESIAN_POINT ( 'NONE',  ( -0.7646822919791952389, 0.6312302452696202382, -10.22266102209674621 ) ) ;
#1054 = DATE_TIME_ROLE ( 'classification_date' ) ;
#1055 = SECURITY_CLASSIFICATION_LEVEL ( 'unclassified' ) ;
#1056 = CIRCLE ( 'NONE', #7633, 36.00000000000000711 ) ;
#1057 = AXIS2_PLACEMENT_3D ( 'NONE', #2394, #4643, #3883 ) ;
#1058 = VECTOR ( 'NONE', #7040, 1000.000000000000000 ) ;
#1059 = CARTESIAN_POINT ( 'NONE',  ( 22.30801614051962645, 30.76298614225501993, 30.02799963016813223 ) ) ;
#1060 = CIRCLE ( 'NONE', #6408, 5.000000000001731948 ) ;
#1061 = EDGE_CURVE ( 'NONE', #5843, #2047, #3720, .T. ) ;
#1062 = CARTESIAN_POINT ( 'NONE',  ( 8.075406664918867605, -37.13857540052239870, 48.01380674310520646 ) ) ;
#1063 = ORIENTED_EDGE ( 'NONE', *, *, #7825, .F. ) ;
#1064 = CARTESIAN_POINT ( 'NONE',  ( 0.000000000000000000, 0.000000000000000000, -11.00000000000000000 ) ) ;
#1065 = AXIS2_PLACEMENT_3D ( 'NONE', #6857, #4714, #375 ) ;
#1066 = AXIS2_PLACEMENT_3D ( 'NONE', #7927, #1462, #5773 ) ;
#1067 = CARTESIAN_POINT ( 'NONE',  ( -17.84969721258764253, 31.26321015857041985, -10.99999999999999822 ) ) ;
#1068 = APPROVAL_DATE_TIME ( #2487, #5953 ) ;
#1069 = VECTOR ( 'NONE', #685, 1000.000000000000000 ) ;
#1070 = APPROVAL_STATUS ( 'not_yet_approved' ) ;
#1071 = CARTESIAN_POINT ( 'NONE',  ( -11.16120690664062032, -41.01058696252253100, 14.29814945374605273 ) ) ;
#1072 = CARTESIAN_POINT ( 'NONE',  ( 13.42285379118175292, 40.32985166688251866, 37.32678637595393667 ) ) ;
#1073 = CYLINDRICAL_SURFACE ( 'NONE', #1666, 5.000000000004757972 ) ;
#1074 = CIRCLE ( 'NONE', #2770, 36.00000000000000000 ) ;
#1075 = EDGE_CURVE ( 'NONE', #8264, #7252, #5812, .T. ) ;
#1076 = EDGE_CURVE ( 'NONE', #8245, #9238, #6267, .T. ) ;
#1077 = AXIS2_PLACEMENT_3D ( 'NONE', #2563, #3953, #8424 ) ;
#1078 = CARTESIAN_POINT ( 'NONE',  ( -11.39552238104515602, -36.27377975712969516, 7.544260527604452982 ) ) ;
#1079 = ORIENTED_EDGE ( 'NONE', *, *, #568, .F. ) ;
#1080 = DIRECTION ( 'NONE',  ( -0.000000000000000000, -0.000000000000000000, 1.000000000000000000 ) ) ;
#1081 = CARTESIAN_POINT ( 'NONE',  ( -9.762946945334638471, 0.2777589635784699640, -17.50000000000000000 ) ) ;
#1082 = CARTESIAN_POINT ( 'NONE',  ( 811.0530174742059444, -134.1147112515010349, -221.1780367662034053 ) ) ;
#1083 = APPROVAL_PERSON_ORGANIZATION ( #2089, #1925, #6380 ) ;
#1084 = DIRECTION ( 'NONE',  ( -0.000000000000000000, 1.000000000000000000, -0.000000000000000000 ) ) ;
#1085 = CARTESIAN_POINT ( 'NONE',  ( 28.61817604250834535, 25.00000000000002487, 6.755772121541173014 ) ) ;
#1086 = FACE_BOUND ( 'NONE', #6297, .T. ) ;
#1087 = ORGANIZATION ( 'NAUO-ORG30', 'UNSPECIFIED', 'UNSPECIFIED' ) ;
#1088 = ORIENTED_EDGE ( 'NONE', *, *, #7271, .T. ) ;
#1089 = DIRECTION ( 'NONE',  ( -0.000000000000000000, 1.000000000000000000, -0.000000000000000000 ) ) ;
#1090 = AXIS2_PLACEMENT_3D ( 'NONE', #3126, #121, #6022 ) ;
#1091 = EDGE_LOOP ( 'NONE', ( #1310, #4042, #5907, #7282 ) ) ;
#1092 = CARTESIAN_POINT ( 'NONE',  ( 39.50000000000000000, 0.000000000000000000, 78.29999999999999716 ) ) ;
#1093 = DIRECTION ( 'NONE',  ( -0.000000000000000000, -0.000000000000000000, 1.000000000000000000 ) ) ;
#1094 = CARTESIAN_POINT ( 'NONE',  ( 17.82112576616430388, 31.80838583314034906, 9.716406238759264014 ) ) ;
#1095 = APPROVAL ( #2768, 'UNSPECIFIED' ) ;
#1096 = VECTOR ( 'NONE', #6151, 1000.000000000000000 ) ;
#1097 = FACE_OUTER_BOUND ( 'NONE', #1614, .T. ) ;
#1098 = CARTESIAN_POINT ( 'NONE',  ( 35.97218616788390477, 12.37323727864555778, 18.85351424219990690 ) ) ;
#1099 = DIRECTION ( 'NONE',  ( -1.000000000000000000, 0.000000000000000000, 0.000000000000000000 ) ) ;
#1100 = PLANE ( 'NONE',  #5043 ) ;
#1101 = COORDINATED_UNIVERSAL_TIME_OFFSET ( 5, 30, .AHEAD. ) ;
#1102 = ADVANCED_FACE ( 'NONE', ( #968, #8432 ), #9278, .T. ) ;
#1103 = CARTESIAN_POINT ( 'NONE',  ( 3.021077474043927680, 37.90842946222161203, 49.34630882125530604 ) ) ;
#1104 = CARTESIAN_POINT ( 'NONE',  ( 12.00345283835890875, -36.05991849400466265, 7.955667603066912008 ) ) ;
#1105 = ORIENTED_EDGE ( 'NONE', *, *, #7108, .T. ) ;
#1106 = DIRECTION ( 'NONE',  ( -0.000000000000000000, -0.000000000000000000, -1.000000000000000000 ) ) ;
#1107 = CARTESIAN_POINT ( 'NONE',  ( -17.84969721258764253, 31.26321015857041985, -10.99999999999999822 ) ) ;
#1108 = PERSON_AND_ORGANIZATION_ROLE ( 'design_owner' ) ;
#1109 = EDGE_CURVE ( 'NONE', #4118, #4746, #3417, .T. ) ;
#1110 = CARTESIAN_POINT ( 'NONE',  ( 0.000000000000000000, 22.00000000000000355, 43.89999999999999147 ) ) ;
#1111 = CARTESIAN_POINT ( 'NONE',  ( 11.15744701146748952, 41.01163209615415894, 39.70525736111132176 ) ) ;
#1112 = CARTESIAN_POINT ( 'NONE',  ( -22.49987198501857577, -30.62279805443197489, 26.61156422954604039 ) ) ;
#1113 = VECTOR ( 'NONE', #9205, 1000.000000000000000 ) ;
#1114 = ORIENTED_EDGE ( 'NONE', *, *, #8057, .F. ) ;
#1115 = CARTESIAN_POINT ( 'NONE',  ( -36.93440333095347938, -8.980816572381094431, 19.76406521326195787 ) ) ;
#1116 = DIRECTION ( 'NONE',  ( 0.000000000000000000, 0.000000000000000000, 1.000000000000000000 ) ) ;
#1117 = CONICAL_SURFACE ( 'NONE', #2327, 36.00000000000000711, 0.7853981633974431720 ) ;
#1118 = ADVANCED_FACE ( 'NONE', ( #3155 ), #5345, .T. ) ;
#1119 = EDGE_CURVE ( 'NONE', #7806, #2916, #5963, .T. ) ;
#1120 = PLANE ( 'NONE',  #6235 ) ;
#1121 = CYLINDRICAL_SURFACE ( 'NONE', #6589, 22.50000000000000355 ) ;
#1122 = CIRCLE ( 'NONE', #6473, 39.50000000000000000 ) ;
#1123 = CARTESIAN_POINT ( 'NONE',  ( -36.54387243975111943, 21.70066375831244088, 14.19071077861746311 ) ) ;
#1124 = VERTEX_POINT ( 'NONE', #6051 ) ;
#1125 = LOCAL_TIME ( 2, 39, 17.00000000000000000, #7747 ) ;
#1126 = DIRECTION ( 'NONE',  ( 0.5778824336924976990, 0.8161200235441083972, 0.000000000000000000 ) ) ;
#1127 = ORIENTED_EDGE ( 'NONE', *, *, #1664, .F. ) ;
#1128 = DIRECTION ( 'NONE',  ( -0.000000000000000000, -0.000000000000000000, 1.000000000000000000 ) ) ;
#1129 = CARTESIAN_POINT ( 'NONE',  ( 26.99999999999969091, 44.00000000000018474, 61.00000000000000000 ) ) ;
#1130 = CARTESIAN_POINT ( 'NONE',  ( 45.07812899334808776, 13.35275013547133760, 61.00000000000000000 ) ) ;
#1131 = AXIS2_PLACEMENT_3D ( 'NONE', #7819, #5541, #536 ) ;
#1132 = SECURITY_CLASSIFICATION ( '', '', #6785 ) ;
#1133 = LOCAL_TIME ( 2, 39, 17.00000000000000000, #7174 ) ;
#1134 = EDGE_CURVE ( 'NONE', #4960, #1950, #8785, .T. ) ;
#1135 = CARTESIAN_POINT ( 'NONE',  ( 37.87843117528053938, 19.29044154634902242, 15.82568992360673299 ) ) ;
#1136 = CARTESIAN_POINT ( 'NONE',  ( 34.36931771216878673, 25.00000000000002487, 89.99999999999998579 ) ) ;
#1137 = ORIENTED_EDGE ( 'NONE', *, *, #7300, .T. ) ;
#1138 = CARTESIAN_POINT ( 'NONE',  ( 32.31098884280702777, 20.00000000000000355, 15.41602615938555942 ) ) ;
#1139 = CARTESIAN_POINT ( 'NONE',  ( 45.07812899334808776, 13.35275013547133760, -53.00000000000000000 ) ) ;
#1140 = PRODUCT_DEFINITION_SHAPE ( 'NONE', 'NONE',  #1497 ) ;
#1141 = CARTESIAN_POINT ( 'NONE',  ( 0.000000000000000000, 0.000000000000000000, -266.0000000000000000 ) ) ;
#1142 = DIRECTION ( 'NONE',  ( 0.000000000000000000, 0.000000000000000000, 1.000000000000000000 ) ) ;
#1143 = CC_DESIGN_PERSON_AND_ORGANIZATION_ASSIGNMENT ( #2624, #7717, ( #5227 ) ) ;
#1144 = DATE_AND_TIME ( #7845, #358 ) ;
#1145 = CARTESIAN_POINT ( 'NONE',  ( 21.71160683347552123, -31.18777343907434840, 32.95045558657995599 ) ) ;
#1146 = ORIENTED_EDGE ( 'NONE', *, *, #221, .T. ) ;
#1147 = DIRECTION ( 'NONE',  ( 0.000000000000000000, 1.000000000000000000, 0.000000000000000000 ) ) ;
#1148 = APPROVAL ( #3482, 'UNKNOWN' ) ;
#1149 = EDGE_CURVE ( 'NONE', #5225, #4259, #2461, .T. ) ;
#1150 = CARTESIAN_POINT ( 'NONE',  ( 23.23623025648194584, -32.81558960500773736, 7.500000000000000000 ) ) ;
#1151 = PERSON_AND_ORGANIZATION ( #2940, #5543 ) ;
#1152 = DIRECTION ( 'NONE',  ( -1.000000000000000000, 0.000000000000000000, 0.000000000000000000 ) ) ;
#1153 = ORIENTED_EDGE ( 'NONE', *, *, #8723, .F. ) ;
#1154 = ADVANCED_FACE ( 'NONE', ( #6497 ), #9417, .F. ) ;
#1155 = DIRECTION ( 'NONE',  ( 0.000000000000000000, 0.000000000000000000, -1.000000000000000000 ) ) ;
#1156 = ORIENTED_EDGE ( 'NONE', *, *, #3345, .F. ) ;
#1157 = CARTESIAN_POINT ( 'NONE',  ( 38.25630898252005352, -18.58192065777491564, 16.23475464935146206 ) ) ;
#1158 = CARTESIAN_POINT ( 'NONE',  ( 17.84969721258764963, 31.26321015857042696, -10.85594872988616011 ) ) ;
#1159 = PERSON_AND_ORGANIZATION_ROLE ( 'design_owner' ) ;
#1160 = COORDINATED_UNIVERSAL_TIME_OFFSET ( 5, 30, .AHEAD. ) ;
#1161 = FACE_OUTER_BOUND ( 'NONE', #3111, .T. ) ;
#1162 = CARTESIAN_POINT ( 'NONE',  ( -35.30553202143224922, 30.00000000000000000, 0.000000000000000000 ) ) ;
#1163 = FACE_BOUND ( 'NONE', #8300, .T. ) ;
#1164 = ORIENTED_EDGE ( 'NONE', *, *, #2966, .F. ) ;
#1165 = ORIENTED_EDGE ( 'NONE', *, *, #1176, .F. ) ;
#1166 = EDGE_CURVE ( 'NONE', #7351, #5146, #4411, .T. ) ;
#1167 = CARTESIAN_POINT ( 'NONE',  ( 0.000000000000000000, 201.1999999999999886, -19.00000000000000000 ) ) ;
#1168 = ORIENTED_EDGE ( 'NONE', *, *, #7545, .F. ) ;
#1169 = DIRECTION ( 'NONE',  ( 0.2840153447039135970, 0.9588197348681957166, 0.000000000000000000 ) ) ;
#1170 = DIRECTION ( 'NONE',  ( 0.000000000000000000, 0.000000000000000000, -1.000000000000000000 ) ) ;
#1171 = APPLICATION_CONTEXT ( 'configuration controlled 3d designs of mechanical parts and assemblies' ) ;
#1172 = DIRECTION ( 'NONE',  ( 1.000000000000000000, 0.000000000000000000, 0.000000000000000000 ) ) ;
#1173 = DIRECTION ( 'NONE',  ( -0.000000000000000000, -0.000000000000000000, -1.000000000000000000 ) ) ;
#1174 = ORIENTED_EDGE ( 'NONE', *, *, #1300, .F. ) ;
#1175 = CARTESIAN_POINT ( 'NONE',  ( 37.22146141595889901, 7.665775498301439228, 20.03613911856615104 ) ) ;
#1176 = EDGE_CURVE ( 'NONE', #2634, #5223, #1677, .T. ) ;
#1177 = CARTESIAN_POINT ( 'NONE',  ( 36.00586460578347214, 22.58157404334720653, 13.29063381526358967 ) ) ;
#1178 = EDGE_CURVE ( 'NONE', #4935, #1547, #5398, .T. ) ;
#1179 = CARTESIAN_POINT ( 'NONE',  ( 26.99999999999969091, 44.00000000000018474, -99.00000000000000000 ) ) ;
#1180 = CARTESIAN_POINT ( 'NONE',  ( -36.76294694533463314, 0.2777589635784699640, 17.50000000000000000 ) ) ;
#1181 = AXIS2_PLACEMENT_3D ( 'NONE', #6112, #8085, #2504 ) ;
#1182 = ORIENTED_EDGE ( 'NONE', *, *, #7853, .F. ) ;
#1183 = APPROVAL_ROLE ( '' ) ;
#1184 = CARTESIAN_POINT ( 'NONE',  ( 16.44216744192645763, 34.26317648449634845, 42.37589102738677838 ) ) ;
#1185 = VECTOR ( 'NONE', #7114, 1000.000000000000000 ) ;
#1186 = AXIS2_PLACEMENT_3D ( 'NONE', #7929, #2155, #6536 ) ;
#1187 = CARTESIAN_POINT ( 'NONE',  ( 7.380182162220926045, -37.30300740410061167, 5.692873462015191954 ) ) ;
#1188 = ORIENTED_EDGE ( 'NONE', *, *, #9227, .F. ) ;
#1189 = PLANE ( 'NONE',  #3694 ) ;
#1190 = ADVANCED_BREP_SHAPE_REPRESENTATION ( '', ( #6762, #8931 ), #7357 ) ;
#1191 = DIRECTION ( 'NONE',  ( 1.000000000000000000, 0.000000000000000000, 0.000000000000000000 ) ) ;
#1192 = CIRCLE ( 'NONE', #8689, 39.50000000000000000 ) ;
#1193 = AXIS2_PLACEMENT_3D ( 'NONE', #4153, #6148, #437 ) ;
#1194 = CALENDAR_DATE ( 2026, 3, 10 ) ;
#1195 = AXIS2_PLACEMENT_3D ( 'NONE', #9049, #7607, #1723 ) ;
#1196 = AXIS2_PLACEMENT_3D ( 'NONE', #2361, #6758, #4568 ) ;
#1197 = CARTESIAN_POINT ( 'NONE',  ( -7.018878973993964543, -41.91959882668237469, 11.61650352999748215 ) ) ;
#1198 = EDGE_CURVE ( 'NONE', #6356, #7393, #6960, .T. ) ;
#1199 = CARTESIAN_POINT ( 'NONE',  ( 1.078486317092310542E-16, 42.50000000000001421, 43.89999999999999858 ) ) ;
#1200 = VECTOR ( 'NONE', #7135, 999.9999999999998863 ) ;
#1201 = AXIS2_PLACEMENT_3D ( 'NONE', #1578, #4410, #7980 ) ;
#1202 = ORIENTED_EDGE ( 'NONE', *, *, #1421, .F. ) ;
#1203 = CARTESIAN_POINT ( 'NONE',  ( 63.46176972075341638, 48.70938086149381974, -213.0000000000000000 ) ) ;
#1204 = AXIS2_PLACEMENT_3D ( 'NONE', #4238, #3557, #2168 ) ;
#1205 = ORIENTED_EDGE ( 'NONE', *, *, #4430, .T. ) ;
#1206 = CARTESIAN_POINT ( 'NONE',  ( 42.47129915490192786, -1.807183029722896572, 20.74451949956077357 ) ) ;
#1207 = CYLINDRICAL_SURFACE ( 'NONE', #1846, 27.00000000000000000 ) ;
#1208 = APPROVAL_DATE_TIME ( #494, #1095 ) ;
#1209 = DATE_AND_TIME ( #7767, #4076 ) ;
#1210 = CIRCLE ( 'NONE', #5375, 36.00000000000000711 ) ;
#1211 = VECTOR ( 'NONE', #1041, 1000.000000000000000 ) ;
#1212 = DIRECTION ( 'NONE',  ( -0.000000000000000000, 1.000000000000000000, -0.000000000000000000 ) ) ;
#1213 = EDGE_CURVE ( 'NONE', #6172, #3723, #3368, .T. ) ;
#1214 = CARTESIAN_POINT ( 'NONE',  ( 27.00000000000000000, 0.000000000000000000, 19.00000000000000000 ) ) ;
#1215 = PRODUCT_DEFINITION_SHAPE ( 'NONE', 'NONE',  #6068 ) ;
#1216 = CARTESIAN_POINT ( 'NONE',  ( 0.000000000000000000, 22.00000000000000355, 27.00000000000000000 ) ) ;
#1217 = AXIS2_PLACEMENT_3D ( 'NONE', #5785, #1429, #703 ) ;
#1218 = DIRECTION ( 'NONE',  ( 0.000000000000000000, 0.000000000000000000, 1.000000000000000000 ) ) ;
#1219 = ORIENTED_EDGE ( 'NONE', *, *, #5532, .F. ) ;
#1220 = ORIENTED_EDGE ( 'NONE', *, *, #2662, .F. ) ;
#1221 = DIRECTION ( 'NONE',  ( 0.000000000000000000, 0.000000000000000000, 1.000000000000000000 ) ) ;
#1222 = SHAPE_REPRESENTATION ( 'engine', ( #4477, #3252, #2639, #2491, #2938, #2787, #3103, #610, #1090, #2333, #4919, #4024, #1549, #6435, #2009, #8422, #9339, #7666, #5823, #5676, #1857, #6912, #5237, #7052, #773, #6135, #8277, #7190, #4166, #9457, #5395 ), #8579 ) ;
#1223 = ORIENTED_EDGE ( 'NONE', *, *, #3323, .T. ) ;
#1224 = DIRECTION ( 'NONE',  ( 0.000000000000000000, -1.000000000000000000, 0.000000000000000000 ) ) ;
#1225 = CARTESIAN_POINT ( 'NONE',  ( -33.89087296526049897, -38.89087296525845971, -266.0000000000000000 ) ) ;
#1226 = APPROVAL_PERSON_ORGANIZATION ( #8884, #8350, #2340 ) ;
#1227 = AXIS2_PLACEMENT_3D ( 'NONE', #5250, #7440, #7486 ) ;
#1228 = EDGE_CURVE ( 'NONE', #2322, #2409, #4444, .T. ) ;
#1229 = AXIS2_PLACEMENT_3D ( 'NONE', #677, #4257, #4869 ) ;
#1230 = PLANE ( 'NONE',  #4468 ) ;
#1231 = ORIENTED_EDGE ( 'NONE', *, *, #812, .F. ) ;
#1232 = CARTESIAN_POINT ( 'NONE',  ( 37.30993460775343351, 7.223230727370061999, 20.12002953991927967 ) ) ;
#1233 = DIRECTION ( 'NONE',  ( 0.000000000000000000, 1.000000000000000000, 0.000000000000000000 ) ) ;
#1234 = ORIENTED_EDGE ( 'NONE', *, *, #3552, .T. ) ;
#1235 = LINE ( 'NONE', #6997, #3997 ) ;
#1236 = CARTESIAN_POINT ( 'NONE',  ( 21.06859606703736532, 30.00000000000000355, 9.511505317417020322 ) ) ;
#1237 = VERTEX_POINT ( 'NONE', #2160 ) ;
#1238 = PERSON_AND_ORGANIZATION_ROLE ( 'classification_officer' ) ;
#1239 = AXIS2_PLACEMENT_3D ( 'NONE', #8959, #2414, #9056 ) ;
#1240 = ADVANCED_FACE ( 'NONE', ( #5742 ), #5081, .F. ) ;
#1241 = EDGE_CURVE ( 'NONE', #5146, #7516, #9154, .T. ) ;
#1242 = LINE ( 'NONE', #1285, #8379 ) ;
#1243 = PLANE ( 'NONE',  #8558 ) ;
#1244 = CARTESIAN_POINT ( 'NONE',  ( 21.02325964099829037, -31.65655439224430978, 18.94960124447720062 ) ) ;
#1245 = AXIS2_PLACEMENT_3D ( 'NONE', #3060, #7339, #5304 ) ;
#1246 = CARTESIAN_POINT ( 'NONE',  ( -28.61817604250839153, -24.99999999999997868, 6.755772121541173014 ) ) ;
#1247 = DIRECTION ( 'NONE',  ( 1.000000000000000000, 0.000000000000000000, 0.000000000000000000 ) ) ;
#1248 = CALENDAR_DATE ( 2026, 3, 10 ) ;
#1249 = CARTESIAN_POINT ( 'NONE',  ( 0.000000000000000000, 0.000000000000000000, -266.0000000000000000 ) ) ;
#1250 = DIRECTION ( 'NONE',  ( -1.000000000000000000, 0.000000000000000000, -0.000000000000000000 ) ) ;
#1251 = ORIENTED_EDGE ( 'NONE', *, *, #8672, .F. ) ;
#1252 = CARTESIAN_POINT ( 'NONE',  ( -7.006940242193965496, -37.35014420914288991, 48.38437248290962600 ) ) ;
#1253 = ORIENTED_EDGE ( 'NONE', *, *, #7251, .T. ) ;
#1254 = CARTESIAN_POINT ( 'NONE',  ( -32.74098578356715450, -19.30531868223292591, 15.81710060519939098 ) ) ;
#1255 = CARTESIAN_POINT ( 'NONE',  ( -72.76294694533464735, -0.2156301939856382077, 10.22250604828781029 ) ) ;
#1256 = APPROVAL ( #5857, 'UNSPECIFIED' ) ;
#1257 = APPROVAL_DATE_TIME ( #9258, #8585 ) ;
#1258 = APPROVAL_STATUS ( 'not_yet_approved' ) ;
#1259 = CARTESIAN_POINT ( 'NONE',  ( 1.725022993852668420E-14, 145.5999999999999943, 6.999999999999999112 ) ) ;
#1260 = DIRECTION ( 'NONE',  ( 0.000000000000000000, 0.000000000000000000, -1.000000000000000000 ) ) ;
#1261 = DIRECTION ( 'NONE',  ( 1.000000000000000000, 0.000000000000000000, 0.000000000000000000 ) ) ;
#1262 = VECTOR ( 'NONE', #8778, 1000.000000000000000 ) ;
#1263 = CARTESIAN_POINT ( 'NONE',  ( 0.000000000000000000, 0.000000000000000000, 59.39999999999999147 ) ) ;
#1264 = VERTEX_POINT ( 'NONE', #2987 ) ;
#1265 = ORIENTED_EDGE ( 'NONE', *, *, #2561, .F. ) ;
#1266 = CARTESIAN_POINT ( 'NONE',  ( -33.89087296526052739, 38.89087296526176374, -281.0000000000000000 ) ) ;
#1267 = VERTEX_POINT ( 'NONE', #4369 ) ;
#1268 = CYLINDRICAL_SURFACE ( 'NONE', #1527, 42.50000000000000711 ) ;
#1269 = EDGE_CURVE ( 'NONE', #704, #9032, #2109, .T. ) ;
#1270 = LOCAL_TIME ( 2, 39, 17.00000000000000000, #9386 ) ;
#1271 = AXIS2_PLACEMENT_3D ( 'NONE', #6759, #953, #5180 ) ;
#1272 = SECURITY_CLASSIFICATION ( '', '', #1926 ) ;
#1273 = CARTESIAN_POINT ( 'NONE',  ( -1.052826407735817815, -4.281893127340342886, 10.24071071181024095 ) ) ;
#1274 = ORIENTED_EDGE ( 'NONE', *, *, #2942, .T. ) ;
#1275 = CARTESIAN_POINT ( 'NONE',  ( 37.54535021681135021, 5.878242991177451415, 20.34334208390913901 ) ) ;
#1276 = LINE ( 'NONE', #4231, #7333 ) ;
#1277 = AXIS2_PLACEMENT_3D ( 'NONE', #5632, #4976, #1359 ) ;
#1278 = ORIENTED_EDGE ( 'NONE', *, *, #2587, .F. ) ;
#1279 = CARTESIAN_POINT ( 'NONE',  ( 0.000000000000000000, 55.00000000000000000, -281.0000000000000000 ) ) ;
#1280 = CARTESIAN_POINT ( 'NONE',  ( -74.76294694533464735, -48.39287933429392297, -5.000000000000004441 ) ) ;
#1281 = CC_DESIGN_APPROVAL ( #1438, ( #5726 ) ) ;
#1282 = EDGE_CURVE ( 'NONE', #15, #2404, #5648, .T. ) ;
#1283 = EDGE_LOOP ( 'NONE', ( #8951, #9444 ) ) ;
#1284 = COORDINATED_UNIVERSAL_TIME_OFFSET ( 5, 30, .AHEAD. ) ;
#1285 = CARTESIAN_POINT ( 'NONE',  ( 63.46176972075376455, -48.70938086149337209, 15.00000000000000000 ) ) ;
#1286 = APPROVAL_PERSON_ORGANIZATION ( #2488, #7478, #928 ) ;
#1287 = APPLICATION_PROTOCOL_DEFINITION ( 'international standard', 'config_control_design', 1994, #6934 ) ;
#1288 = LINE ( 'NONE', #2745, #5579 ) ;
#1289 = DIRECTION ( 'NONE',  ( -0.000000000000000000, 0.000000000000000000, 1.000000000000000000 ) ) ;
#1290 = ORIENTED_EDGE ( 'NONE', *, *, #4001, .T. ) ;
#1291 = CARTESIAN_POINT ( 'NONE',  ( 0.000000000000000000, -22.00000000000000355, 27.00000000000000000 ) ) ;
#1292 = ADVANCED_FACE ( 'NONE', ( #696 ), #3643, .F. ) ;
#1293 = MECHANICAL_CONTEXT ( 'NONE', #7891, 'mechanical' ) ;
#1294 = CARTESIAN_POINT ( 'NONE',  ( 5.715855393193892500E-19, -42.50000000000001421, 43.89999999999999858 ) ) ;
#1295 = CARTESIAN_POINT ( 'NONE',  ( 7.541545347515214992, 41.83848386936190877, 42.16502070706527405 ) ) ;
#1296 = DIRECTION ( 'NONE',  ( 0.000000000000000000, 0.000000000000000000, -1.000000000000000000 ) ) ;
#1297 = B_SPLINE_CURVE_WITH_KNOTS ( 'NONE', 3,
 ( #5863, #7870, #8059, #7152, #4308, #678, #631, #7203, #3626, #3577, #6482, #8682 ),
 .UNSPECIFIED., .F., .F.,
 ( 4, 2, 2, 2, 2, 4 ),
 ( 6.938893903907228378E-18, 0.002788532341232678215, 0.005577064682465349491, 0.008365597023698021634, 0.009759863194314356838, 0.01115412936493069204 ),
 .UNSPECIFIED. ) ;
#1298 = ORIENTED_EDGE ( 'NONE', *, *, #6032, .T. ) ;
#1299 = CARTESIAN_POINT ( 'NONE',  ( 38.00000000000000000, 4.653657836759941941E-15, 85.00000000000000000 ) ) ;
#1300 = EDGE_CURVE ( 'NONE', #3499, #6017, #1374, .T. ) ;
#1301 = EDGE_CURVE ( 'NONE', #5232, #4960, #1820, .T. ) ;
#1302 = EDGE_LOOP ( 'NONE', ( #878, #1490 ) ) ;
#1303 = CARTESIAN_POINT ( 'NONE',  ( 42.50000000000000711, 5.204750289390564684E-15, 20.77501000800801023 ) ) ;
#1304 = FACE_OUTER_BOUND ( 'NONE', #336, .T. ) ;
#1305 = COORDINATED_UNIVERSAL_TIME_OFFSET ( 5, 30, .AHEAD. ) ;
#1306 = APPROVAL_ROLE ( '' ) ;
#1307 = CARTESIAN_POINT ( 'NONE',  ( 0.000000000000000000, 0.000000000000000000, 228.0000000000000000 ) ) ;
#1308 = DIRECTION ( 'NONE',  ( -0.000000000000000000, -0.000000000000000000, -1.000000000000000000 ) ) ;
#1309 = LINE ( 'NONE', #2865, #3667 ) ;
#1310 = ORIENTED_EDGE ( 'NONE', *, *, #5023, .F. ) ;
#1311 = VERTEX_POINT ( 'NONE', #6851 ) ;
#1312 = CARTESIAN_POINT ( 'NONE',  ( -0.9342685996080194455, -3.230220801314569901, -10.23438564467052458 ) ) ;
#1313 = ORIENTED_EDGE ( 'NONE', *, *, #9280, .F. ) ;
#1314 = DIRECTION ( 'NONE',  ( -0.000000000000000000, 1.000000000000000000, -0.000000000000000000 ) ) ;
#1315 = B_SPLINE_CURVE_WITH_KNOTS ( 'NONE', 3,
 ( #8909, #3757, #5989, #1631, #6658, #7427, #5134, #899, #4570, #5327, #3136, #5834, #88, #7467 ),
 .UNSPECIFIED., .F., .F.,
 ( 4, 2, 2, 2, 2, 2, 4 ),
 ( 0.02891601833116767828, 0.03164053153359219772, 0.03436504473601671716, 0.03981407114086574911, 0.04253858434329026855, 0.04526309754571478799, 0.05071212395056381994 ),
 .UNSPECIFIED. ) ;
#1316 = APPROVAL ( #1258, 'UNKNOWN' ) ;
#1317 = EDGE_CURVE ( 'NONE', #9036, #2117, #8997, .T. ) ;
#1318 = CARTESIAN_POINT ( 'NONE',  ( -3.013998761760958711, 37.90912319335448188, 4.652510690864774645 ) ) ;
#1319 = EDGE_LOOP ( 'NONE', ( #4354, #605 ) ) ;
#1320 = FACE_OUTER_BOUND ( 'NONE', #8794, .T. ) ;
#1321 = FACE_OUTER_BOUND ( 'NONE', #5343, .T. ) ;
#1322 = ORIENTED_EDGE ( 'NONE', *, *, #2486, .T. ) ;
#1323 = LINE ( 'NONE', #475, #4887 ) ;
#1324 = CARTESIAN_POINT ( 'NONE',  ( 0.000000000000000000, 0.000000000000000000, -19.00000000000000000 ) ) ;
#1325 = VERTEX_POINT ( 'NONE', #6654 ) ;
#1326 = SECURITY_CLASSIFICATION_LEVEL ( 'unclassified' ) ;
#1327 = DIRECTION ( 'NONE',  ( -1.000000000000000000, 0.000000000000000000, 0.000000000000000000 ) ) ;
#1328 = EDGE_CURVE ( 'NONE', #7552, #4562, #5280, .T. ) ;
#1329 = CARTESIAN_POINT ( 'NONE',  ( 0.000000000000000000, -44.00000000000000000, 129.0000000000000000 ) ) ;
#1330 = FACE_BOUND ( 'NONE', #1441, .T. ) ;
#1331 = CIRCLE ( 'NONE', #8839, 5.000000000001731948 ) ;
#1332 = ORIENTED_EDGE ( 'NONE', *, *, #77, .F. ) ;
#1333 = CARTESIAN_POINT ( 'NONE',  ( 0.000000000000000000, 0.000000000000000000, 61.00000000000000000 ) ) ;
#1334 = PERSON_AND_ORGANIZATION ( #2940, #5543 ) ;
#1335 = AXIS2_PLACEMENT_3D ( 'NONE', #8361, #354, #9123 ) ;
#1336 = CARTESIAN_POINT ( 'NONE',  ( -4.413161355876494163, -42.27361687007847735, 43.32302376269031186 ) ) ;
#1337 = ADVANCED_FACE ( 'NONE', ( #5885 ), #5362, .F. ) ;
#1338 = DIRECTION ( 'NONE',  ( -1.000000000000000000, 0.000000000000000000, 0.000000000000000000 ) ) ;
#1339 = ORIENTED_EDGE ( 'NONE', *, *, #2711, .F. ) ;
#1340 = CARTESIAN_POINT ( 'NONE',  ( -0.3808316123070744630, -38.00000000000000711, 49.50000000000002132 ) ) ;
#1341 = AXIS2_PLACEMENT_3D ( 'NONE', #2535, #1847, #5455 ) ;
#1342 = AXIS2_PLACEMENT_3D ( 'NONE', #3581, #636, #9268 ) ;
#1343 = EDGE_LOOP ( 'NONE', ( #5140, #5281, #3567, #258 ) ) ;
#1344 = CYLINDRICAL_SURFACE ( 'NONE', #9077, 20.00000000000000000 ) ;
#1345 = DIRECTION ( 'NONE',  ( -1.000000000000000000, 0.000000000000000000, 0.000000000000000000 ) ) ;
#1346 = COORDINATED_UNIVERSAL_TIME_OFFSET ( 5, 30, .AHEAD. ) ;
#1347 = DIRECTION ( 'NONE',  ( 0.2840153447039135970, 0.9588197348681957166, -0.000000000000000000 ) ) ;
#1348 = AXIS2_PLACEMENT_3D ( 'NONE', #2642, #8363, #7646 ) ;
#1349 = ADVANCED_FACE ( 'NONE', ( #3950 ), #4471, .F. ) ;
#1350 = DIRECTION ( 'NONE',  ( -0.000000000000000000, -0.000000000000000000, 1.000000000000000000 ) ) ;
#1351 = DIRECTION ( 'NONE',  ( 1.000000000000000000, 0.000000000000000000, 0.000000000000000000 ) ) ;
#1352 = VECTOR ( 'NONE', #7307, 1000.000000000000000 ) ;
#1353 = ADVANCED_FACE ( 'NONE', ( #1629 ), #233, .T. ) ;
#1354 = ORIENTED_EDGE ( 'NONE', *, *, #8176, .T. ) ;
#1355 = VECTOR ( 'NONE', #1093, 1000.000000000000000 ) ;
#1356 = ORIENTED_EDGE ( 'NONE', *, *, #5222, .T. ) ;
#1357 = LINE ( 'NONE', #7917, #7921 ) ;
#1358 = VERTEX_POINT ( 'NONE', #3036 ) ;
#1359 = DIRECTION ( 'NONE',  ( -1.000000000000000000, 0.000000000000000000, 0.000000000000000000 ) ) ;
#1360 = CARTESIAN_POINT ( 'NONE',  ( 0.000000000000000000, 0.000000000000000000, 71.00000000000000000 ) ) ;
#1361 = VECTOR ( 'NONE', #4092, 1000.000000000000000 ) ;
#1362 = CIRCLE ( 'NONE', #8872, 8.999999999999998224 ) ;
#1363 = SHAPE_REPRESENTATION_RELATIONSHIP ( 'NONE' , 'NONE' ,  #2652, #5098 ) ;
#1364 = AXIS2_PLACEMENT_3D ( 'NONE', #8170, #3892, #3839 ) ;
#1365 = CARTESIAN_POINT ( 'NONE',  ( -12.34290300807770535, 40.67018503096718263, 38.55681648164898689 ) ) ;
#1366 = CIRCLE ( 'NONE', #5978, 42.50000000000000711 ) ;
#1367 = DIRECTION ( 'NONE',  ( -0.000000000000000000, -0.000000000000000000, -1.000000000000000000 ) ) ;
#1368 = VERTEX_POINT ( 'NONE', #5935 ) ;
#1369 = CARTESIAN_POINT ( 'NONE',  ( 42.50000000000000711, 5.204748896376250896E-15, 78.29999999999999716 ) ) ;
#1370 = LOCAL_TIME ( 2, 39, 17.00000000000000000, #3481 ) ;
#1371 = CIRCLE ( 'NONE', #914, 72.00000000000000000 ) ;
#1372 = ORIENTED_EDGE ( 'NONE', *, *, #895, .F. ) ;
#1373 = CARTESIAN_POINT ( 'NONE',  ( -1.030432304228876673E-14, 55.59999999999998010, 4.999999999999999112 ) ) ;
#1374 = LINE ( 'NONE', #4327, #4893 ) ;
#1375 = ORIENTED_EDGE ( 'NONE', *, *, #7844, .F. ) ;
#1376 = CC_DESIGN_PERSON_AND_ORGANIZATION_ASSIGNMENT ( #8197, #910, ( #3158 ) ) ;
#1377 = APPROVAL ( #5544, 'UNSPECIFIED' ) ;
#1378 = ITEM_DEFINED_TRANSFORMATION ( 'NONE', 'NONE', #4919,  #8931 ) ;
#1379 = APPROVAL_PERSON_ORGANIZATION ( #2533, #7063, #5452 ) ;
#1380 = VECTOR ( 'NONE', #6675, 1000.000000000000000 ) ;
#1381 = CARTESIAN_POINT ( 'NONE',  ( 15.41967430111113124, 34.73538468155516057, 10.59873986390552503 ) ) ;
#1382 = CARTESIAN_POINT ( 'NONE',  ( 0.000000000000000000, 0.000000000000000000, 82.59999999999999432 ) ) ;
#1383 = CARTESIAN_POINT ( 'NONE',  ( 1.328628399854763442, -6.682294289134209642, -7.500000000000281553 ) ) ;
#1384 = CARTESIAN_POINT ( 'NONE',  ( 36.00000000000000000, 0.000000000000000000, -266.0000000000000000 ) ) ;
#1385 = VERTEX_POINT ( 'NONE', #1672 ) ;
#1386 = CARTESIAN_POINT ( 'NONE',  ( -75.31036067130055756, 0.6582315237321778589, -7.479995869826687738 ) ) ;
#1387 = CLOSED_SHELL ( 'NONE', ( #4669, #3325, #5874, #8000, #104, #5457, #2114, #2750, #7490, #1240, #2794, #290, #8649, #5301, #9378, #2852, #8123, #7150, #4888, #4487, #1349, #6795, #3862, #2256, #7961, #4874, #1830, #7133, #1642, #7047, #4291, #6419, #2022, #5481, #4035, #710, #8781, #7677, #8898, #9380, #9244, #2778, #8282, #8219, #3526, #3203, #2315, #5557, #247, #5800, #9366, #5735, #7788, #365, #1337 ) ) ;
#1388 = EDGE_CURVE ( 'NONE', #282, #1124, #8852, .T. ) ;
#1389 = PERSON_AND_ORGANIZATION ( #2940, #5543 ) ;
#1390 = PLANE ( 'NONE',  #8690 ) ;
#1391 = APPROVAL_PERSON_ORGANIZATION ( #7112, #1095, #7908 ) ;
#1392 = AXIS2_PLACEMENT_3D ( 'NONE', #6234, #8987, #3256 ) ;
#1393 = ORIENTED_EDGE ( 'NONE', *, *, #700, .F. ) ;
#1394 = DIRECTION ( 'NONE',  ( 0.000000000000000000, 0.000000000000000000, 1.000000000000000000 ) ) ;
#1395 = ORIENTED_EDGE ( 'NONE', *, *, #5234, .T. ) ;
#1396 = DIRECTION ( 'NONE',  ( 1.000000000000000000, -0.000000000000000000, -0.000000000000000000 ) ) ;
#1397 = CARTESIAN_POINT ( 'NONE',  ( -72.60389306811799770, -3.103030301235868205, 10.23364888658807814 ) ) ;
#1398 = ADVANCED_FACE ( 'NONE', ( #7423 ), #5789, .T. ) ;
#1399 = CALENDAR_DATE ( 2026, 3, 10 ) ;
#1400 = PERSON_AND_ORGANIZATION_ROLE ( 'classification_officer' ) ;
#1401 = CARTESIAN_POINT ( 'NONE',  ( -35.99999999999999289, -44.00000000000000000, 129.0000000000000000 ) ) ;
#1402 = LINE ( 'NONE', #584, #2493 ) ;
#1403 = DIRECTION ( 'NONE',  ( 0.000000000000000000, 0.000000000000000000, -1.000000000000000000 ) ) ;
#1404 = VERTEX_POINT ( 'NONE', #3802 ) ;
#1405 = ORIENTED_EDGE ( 'NONE', *, *, #3425, .F. ) ;
#1406 = CARTESIAN_POINT ( 'NONE',  ( -1.148332008939642712, -4.975743565502110499, -10.24459447773381271 ) ) ;
#1407 = ORIENTED_EDGE ( 'NONE', *, *, #5352, .T. ) ;
#1408 = CARTESIAN_POINT ( 'NONE',  ( 0.000000000000000000, 0.000000000000000000, 228.0000000000000000 ) ) ;
#1409 = FACE_OUTER_BOUND ( 'NONE', #7606, .T. ) ;
#1410 = ADVANCED_FACE ( 'NONE', ( #6700 ), #3088, .T. ) ;
#1411 = DIRECTION ( 'NONE',  ( 1.000000000000000000, 0.000000000000000000, 0.000000000000000000 ) ) ;
#1412 = EDGE_CURVE ( 'NONE', #8763, #5305, #143, .T. ) ;
#1413 = VECTOR ( 'NONE', #926, 1000.000000000000000 ) ;
#1414 = DIRECTION ( 'NONE',  ( 1.000000000000000000, 0.000000000000000000, 0.000000000000000000 ) ) ;
#1415 = ORIENTED_EDGE ( 'NONE', *, *, #3850, .T. ) ;
#1416 = DIRECTION ( 'NONE',  ( 0.000000000000000000, -0.000000000000000000, 1.000000000000000000 ) ) ;
#1417 = DIRECTION ( 'NONE',  ( 0.000000000000000000, 0.000000000000000000, 1.000000000000000000 ) ) ;
#1418 = ORIENTED_EDGE ( 'NONE', *, *, #916, .T. ) ;
#1419 = CARTESIAN_POINT ( 'NONE',  ( -74.76294694533464735, -48.39287933429392297, 5.000000000000004441 ) ) ;
#1420 = CARTESIAN_POINT ( 'NONE',  ( 0.000000000000000000, 0.000000000000000000, 228.0000000000000000 ) ) ;
#1421 = EDGE_CURVE ( 'NONE', #3449, #1599, #3181, .T. ) ;
#1422 = ORIENTED_EDGE ( 'NONE', *, *, #9133, .T. ) ;
#1423 = CARTESIAN_POINT ( 'NONE',  ( 17.72660153117763926, 33.61201568122404382, 9.000000000000000000 ) ) ;
#1424 = AXIS2_PLACEMENT_3D ( 'NONE', #8463, #1728, #6075 ) ;
#1425 = CALENDAR_DATE ( 2026, 3, 10 ) ;
#1426 = APPROVAL_PERSON_ORGANIZATION ( #2710, #4690, #5614 ) ;
#1427 = DIRECTION ( 'NONE',  ( -0.000000000000000000, -0.000000000000000000, 1.000000000000000000 ) ) ;
#1428 = AXIS2_PLACEMENT_3D ( 'NONE', #2445, #5364, #8265 ) ;
#1429 = DIRECTION ( 'NONE',  ( 0.000000000000000000, 0.000000000000000000, 1.000000000000000000 ) ) ;
#1430 = EDGE_LOOP ( 'NONE', ( #1553, #1079 ) ) ;
#1431 = LINE ( 'NONE', #2848, #7326 ) ;
#1432 = VERTEX_POINT ( 'NONE', #6031 ) ;
#1433 = CYLINDRICAL_SURFACE ( 'NONE', #4130, 36.00000000000000000 ) ;
#1434 = PERSON_AND_ORGANIZATION_ROLE ( 'design_owner' ) ;
#1435 = CC_DESIGN_APPROVAL ( #4963, ( #2272 ) ) ;
#1436 = ORGANIZATION ( 'NAUO-ORG12', 'UNSPECIFIED', 'UNSPECIFIED' ) ;
#1437 = FACE_OUTER_BOUND ( 'NONE', #518, .T. ) ;
#1438 = APPROVAL ( #2262, 'UNKNOWN' ) ;
#1439 = EDGE_CURVE ( 'NONE', #3193, #4040, #7923, .T. ) ;
#1440 = DIRECTION ( 'NONE',  ( -0.000000000000000000, -0.000000000000000000, 1.000000000000000000 ) ) ;
#1441 = EDGE_LOOP ( 'NONE', ( #1503, #6709 ) ) ;
#1442 = EDGE_LOOP ( 'NONE', ( #3936, #4069, #2301, #4555 ) ) ;
#1443 = CARTESIAN_POINT ( 'NONE',  ( 3.869787800957466661, -42.32697311303070364, 43.46033888690791258 ) ) ;
#1444 = ORIENTED_EDGE ( 'NONE', *, *, #9011, .F. ) ;
#1445 = DIRECTION ( 'NONE',  ( 0.000000000000000000, 0.000000000000000000, -1.000000000000000000 ) ) ;
#1446 = CARTESIAN_POINT ( 'NONE',  ( -20.46778465614082521, 30.00000000000001066, -9.909665623320554673 ) ) ;
#1447 = PERSON_AND_ORGANIZATION_ROLE ( 'design_supplier' ) ;
#1448 = COORDINATED_UNIVERSAL_TIME_OFFSET ( 5, 30, .AHEAD. ) ;
#1449 = CARTESIAN_POINT ( 'NONE',  ( -45.07812899334826540, 13.35275013547070877, 76.00000000000000000 ) ) ;
#1450 = DIRECTION ( 'NONE',  ( 1.000000000000000000, 0.000000000000000000, 0.000000000000000000 ) ) ;
#1451 = CARTESIAN_POINT ( 'NONE',  ( -27.00000000000000000, -44.00000000000000000, -167.0000000000000000 ) ) ;
#1452 = ORIENTED_EDGE ( 'NONE', *, *, #7139, .F. ) ;
#1453 = EDGE_CURVE ( 'NONE', #3179, #4081, #902, .T. ) ;
#1454 = EDGE_LOOP ( 'NONE', ( #8553, #8774 ) ) ;
#1455 = DIRECTION ( 'NONE',  ( 0.000000000000000000, 0.000000000000000000, -1.000000000000000000 ) ) ;
#1456 = VERTEX_POINT ( 'NONE', #5380 ) ;
#1457 = DIRECTION ( 'NONE',  ( 1.000000000000000000, 0.000000000000000000, 0.000000000000000000 ) ) ;
#1458 = CARTESIAN_POINT ( 'NONE',  ( -74.76294694533464735, -7.309236489168299933, 7.500000000000013323 ) ) ;
#1459 = ADVANCED_FACE ( 'NONE', ( #8281 ), #1727, .F. ) ;
#1460 = CARTESIAN_POINT ( 'NONE',  ( -5.966446137428313534, 37.55743813481518600, 48.74556949835560005 ) ) ;
#1461 = ORIENTED_EDGE ( 'NONE', *, *, #8084, .T. ) ;
#1462 = DIRECTION ( 'NONE',  ( 0.000000000000000000, 0.000000000000000000, 1.000000000000000000 ) ) ;
#1463 = CARTESIAN_POINT ( 'NONE',  ( -29.18878273068381901, 24.33246394046443584, 10.37557696029270460 ) ) ;
#1464 = EDGE_LOOP ( 'NONE', ( #7871, #8018 ) ) ;
#1465 = LINE ( 'NONE', #2986, #1352 ) ;
#1466 = CARTESIAN_POINT ( 'NONE',  ( -41.89784846587171785, -7.142960443666139803, 20.13463869594001565 ) ) ;
#1467 = VERTEX_POINT ( 'NONE', #3273 ) ;
#1468 = CARTESIAN_POINT ( 'NONE',  ( -22.60674509764856666, 30.00000000000000000, 9.035951316818357171 ) ) ;
#1469 = CALENDAR_DATE ( 2026, 3, 10 ) ;
#1470 = DIRECTION ( 'NONE',  ( 0.000000000000000000, 0.000000000000000000, 1.000000000000000000 ) ) ;
#1471 = FACE_BOUND ( 'NONE', #2243, .T. ) ;
#1472 = ADVANCED_FACE ( 'NONE', ( #6947 ), #8330, .F. ) ;
#1473 = ADVANCED_FACE ( 'NONE', ( #4177 ), #3319, .T. ) ;
#1474 = CARTESIAN_POINT ( 'NONE',  ( 35.99999999999968736, 44.00000000000024869, 114.0000000000000000 ) ) ;
#1475 = VERTEX_POINT ( 'NONE', #2691 ) ;
#1476 = CARTESIAN_POINT ( 'NONE',  ( 32.31098884280702777, -19.99999999999999645, 15.41602615938555410 ) ) ;
#1477 = DIRECTION ( 'NONE',  ( -0.2840153447039135415, -0.9588197348681957166, 0.000000000000000000 ) ) ;
#1478 = VERTEX_POINT ( 'NONE', #1225 ) ;
#1479 = CYLINDRICAL_SURFACE ( 'NONE', #7946, 10.00000000000000000 ) ;
#1480 = APPROVAL_DATE_TIME ( #8145, #3504 ) ;
#1481 = APPLICATION_PROTOCOL_DEFINITION ( 'international standard', 'config_control_design', 1994, #8385 ) ;
#1482 = DIRECTION ( 'NONE',  ( 0.000000000000000000, -1.000000000000000000, 0.000000000000000000 ) ) ;
#1483 =( REPRESENTATION_RELATIONSHIP ('NONE','NONE', #1222, #1954 ) REPRESENTATION_RELATIONSHIP_WITH_TRANSFORMATION ( #1687 )SHAPE_REPRESENTATION_RELATIONSHIP( ) );
#1484 = LINE ( 'NONE', #2724, #3244 ) ;
#1485 = VERTEX_POINT ( 'NONE', #4045 ) ;
#1486 = VERTEX_POINT ( 'NONE', #5554 ) ;
#1487 = CARTESIAN_POINT ( 'NONE',  ( -74.76294694533464735, -48.39287933429392297, 7.500000000000012434 ) ) ;
#1488 = PRODUCT_DEFINITION_SHAPE ( 'NONE', 'NONE',  #9462 ) ;
#1489 = CARTESIAN_POINT ( 'NONE',  ( 13.73277819591713644, -40.22147481110939538, 36.86540947950547320 ) ) ;
#1490 = ORIENTED_EDGE ( 'NONE', *, *, #8465, .F. ) ;
#1491 = CARTESIAN_POINT ( 'NONE',  ( -33.89087296526052739, 38.89087296526176374, -266.0000000000000000 ) ) ;
#1492 = CARTESIAN_POINT ( 'NONE',  ( -21.06859606703737242, 30.00000000000000711, -9.511505317417018546 ) ) ;
#1493 = CIRCLE ( 'NONE', #4583, 42.50000000000000711 ) ;
#1494 = DATE_TIME_ROLE ( 'creation_date' ) ;
#1495 = APPROVAL ( #195, 'UNKNOWN' ) ;
#1496 = DATE_TIME_ROLE ( 'classification_date' ) ;
#1497 = PRODUCT_DEFINITION ( 'UNKNOWN', '', #604, #3629 ) ;
#1498 = CARTESIAN_POINT ( 'NONE',  ( 36.00413538425121374, -22.58429440332211158, 13.28724465263634436 ) ) ;
#1499 = LINE ( 'NONE', #8786, #4478 ) ;
#1500 = CARTESIAN_POINT ( 'NONE',  ( 1.785830365129827291, 0.2777589635713955674, 7.479888939724678387 ) ) ;
#1501 = ORIENTED_EDGE ( 'NONE', *, *, #5247, .F. ) ;
#1502 = AXIS2_PLACEMENT_3D ( 'NONE', #6980, #1212, #3263 ) ;
#1503 = ORIENTED_EDGE ( 'NONE', *, *, #4404, .F. ) ;
#1504 = DESIGN_CONTEXT ( 'detailed design', #8168, 'design' ) ;
#1505 = DIRECTION ( 'NONE',  ( -1.000000000000000000, 0.000000000000000000, 0.000000000000000000 ) ) ;
#1506 = ORIENTED_EDGE ( 'NONE', *, *, #2254, .F. ) ;
#1507 = CARTESIAN_POINT ( 'NONE',  ( -75.19805645969543662, -3.203240132023855047, -7.487403165419649120 ) ) ;
#1508 = CYLINDRICAL_SURFACE ( 'NONE', #3843, 7.500000000000012434 ) ;
#1509 = DIRECTION ( 'NONE',  ( 0.000000000000000000, 0.000000000000000000, 1.000000000000000000 ) ) ;
#1510 = EDGE_CURVE ( 'NONE', #716, #5371, #6553, .T. ) ;
#1511 = AXIS2_PLACEMENT_3D ( 'NONE', #1995, #7828, #1261 ) ;
#1512 = CIRCLE ( 'NONE', #8545, 79.99999999999998579 ) ;
#1513 = VECTOR ( 'NONE', #4452, 1000.000000000000000 ) ;
#1514 = CARTESIAN_POINT ( 'NONE',  ( -16.67859365668659422, 39.09077406321897996, 24.21736415593752412 ) ) ;
#1515 = EDGE_LOOP ( 'NONE', ( #608, #790 ) ) ;
#1516 = CARTESIAN_POINT ( 'NONE',  ( -17.86022630152835688, 33.55391695608648917, 40.76000434719172461 ) ) ;
#1517 = ORIENTED_EDGE ( 'NONE', *, *, #4072, .T. ) ;
#1518 = CARTESIAN_POINT ( 'NONE',  ( 22.96217597082273798, 29.99999999999999645, -8.999999999999998224 ) ) ;
#1519 = VECTOR ( 'NONE', #6415, 1000.000000000000000 ) ;
#1520 = CARTESIAN_POINT ( 'NONE',  ( 34.36931771216882225, -25.00000000000000000, 0.000000000000000000 ) ) ;
#1521 = AXIS2_PLACEMENT_3D ( 'NONE', #6452, #8654, #5125 ) ;
#1522 = ORIENTED_EDGE ( 'NONE', *, *, #1412, .T. ) ;
#1523 = CARTESIAN_POINT ( 'NONE',  ( -35.30553202143224922, 0.000000000000000000, 0.000000000000000000 ) ) ;
#1524 = DIRECTION ( 'NONE',  ( -0.000000000000000000, 0.000000000000000000, 1.000000000000000000 ) ) ;
#1525 = ORIENTED_EDGE ( 'NONE', *, *, #314, .F. ) ;
#1526 = CARTESIAN_POINT ( 'NONE',  ( 38.89087296525944026, 38.89087296525845971, -281.0000000000000000 ) ) ;
#1527 = AXIS2_PLACEMENT_3D ( 'NONE', #9362, #4223, #7120 ) ;
#1528 = EDGE_CURVE ( 'NONE', #3992, #5681, #4795, .T. ) ;
#1529 = PERSON_AND_ORGANIZATION ( #4328, #5131 ) ;
#1530 = TOROIDAL_SURFACE ( 'NONE', #6118, 38.00000000000000000, 2.000000000000000000 ) ;
#1531 = DIRECTION ( 'NONE',  ( 3.083952846180989787E-16, 1.000000000000000000, -0.000000000000000000 ) ) ;
#1532 = DIRECTION ( 'NONE',  ( 0.000000000000000000, 0.000000000000000000, -1.000000000000000000 ) ) ;
#1533 = VECTOR ( 'NONE', #5993, 1000.000000000000000 ) ;
#1534 = CARTESIAN_POINT ( 'NONE',  ( -7.999999999999992895, 55.59999999999998010, -9.000000000000000000 ) ) ;
#1535 = DIRECTION ( 'NONE',  ( 0.000000000000000000, 1.000000000000000000, 0.000000000000000000 ) ) ;
#1536 = EDGE_LOOP ( 'NONE', ( #6049, #7341, #7303, #4819, #6534, #4286 ) ) ;
#1537 = CARTESIAN_POINT ( 'NONE',  ( 19.89974874213239531, 30.00000000000000000, 19.00000000000000000 ) ) ;
#1538 = DATE_AND_TIME ( #8041, #7575 ) ;
#1539 = EDGE_CURVE ( 'NONE', #4872, #6236, #4123, .T. ) ;
#1540 = PRODUCT_DEFINITION_FORMATION_WITH_SPECIFIED_SOURCE ( 'ANY', '', #8486, .NOT_KNOWN. ) ;
#1541 = APPLICATION_PROTOCOL_DEFINITION ( 'international standard', 'config_control_design', 1994, #8352 ) ;
#1542 = EDGE_CURVE ( 'NONE', #649, #7690, #364, .T. ) ;
#1543 = VECTOR ( 'NONE', #4925, 999.9999999999998863 ) ;
#1544 = DIRECTION ( 'NONE',  ( -0.000000000000000000, -0.000000000000000000, -1.000000000000000000 ) ) ;
#1545 = PERSON ( 'NAUO-PER27', 'UNSPECIFIED', 'UNSPECIFIED', ('UNSPECIFIED'), ('UNSPECIFIED'), ('UNSPECIFIED') ) ;
#1546 = CIRCLE ( 'NONE', #6271, 16.89999999999999858 ) ;
#1547 = VERTEX_POINT ( 'NONE', #3221 ) ;
#1548 = DIRECTION ( 'NONE',  ( 0.000000000000000000, 0.000000000000000000, 1.000000000000000000 ) ) ;
#1549 = AXIS2_PLACEMENT_3D ( 'NONE', #885, #7257, #5873 ) ;
#1550 = TOROIDAL_SURFACE ( 'NONE', #942, 38.00000000000000000, 2.000000000000000000 ) ;
#1551 = ORIENTED_EDGE ( 'NONE', *, *, #8267, .T. ) ;
#1552 = CARTESIAN_POINT ( 'NONE',  ( 63.46176972075376455, -48.70938086149337209, 0.000000000000000000 ) ) ;
#1553 = ORIENTED_EDGE ( 'NONE', *, *, #6300, .F. ) ;
#1554 = CARTESIAN_POINT ( 'NONE',  ( -38.25630898252006062, 18.58192065777491564, 16.23475464935146562 ) ) ;
#1555 = PERSON_AND_ORGANIZATION ( #2940, #5543 ) ;
#1556 = COORDINATED_UNIVERSAL_TIME_OFFSET ( 5, 30, .AHEAD. ) ;
#1557 = VECTOR ( 'NONE', #3214, 1000.000000000000000 ) ;
#1558 = DIRECTION ( 'NONE',  ( 0.9588197348681918308, 0.2840153447039270307, -0.000000000000000000 ) ) ;
#1559 = PLANE ( 'NONE',  #8580 ) ;
#1560 = CARTESIAN_POINT ( 'NONE',  ( -45.07812899334817303, -13.35275013547102319, 190.0000000000000000 ) ) ;
#1561 = ORIENTED_EDGE ( 'NONE', *, *, #2448, .F. ) ;
#1562 = APPROVAL ( #5751, 'UNSPECIFIED' ) ;
#1563 = FACE_OUTER_BOUND ( 'NONE', #6524, .T. ) ;
#1564 = ORIENTED_EDGE ( 'NONE', *, *, #8598, .F. ) ;
#1565 = CARTESIAN_POINT ( 'NONE',  ( 0.000000000000000000, 0.000000000000000000, 0.000000000000000000 ) ) ;
#1566 = DIRECTION ( 'NONE',  ( 1.000000000000000000, 0.000000000000000000, 0.000000000000000000 ) ) ;
#1567 = DIRECTION ( 'NONE',  ( 1.000000000000000000, -1.110223024625156540E-16, 0.000000000000000000 ) ) ;
#1568 = CARTESIAN_POINT ( 'NONE',  ( -8.960149510242519710, 41.54738196321355304, 12.66026319656410060 ) ) ;
#1569 = PRODUCT_DEFINITION_SHAPE ( 'NONE', 'NONE',  #9482 ) ;
#1570 = EDGE_LOOP ( 'NONE', ( #1522, #691, #6696, #6348 ) ) ;
#1571 = CARTESIAN_POINT ( 'NONE',  ( 38.00000000000000000, 30.00000000000000000, 8.999999999999998224 ) ) ;
#1572 = CARTESIAN_POINT ( 'NONE',  ( -16.95055246686619910, 34.02856455862980312, 41.86668874902472481 ) ) ;
#1573 = APPROVAL ( #8668, 'UNSPECIFIED' ) ;
#1574 = ORIENTED_EDGE ( 'NONE', *, *, #4768, .F. ) ;
#1575 = EDGE_CURVE ( 'NONE', #7364, #6726, #1777, .T. ) ;
#1576 = FACE_BOUND ( 'NONE', #2973, .T. ) ;
#1577 = ORIENTED_EDGE ( 'NONE', *, *, #7853, .T. ) ;
#1578 = CARTESIAN_POINT ( 'NONE',  ( 8.000000000000000000, 145.5999999999999943, 4.999999999999999112 ) ) ;
#1579 = CARTESIAN_POINT ( 'NONE',  ( 6.000000000000000000, 145.5999999999999943, -4.999999999999999112 ) ) ;
#1580 = VERTEX_POINT ( 'NONE', #8462 ) ;
#1581 = CARTESIAN_POINT ( 'NONE',  ( -21.90948871721527524, 30.00000000000000355, 9.186736661960956951 ) ) ;
#1582 = COORDINATED_UNIVERSAL_TIME_OFFSET ( 5, 30, .AHEAD. ) ;
#1583 = CARTESIAN_POINT ( 'NONE',  ( 0.000000000000000000, 0.000000000000000000, 90.00000000000000000 ) ) ;
#1584 = CARTESIAN_POINT ( 'NONE',  ( 0.000000000000000000, -42.50000000000000711, 43.89999999999999147 ) ) ;
#1585 = CARTESIAN_POINT ( 'NONE',  ( -60.00000000000406430, 2.335300015314938803E-12, -266.0000000000000000 ) ) ;
#1586 = VERTEX_POINT ( 'NONE', #1043 ) ;
#1587 = EDGE_CURVE ( 'NONE', #8840, #7791, #3080, .T. ) ;
#1588 = FACE_OUTER_BOUND ( 'NONE', #2181, .T. ) ;
#1589 = ORIENTED_EDGE ( 'NONE', *, *, #2845, .F. ) ;
#1590 = DIRECTION ( 'NONE',  ( 0.000000000000000000, 0.000000000000000000, -1.000000000000000000 ) ) ;
#1591 = LOCAL_TIME ( 2, 39, 17.00000000000000000, #3004 ) ;
#1592 = CALENDAR_DATE ( 2026, 3, 10 ) ;
#1593 =( GEOMETRIC_REPRESENTATION_CONTEXT ( 3 ) GLOBAL_UNCERTAINTY_ASSIGNED_CONTEXT ( ( #8015 ) ) GLOBAL_UNIT_ASSIGNED_CONTEXT ( ( #6168, #8370, #2148 ) ) REPRESENTATION_CONTEXT ( 'NONE', 'WORKASPACE' ) );
#1594 = CARTESIAN_POINT ( 'NONE',  ( 38.00000000000000000, 0.000000000000000000, 8.999999999999998224 ) ) ;
#1595 = ORIENTED_EDGE ( 'NONE', *, *, #5523, .T. ) ;
#1596 = ORGANIZATION ( 'NAUO-ORG6', 'UNSPECIFIED', 'UNSPECIFIED' ) ;
#1597 = EDGE_CURVE ( 'NONE', #3496, #2648, #6166, .T. ) ;
#1598 = CYLINDRICAL_SURFACE ( 'NONE', #2483, 39.50000000000000711 ) ;
#1599 = VERTEX_POINT ( 'NONE', #3994 ) ;
#1600 = EDGE_LOOP ( 'NONE', ( #4987, #6186, #8525, #3580 ) ) ;
#1601 = DIRECTION ( 'NONE',  ( 0.000000000000000000, 0.000000000000000000, -1.000000000000000000 ) ) ;
#1602 = FACE_OUTER_BOUND ( 'NONE', #7322, .T. ) ;
#1603 = VECTOR ( 'NONE', #1080, 1000.000000000000000 ) ;
#1604 = ORIENTED_EDGE ( 'NONE', *, *, #1885, .T. ) ;
#1605 = DIRECTION ( 'NONE',  ( 0.000000000000000000, 0.000000000000000000, 1.000000000000000000 ) ) ;
#1606 = APPROVAL_PERSON_ORGANIZATION ( #8965, #3504, #1607 ) ;
#1607 = APPROVAL_ROLE ( '' ) ;
#1608 = DATE_AND_TIME ( #2284, #3700 ) ;
#1609 = SECURITY_CLASSIFICATION_LEVEL ( 'unclassified' ) ;
#1610 = CARTESIAN_POINT ( 'NONE',  ( 38.00000000000000711, -0.9067647531766622748, 20.77501000800801734 ) ) ;
#1611 = DIRECTION ( 'NONE',  ( -0.000000000000000000, -0.000000000000000000, -1.000000000000000000 ) ) ;
#1612 = DIRECTION ( 'NONE',  ( -1.000000000000000000, 0.000000000000000000, 0.000000000000000000 ) ) ;
#1613 = CC_DESIGN_SECURITY_CLASSIFICATION ( #1917, ( #9476 ) ) ;
#1614 = EDGE_LOOP ( 'NONE', ( #7916, #8984, #6778, #2280 ) ) ;
#1615 = EDGE_CURVE ( 'NONE', #7734, #2594, #1060, .T. ) ;
#1616 = ADVANCED_FACE ( 'NONE', ( #7028 ), #7782, .F. ) ;
#1617 = FACE_OUTER_BOUND ( 'NONE', #1442, .T. ) ;
#1618 = VERTEX_POINT ( 'NONE', #1951 ) ;
#1619 = DIRECTION ( 'NONE',  ( 1.000000000000000000, 0.000000000000000000, 0.000000000000000000 ) ) ;
#1620 = CARTESIAN_POINT ( 'NONE',  ( -72.38980844634869527, -4.893431366139011196, -10.24417555680679293 ) ) ;
#1621 = PLANE ( 'NONE',  #8536 ) ;
#1622 = B_SPLINE_CURVE_WITH_KNOTS ( 'NONE', 3,
 ( #6028, #83, #6754, #1669, #6600, #3033, #4613, #8903, #30, #1463, #3899, #4408, #6801, #6071, #8953, #4565 ),
 .UNSPECIFIED., .F., .F.,
 ( 4, 2, 2, 2, 2, 2, 2, 4 ),
 ( 3.878959614448864246E-18, 0.002786729081989914366, 0.004180093622984870465, 0.005573458163979826997, 0.006966822704974783530, 0.008360187245969740930, 0.009753551786964697462, 0.01114691632795965573 ),
 .UNSPECIFIED. ) ;
#1623 = ORIENTED_EDGE ( 'NONE', *, *, #5539, .F. ) ;
#1624 = CARTESIAN_POINT ( 'NONE',  ( -13.81735316330176744, 35.42199234272150932, 9.182751135866043413 ) ) ;
#1625 = ORIENTED_EDGE ( 'NONE', *, *, #3003, .T. ) ;
#1626 = CYLINDRICAL_SURFACE ( 'NONE', #5359, 36.00000000000000000 ) ;
#1627 = VERTEX_POINT ( 'NONE', #4878 ) ;
#1628 = CARTESIAN_POINT ( 'NONE',  ( -16.89999999999999858, 2.069653090559026923E-15, 1.999999999999988010 ) ) ;
#1629 = FACE_OUTER_BOUND ( 'NONE', #1929, .T. ) ;
#1630 = ORIENTED_EDGE ( 'NONE', *, *, #7618, .T. ) ;
#1631 = CARTESIAN_POINT ( 'NONE',  ( -37.83658314005199941, 3.636841378932821112, 20.61979139069461198 ) ) ;
#1632 = APPROVAL_ROLE ( '' ) ;
#1633 = PRODUCT_RELATED_PRODUCT_CATEGORY ( 'detail', '', ( #2623 ) ) ;
#1634 = ADVANCED_FACE ( 'NONE', ( #1817 ), #2808, .T. ) ;
#1635 = DIRECTION ( 'NONE',  ( -0.000000000000000000, -0.000000000000000000, -1.000000000000000000 ) ) ;
#1636 = CARTESIAN_POINT ( 'NONE',  ( 1.725022993852668420E-14, 145.5999999999999943, 4.999999999999999112 ) ) ;
#1637 = ORIENTED_EDGE ( 'NONE', *, *, #2254, .T. ) ;
#1638 = CARTESIAN_POINT ( 'NONE',  ( -42.50000000000000711, 0.000000000000000000, 55.09999999999999432 ) ) ;
#1639 = VERTEX_POINT ( 'NONE', #5117 ) ;
#1640 = CARTESIAN_POINT ( 'NONE',  ( -36.76294694533463314, 0.2777589635784699640, 17.50000000000000000 ) ) ;
#1641 = APPROVAL_STATUS ( 'not_yet_approved' ) ;
#1642 = ADVANCED_FACE ( 'NONE', ( #4356 ), #592, .T. ) ;
#1643 = CARTESIAN_POINT ( 'NONE',  ( 39.50000000000000000, 0.000000000000000000, 55.09999999999999432 ) ) ;
#1644 = VERTEX_POINT ( 'NONE', #3584 ) ;
#1645 = DIRECTION ( 'NONE',  ( -0.000000000000000000, -0.000000000000000000, -1.000000000000000000 ) ) ;
#1646 = CARTESIAN_POINT ( 'NONE',  ( 20.46778465614082521, 29.99999999999999289, 9.909665623320549344 ) ) ;
#1647 = VERTEX_POINT ( 'NONE', #6446 ) ;
#1648 = DIRECTION ( 'NONE',  ( -1.000000000000000000, -6.938893903907228378E-15, 0.000000000000000000 ) ) ;
#1649 = APPROVAL_STATUS ( 'not_yet_approved' ) ;
#1650 = COORDINATED_UNIVERSAL_TIME_OFFSET ( 5, 30, .AHEAD. ) ;
#1651 = EDGE_CURVE ( 'NONE', #3696, #5756, #2616, .T. ) ;
#1652 = PLANE ( 'NONE',  #4438 ) ;
#1653 = CARTESIAN_POINT ( 'NONE',  ( -74.76294694533464735, -7.309236489168299933, 7.500000000000012434 ) ) ;
#1654 = CARTESIAN_POINT ( 'NONE',  ( 0.000000000000000000, 0.000000000000000000, 90.00000000000000000 ) ) ;
#1655 = ORIENTED_EDGE ( 'NONE', *, *, #957, .T. ) ;
#1656 = ORIENTED_EDGE ( 'NONE', *, *, #8334, .T. ) ;
#1657 = CARTESIAN_POINT ( 'NONE',  ( -1.253142621289664138, -5.681365711800397733, -10.24819326556449717 ) ) ;
#1658 = AXIS2_PLACEMENT_3D ( 'NONE', #4374, #7603, #1470 ) ;
#1659 = VERTEX_POINT ( 'NONE', #5689 ) ;
#1660 = DIRECTION ( 'NONE',  ( 3.083952846180989787E-16, 1.000000000000000000, 0.000000000000000000 ) ) ;
#1661 = CARTESIAN_POINT ( 'NONE',  ( 30.17675639024148282, 23.10183176285252316, 12.68201994043568348 ) ) ;
#1662 = DIRECTION ( 'NONE',  ( -1.110223024625156540E-16, -1.000000000000000000, -2.705679627742444356E-16 ) ) ;
#1663 = EDGE_CURVE ( 'NONE', #6584, #202, #4402, .T. ) ;
#1664 = EDGE_CURVE ( 'NONE', #6845, #8809, #4978, .T. ) ;
#1665 = ORIENTED_EDGE ( 'NONE', *, *, #4098, .F. ) ;
#1666 = AXIS2_PLACEMENT_3D ( 'NONE', #4025, #5458, #302 ) ;
#1667 = CARTESIAN_POINT ( 'NONE',  ( -20.45523615377257798, 32.02652331764009830, 36.40051487681104447 ) ) ;
#1668 = VERTEX_POINT ( 'NONE', #5070 ) ;
#1669 = CARTESIAN_POINT ( 'NONE',  ( -30.79577776033832848, 22.26551134511400676, 13.63940246838136261 ) ) ;
#1670 = ORIENTED_EDGE ( 'NONE', *, *, #581, .T. ) ;
#1671 = CARTESIAN_POINT ( 'NONE',  ( -17.83524192795231755, 31.53903342055719961, 10.05374958857092338 ) ) ;
#1672 = CARTESIAN_POINT ( 'NONE',  ( -36.00000000000029843, 43.99999999999974420, 15.00000000000000000 ) ) ;
#1673 = VECTOR ( 'NONE', #6955, 1000.000000000000000 ) ;
#1674 = AXIS2_PLACEMENT_3D ( 'NONE', #879, #7505, #3686 ) ;
#1675 = CARTESIAN_POINT ( 'NONE',  ( -20.60954101374385417, 30.00000000000000000, 9.796834691266663953 ) ) ;
#1676 = PERSON_AND_ORGANIZATION_ROLE ( 'classification_officer' ) ;
#1677 = CIRCLE ( 'NONE', #2609, 36.00000000000000000 ) ;
#1678 = AXIS2_PLACEMENT_3D ( 'NONE', #9236, #378, #4274 ) ;
#1679 = CARTESIAN_POINT ( 'NONE',  ( 36.00000000000000000, 0.000000000000000000, 190.0000000000000000 ) ) ;
#1680 = ORIENTED_EDGE ( 'NONE', *, *, #3373, .F. ) ;
#1681 = DIRECTION ( 'NONE',  ( 0.000000000000000000, 0.000000000000000000, -1.000000000000000000 ) ) ;
#1682 = VECTOR ( 'NONE', #6154, 1000.000000000000000 ) ;
#1683 = LINE ( 'NONE', #330, #5509 ) ;
#1684 = CALENDAR_DATE ( 2026, 3, 10 ) ;
#1685 = PRODUCT_DEFINITION ( 'UNKNOWN', '', #5227, #4507 ) ;
#1686 = AXIS2_PLACEMENT_3D ( 'NONE', #2106, #3459, #5126 ) ;
#1687 = ITEM_DEFINED_TRANSFORMATION ( 'NONE', 'NONE', #2491,  #8931 ) ;
#1688 = VECTOR ( 'NONE', #2013, 1000.000000000000000 ) ;
#1689 = AXIS2_PLACEMENT_3D ( 'NONE', #1474, #6765, #3044 ) ;
#1690 = FACE_OUTER_BOUND ( 'NONE', #142, .T. ) ;
#1691 = PLANE ( 'NONE',  #9331 ) ;
#1692 = AXIS2_PLACEMENT_3D ( 'NONE', #7182, #4997, #7712 ) ;
#1693 = ORIENTED_EDGE ( 'NONE', *, *, #1149, .T. ) ;
#1694 = CARTESIAN_POINT ( 'NONE',  ( 0.000000000000000000, 0.000000000000000000, -266.0000000000000000 ) ) ;
#1695 = ADVANCED_FACE ( 'NONE', ( #9313 ), #505, .T. ) ;
#1696 = DIRECTION ( 'NONE',  ( 0.000000000000000000, 0.000000000000000000, -1.000000000000000000 ) ) ;
#1697 = LOCAL_TIME ( 2, 39, 17.00000000000000000, #7754 ) ;
#1698 = VECTOR ( 'NONE', #6089, 1000.000000000000000 ) ;
#1699 = ORIENTED_EDGE ( 'NONE', *, *, #6935, .F. ) ;
#1700 = CARTESIAN_POINT ( 'NONE',  ( -42.21004886235981957, 4.976252662167372165, 20.46680582426981587 ) ) ;
#1701 = CALENDAR_DATE ( 2026, 3, 10 ) ;
#1702 = COORDINATED_UNIVERSAL_TIME_OFFSET ( 5, 30, .AHEAD. ) ;
#1703 = CARTESIAN_POINT ( 'NONE',  ( 0.000000000000000000, 0.000000000000000000, 15.00000000000000000 ) ) ;
#1704 = DIRECTION ( 'NONE',  ( -1.000000000000000000, -6.938893903907228378E-15, 0.000000000000000000 ) ) ;
#1705 = CARTESIAN_POINT ( 'NONE',  ( 16.89993895216913700, 38.99541079944368960, 26.44129202136297252 ) ) ;
#1706 = FACE_OUTER_BOUND ( 'NONE', #7816, .T. ) ;
#1707 = AXIS2_PLACEMENT_3D ( 'NONE', #836, #2967, #876 ) ;
#1708 = ORIENTED_EDGE ( 'NONE', *, *, #4855, .T. ) ;
#1709 = DESIGN_CONTEXT ( 'detailed design', #9028, 'design' ) ;
#1710 = EDGE_CURVE ( 'NONE', #3008, #5066, #597, .T. ) ;
#1711 = CARTESIAN_POINT ( 'NONE',  ( -14.90142369728410721, -34.96149983406733952, 10.12646584720151743 ) ) ;
#1712 = VERTEX_POINT ( 'NONE', #2828 ) ;
#1713 = DIRECTION ( 'NONE',  ( 0.000000000000000000, 0.000000000000000000, 1.000000000000000000 ) ) ;
#1714 = CARTESIAN_POINT ( 'NONE',  ( -72.37057852666988822, -5.022863733857360735, -10.24483544369776666 ) ) ;
#1715 = DIRECTION ( 'NONE',  ( 0.9237280213470682178, 5.551115123125782702E-17, -0.3830490080632377725 ) ) ;
#1716 = VECTOR ( 'NONE', #4527, 1000.000000000000000 ) ;
#1717 = CARTESIAN_POINT ( 'NONE',  ( -7.508057736764969903, 41.83449900821754852, 11.84925457292497697 ) ) ;
#1718 = EDGE_LOOP ( 'NONE', ( #514, #3745, #3796, #697 ) ) ;
#1719 = VECTOR ( 'NONE', #1142, 1000.000000000000000 ) ;
#1720 = DIRECTION ( 'NONE',  ( -0.2840153447039203138, 0.9588197348681938292, 0.000000000000000000 ) ) ;
#1721 = ORIENTED_EDGE ( 'NONE', *, *, #1301, .F. ) ;
#1722 = EDGE_CURVE ( 'NONE', #128, #2780, #5731, .T. ) ;
#1723 = DIRECTION ( 'NONE',  ( 0.000000000000000000, 0.000000000000000000, -1.000000000000000000 ) ) ;
#1724 = ORIENTED_EDGE ( 'NONE', *, *, #7457, .T. ) ;
#1725 = DIRECTION ( 'NONE',  ( -0.000000000000000000, -0.000000000000000000, 1.000000000000000000 ) ) ;
#1726 = DIRECTION ( 'NONE',  ( -1.000000000000000000, 0.000000000000000000, 0.000000000000000000 ) ) ;
#1727 = CYLINDRICAL_SURFACE ( 'NONE', #7776, 5.000000000000004441 ) ;
#1728 = DIRECTION ( 'NONE',  ( 0.000000000000000000, -0.000000000000000000, -1.000000000000000000 ) ) ;
#1729 = APPROVAL_DATE_TIME ( #6035, #5273 ) ;
#1730 = APPLICATION_CONTEXT ( 'configuration controlled 3d designs of mechanical parts and assemblies' ) ;
#1731 = DIRECTION ( 'NONE',  ( 1.000000000000000000, 1.776356839400250465E-15, 0.000000000000000000 ) ) ;
#1732 = DIRECTION ( 'NONE',  ( -1.000000000000000000, 0.000000000000000000, 0.000000000000000000 ) ) ;
#1733 = VERTEX_POINT ( 'NONE', #4931 ) ;
#1734 = ADVANCED_FACE ( 'NONE', ( #2782 ), #1268, .T. ) ;
#1735 = DIRECTION ( 'NONE',  ( -1.000000000000000000, 0.000000000000000000, 0.000000000000000000 ) ) ;
#1736 = ORIENTED_EDGE ( 'NONE', *, *, #140, .T. ) ;
#1737 = CARTESIAN_POINT ( 'NONE',  ( 1.237053054665496754, -48.39287933429384481, -5.000000000000270894 ) ) ;
#1738 = CONTEXT_DEPENDENT_SHAPE_REPRESENTATION ( #1989, #108 ) ;
#1739 = DATE_TIME_ROLE ( 'classification_date' ) ;
#1740 = DIRECTION ( 'NONE',  ( -1.000000000000000000, 0.000000000000000000, 0.000000000000000000 ) ) ;
#1741 = ORIENTED_EDGE ( 'NONE', *, *, #7844, .T. ) ;
#1742 = DIRECTION ( 'NONE',  ( -0.000000000000000000, 1.000000000000000000, -0.000000000000000000 ) ) ;
#1743 = ORIENTED_EDGE ( 'NONE', *, *, #7901, .F. ) ;
#1744 = DIRECTION ( 'NONE',  ( 0.000000000000000000, 0.000000000000000000, 1.000000000000000000 ) ) ;
#1745 = APPROVAL_PERSON_ORGANIZATION ( #6421, #6956, #2078 ) ;
#1746 = EDGE_LOOP ( 'NONE', ( #6740, #6894, #1205, #4836, #7154, #3595, #9412, #1418, #642, #2095, #1274, #1165 ) ) ;
#1747 = CARTESIAN_POINT ( 'NONE',  ( -40.16915035092258535, 13.90773618445006399, 18.28928354864017791 ) ) ;
#1748 = COORDINATED_UNIVERSAL_TIME_OFFSET ( 5, 30, .AHEAD. ) ;
#1749 = COORDINATED_UNIVERSAL_TIME_OFFSET ( 5, 30, .AHEAD. ) ;
#1750 = DIRECTION ( 'NONE',  ( -0.000000000000000000, 0.000000000000000000, 1.000000000000000000 ) ) ;
#1751 = CC_DESIGN_PERSON_AND_ORGANIZATION_ASSIGNMENT ( #5032, #2162, ( #5726 ) ) ;
#1752 = EDGE_CURVE ( 'NONE', #5816, #2765, #7879, .T. ) ;
#1753 = APPROVAL_PERSON_ORGANIZATION ( #4053, #8950, #7667 ) ;
#1754 = CARTESIAN_POINT ( 'NONE',  ( -43.89087296526769677, -38.89087296525845971, -281.0000000000000000 ) ) ;
#1755 = ORIENTED_EDGE ( 'NONE', *, *, #6985, .T. ) ;
#1756 = VECTOR ( 'NONE', #1660, 1000.000000000000000 ) ;
#1757 = ORIENTED_EDGE ( 'NONE', *, *, #3646, .T. ) ;
#1758 = CARTESIAN_POINT ( 'NONE',  ( 5.715855393193892500E-19, -42.50000000000001421, 43.89999999999999858 ) ) ;
#1759 = CC_DESIGN_APPROVAL ( #5273, ( #7250 ) ) ;
#1760 = CARTESIAN_POINT ( 'NONE',  ( -15.43105765072596824, -34.73028351131130620, 10.60959564701371072 ) ) ;
#1761 = VERTEX_POINT ( 'NONE', #2195 ) ;
#1762 = DIRECTION ( 'NONE',  ( 0.000000000000000000, 0.000000000000000000, -1.000000000000000000 ) ) ;
#1763 = DIRECTION ( 'NONE',  ( 0.000000000000000000, 0.000000000000000000, -1.000000000000000000 ) ) ;
#1764 = DIRECTION ( 'NONE',  ( 1.000000000000000000, 0.000000000000000000, 0.000000000000000000 ) ) ;
#1765 = LOCAL_TIME ( 2, 39, 17.00000000000000000, #5142 ) ;
#1766 = CC_DESIGN_APPROVAL ( #9114, ( #8790 ) ) ;
#1767 = ADVANCED_FACE ( 'NONE', ( #6391 ), #8605, .F. ) ;
#1768 = ORIENTED_EDGE ( 'NONE', *, *, #6672, .T. ) ;
#1769 = CARTESIAN_POINT ( 'NONE',  ( 43.89087296526123083, 38.89087296525845971, -266.0000000000000000 ) ) ;
#1770 = CARTESIAN_POINT ( 'NONE',  ( -17.84969721258764253, 31.26321015857041985, 11.00000000000000000 ) ) ;
#1771 = CARTESIAN_POINT ( 'NONE',  ( -35.07143880316128559, 24.00602875074607923, 11.12454452648511527 ) ) ;
#1772 = ORIENTED_EDGE ( 'NONE', *, *, #1048, .F. ) ;
#1773 = CARTESIAN_POINT ( 'NONE',  ( 38.00000000000000000, 0.000000000000000000, -8.999999999999998224 ) ) ;
#1774 = ORIENTED_EDGE ( 'NONE', *, *, #7122, .F. ) ;
#1775 = CARTESIAN_POINT ( 'NONE',  ( -45.07812899334817303, -13.35275013547102319, -152.0000000000000000 ) ) ;
#1776 = FACE_OUTER_BOUND ( 'NONE', #8973, .T. ) ;
#1777 = LINE ( 'NONE', #6208, #3226 ) ;
#1778 = EDGE_CURVE ( 'NONE', #2740, #7690, #4451, .T. ) ;
#1779 = CARTESIAN_POINT ( 'NONE',  ( -72.76294694533463314, 0.2777589635784699640, -10.22250535117724013 ) ) ;
#1780 = EDGE_LOOP ( 'NONE', ( #1755, #6330, #3874, #7405 ) ) ;
#1781 = CARTESIAN_POINT ( 'NONE',  ( -16.15824077874042075, 185.5423739048267464, 9.000000000000000000 ) ) ;
#1782 = ORIENTED_EDGE ( 'NONE', *, *, #7950, .T. ) ;
#1783 = CARTESIAN_POINT ( 'NONE',  ( 0.000000000000000000, 0.000000000000000000, 78.29999999999999716 ) ) ;
#1784 = APPROVAL_ROLE ( '' ) ;
#1785 = CALENDAR_DATE ( 2026, 3, 10 ) ;
#1786 = EDGE_CURVE ( 'NONE', #2018, #1639, #8408, .T. ) ;
#1787 = EDGE_CURVE ( 'NONE', #2947, #3449, #3233, .T. ) ;
#1788 = CARTESIAN_POINT ( 'NONE',  ( 22.45123178880929515, 30.65848607886571386, 28.52841258569402072 ) ) ;
#1789 = CARTESIAN_POINT ( 'NONE',  ( 20.16122320312539173, -32.21780462492414188, 37.09565544575075791 ) ) ;
#1790 = ORIENTED_EDGE ( 'NONE', *, *, #9317, .F. ) ;
#1791 = PLANE ( 'NONE',  #5221 ) ;
#1792 = CARTESIAN_POINT ( 'NONE',  ( 0.000000000000000000, 0.000000000000000000, 71.00000000000000000 ) ) ;
#1793 = APPROVAL_DATE_TIME ( #4019, #8044 ) ;
#1794 = DATE_TIME_ROLE ( 'classification_date' ) ;
#1795 = DIRECTION ( 'NONE',  ( -0.000000000000000000, -0.000000000000000000, -1.000000000000000000 ) ) ;
#1796 = CARTESIAN_POINT ( 'NONE',  ( 15.38723898657761247, 39.61735514538916902, 34.01046327479402009 ) ) ;
#1797 = DIRECTION ( 'NONE',  ( 0.000000000000000000, 0.000000000000000000, -1.000000000000000000 ) ) ;
#1798 = ORIENTED_EDGE ( 'NONE', *, *, #5613, .F. ) ;
#1799 = CARTESIAN_POINT ( 'NONE',  ( -3.021077474043925903, -37.90842946222159782, 4.653691178744699286 ) ) ;
#1800 = EDGE_LOOP ( 'NONE', ( #7143, #7072, #4273, #1595 ) ) ;
#1801 = LINE ( 'NONE', #985, #1603 ) ;
#1802 = CARTESIAN_POINT ( 'NONE',  ( 17.84503706407451418, 31.35213108933460902, -10.43964595535977935 ) ) ;
#1803 = DIRECTION ( 'NONE',  ( 0.9237280213470682178, 5.551115123125782702E-17, -0.3830490080632377725 ) ) ;
#1804 = CARTESIAN_POINT ( 'NONE',  ( 8.000000000000000000, 145.5999999999999943, -6.999999999999999112 ) ) ;
#1805 = CYLINDRICAL_SURFACE ( 'NONE', #9193, 36.00000000000000000 ) ;
#1806 = CARTESIAN_POINT ( 'NONE',  ( -63.46176972075306821, -48.70938086149426027, -53.00000000000000000 ) ) ;
#1807 = B_SPLINE_CURVE_WITH_KNOTS ( 'NONE', 3,
 ( #3648, #2941, #6892, #702 ),
 .UNSPECIFIED., .F., .F.,
 ( 4, 4 ),
 ( 0.000000000000000000, 1.000000000000000000 ),
 .UNSPECIFIED. ) ;
#1808 = AXIS2_PLACEMENT_3D ( 'NONE', #6502, #2883, #7892 ) ;
#1809 = CARTESIAN_POINT ( 'NONE',  ( -34.36931771216878673, 25.00000000000002487, 6.755772121541200548 ) ) ;
#1810 =( REPRESENTATION_RELATIONSHIP ('NONE','NONE', #1222, #3946 ) REPRESENTATION_RELATIONSHIP_WITH_TRANSFORMATION ( #1378 )SHAPE_REPRESENTATION_RELATIONSHIP( ) );
#1811 = ORIENTED_EDGE ( 'NONE', *, *, #4303, .T. ) ;
#1812 = CARTESIAN_POINT ( 'NONE',  ( 29.18878273068383322, -24.33246394046442873, 10.37557696029270460 ) ) ;
#1813 = B_SPLINE_CURVE_WITH_KNOTS ( 'NONE', 3,
 ( #1809, #8274, #9126, #8364, #2591, #4702, #6114, #1771, #8457, #6843, #1035, #3989, #6893, #1123, #9047, #2506, #5423, #9087 ),
 .UNSPECIFIED., .F., .F.,
 ( 4, 2, 2, 2, 2, 2, 2, 2, 4 ),
 ( 2.969368287472575283E-17, 0.002736301914043144570, 0.003420377392553924315, 0.004104452871064704494, 0.005472603828086259649, 0.006840754785107813936, 0.008208905742129369090, 0.009577056699150925112, 0.01094520765617247940 ),
 .UNSPECIFIED. ) ;
#1814 = EDGE_LOOP ( 'NONE', ( #4232, #9432, #406, #5065 ) ) ;
#1815 = CARTESIAN_POINT ( 'NONE',  ( 0.000000000000000000, -44.00000000000000000, 129.0000000000000000 ) ) ;
#1816 = FACE_OUTER_BOUND ( 'NONE', #2956, .T. ) ;
#1817 = FACE_OUTER_BOUND ( 'NONE', #1985, .T. ) ;
#1818 = ADVANCED_FACE ( 'NONE', ( #6529 ), #9408, .T. ) ;
#1819 = CARTESIAN_POINT ( 'NONE',  ( 5.000000000000000000, 55.00000000000000000, -281.0000000000000000 ) ) ;
#1820 = B_SPLINE_CURVE_WITH_KNOTS ( 'NONE', 3,
 ( #7218, #7129, #648, #8029, #3597, #1466, #750, #6603, #998, #3755, #8079, #7370, #2411, #8807, #8226, #2259 ),
 .UNSPECIFIED., .F., .F.,
 ( 4, 2, 2, 2, 2, 2, 2, 4 ),
 ( 0.02844308035040464880, 0.03383906219529424914, 0.03518805765651664835, 0.03653705311773904063, 0.03923504404018383906, 0.04463102588507343593, 0.04732901680751823437, 0.05002700772996303974 ),
 .UNSPECIFIED. ) ;
#1821 = CARTESIAN_POINT ( 'NONE',  ( 40.19019662730593723, 13.92347567499154337, 18.31245404607234661 ) ) ;
#1822 = CARTESIAN_POINT ( 'NONE',  ( 26.99999999999969091, 44.00000000000018474, 15.00000000000000000 ) ) ;
#1823 = VERTEX_POINT ( 'NONE', #7971 ) ;
#1824 = CARTESIAN_POINT ( 'NONE',  ( 0.000000000000000000, 0.000000000000000000, 4.299999999999999822 ) ) ;
#1825 = CARTESIAN_POINT ( 'NONE',  ( 34.72977256839795501, 24.49696747395734064, 9.895578596590379306 ) ) ;
#1826 = AXIS2_PLACEMENT_3D ( 'NONE', #6283, #7056, #1152 ) ;
#1827 = CIRCLE ( 'NONE', #3072, 5.000000000000004441 ) ;
#1828 = DIRECTION ( 'NONE',  ( -1.000000000000000000, -8.759319517086517175E-15, 0.000000000000000000 ) ) ;
#1829 = DATE_TIME_ROLE ( 'classification_date' ) ;
#1830 = ADVANCED_FACE ( 'NONE', ( #1409 ), #5822, .F. ) ;
#1831 = SECURITY_CLASSIFICATION_LEVEL ( 'unclassified' ) ;
#1832 = VECTOR ( 'NONE', #9172, 1000.000000000000000 ) ;
#1833 = CIRCLE ( 'NONE', #275, 36.00000000000000000 ) ;
#1834 = AXIS2_PLACEMENT_3D ( 'NONE', #8906, #322, #3993 ) ;
#1835 = CARTESIAN_POINT ( 'NONE',  ( 22.48999014105499228, 30.63006563718224484, 27.77084195669267430 ) ) ;
#1836 = AXIS2_PLACEMENT_3D ( 'NONE', #4708, #7610, #5507 ) ;
#1837 = CARTESIAN_POINT ( 'NONE',  ( 11.37415928790344211, -36.25929687625181685, 46.41681103699150412 ) ) ;
#1838 = VERTEX_POINT ( 'NONE', #941 ) ;
#1839 = FACE_OUTER_BOUND ( 'NONE', #8376, .T. ) ;
#1840 = AXIS2_PLACEMENT_3D ( 'NONE', #5334, #1535, #3141 ) ;
#1841 = EDGE_CURVE ( 'NONE', #8653, #3489, #5046, .T. ) ;
#1842 = AXIS2_PLACEMENT_3D ( 'NONE', #7661, #8563, #4048 ) ;
#1843 = EDGE_CURVE ( 'NONE', #2409, #8791, #6608, .T. ) ;
#1844 = CARTESIAN_POINT ( 'NONE',  ( -17.84969721258763897, 31.26321015857042696, -10.85542629633299150 ) ) ;
#1845 = CALENDAR_DATE ( 2026, 3, 10 ) ;
#1846 = AXIS2_PLACEMENT_3D ( 'NONE', #7958, #4161, #8593 ) ;
#1847 = DIRECTION ( 'NONE',  ( 0.000000000000000000, 0.000000000000000000, -1.000000000000000000 ) ) ;
#1848 = CIRCLE ( 'NONE', #2925, 2.000000000000000000 ) ;
#1849 = APPROVAL_PERSON_ORGANIZATION ( #9, #1256, #5156 ) ;
#1850 = CIRCLE ( 'NONE', #6569, 27.00000000000000000 ) ;
#1851 = CARTESIAN_POINT ( 'NONE',  ( 0.000000000000000000, 0.000000000000000000, -38.00000000000000000 ) ) ;
#1852 = ADVANCED_FACE ( 'NONE', ( #8065 ), #1508, .T. ) ;
#1853 = EDGE_LOOP ( 'NONE', ( #601, #6131, #421, #1174 ) ) ;
#1854 = CARTESIAN_POINT ( 'NONE',  ( -36.00000000000000000, -2.513866563967056016E-13, 0.000000000000000000 ) ) ;
#1855 = DIRECTION ( 'NONE',  ( 1.000000000000000000, 1.776356839400250465E-15, 0.000000000000000000 ) ) ;
#1856 = DIRECTION ( 'NONE',  ( 0.9237280213470682178, 0.000000000000000000, -0.3830490080632377725 ) ) ;
#1857 = AXIS2_PLACEMENT_3D ( 'NONE', #5319, #9166, #8218 ) ;
#1858 = CIRCLE ( 'NONE', #6905, 7.500000000000017764 ) ;
#1859 = DIRECTION ( 'NONE',  ( 3.083952846180989787E-16, 1.000000000000000000, 0.000000000000000000 ) ) ;
#1860 = ORIENTED_EDGE ( 'NONE', *, *, #7139, .T. ) ;
#1861 = CARTESIAN_POINT ( 'NONE',  ( -27.00000000000030909, 43.99999999999980105, 15.00000000000000000 ) ) ;
#1862 = APPROVAL ( #1649, 'UNSPECIFIED' ) ;
#1863 = DIRECTION ( 'NONE',  ( -0.000000000000000000, 0.000000000000000000, 1.000000000000000000 ) ) ;
#1864 = ORIENTED_EDGE ( 'NONE', *, *, #5702, .T. ) ;
#1865 = CARTESIAN_POINT ( 'NONE',  ( -58.76294694533423524, -59.72224103642165005, -17.50000000000000000 ) ) ;
#1866 = CLOSED_SHELL ( 'NONE', ( #4998, #2245, #6966, #7739, #8024, #6701, #1154, #8360, #4827, #38, #2077, #7626, #5908, #4655, #5184, #4142, #2079, #779, #6555, #1353, #8952, #2121, #6619, #3885, #4724, #413, #5817, #3455, #4199, #3127, #5787, #560, #8961, #1616, #5034, #7107 ) ) ;
#1867 = ORIENTED_EDGE ( 'NONE', *, *, #5607, .F. ) ;
#1868 = CARTESIAN_POINT ( 'NONE',  ( -5.999999999999965361, 145.5999999999999943, -4.999999999999999112 ) ) ;
#1869 = CARTESIAN_POINT ( 'NONE',  ( 0.000000000000000000, -42.50000000000000711, 27.00000000000000000 ) ) ;
#1870 = CARTESIAN_POINT ( 'NONE',  ( 17.79763832677048541, 32.25655287465863097, 9.365442940821196771 ) ) ;
#1871 = CIRCLE ( 'NONE', #5999, 16.89999999999999503 ) ;
#1872 = CC_DESIGN_DATE_AND_TIME_ASSIGNMENT ( #901, #6809, ( #2693 ) ) ;
#1873 = CARTESIAN_POINT ( 'NONE',  ( 38.24142034057919659, 18.56141300006240513, 16.21757619089964564 ) ) ;
#1874 = ADVANCED_FACE ( 'NONE', ( #173 ), #4456, .T. ) ;
#1875 = CARTESIAN_POINT ( 'NONE',  ( -1.280600903025834070, -5.807078394769663809, 10.24821013872514541 ) ) ;
#1876 = ORIENTED_EDGE ( 'NONE', *, *, #1843, .F. ) ;
#1877 = CARTESIAN_POINT ( 'NONE',  ( 19.43475361544437874, 1.018532277898364979, 9.000000000000000000 ) ) ;
#1878 = CARTESIAN_POINT ( 'NONE',  ( 35.07508121066764062, 24.00071350851549568, 11.13553223319893881 ) ) ;
#1879 = ORIENTED_EDGE ( 'NONE', *, *, #3795, .F. ) ;
#1880 = PLANE ( 'NONE',  #2458 ) ;
#1881 = DATE_TIME_ROLE ( 'classification_date' ) ;
#1882 = CARTESIAN_POINT ( 'NONE',  ( 0.000000000000000000, 0.000000000000000000, 228.0000000000000000 ) ) ;
#1883 = B_SPLINE_CURVE_WITH_KNOTS ( 'NONE', 3,
 ( #6550, #1383, #6612, #2945, #2320, #2993, #7224, #5841, #2266, #5944 ),
 .UNSPECIFIED., .F., .F.,
 ( 4, 2, 2, 2, 4 ),
 ( 0.000000000000000000, 0.2500000000000001665, 0.3750000000000000555, 0.5000000000000000000, 1.000000000000000000 ),
 .UNSPECIFIED. ) ;
#1884 = DATE_AND_TIME ( #9329, #1125 ) ;
#1885 = EDGE_CURVE ( 'NONE', #8899, #2971, #6558, .T. ) ;
#1886 = CARTESIAN_POINT ( 'NONE',  ( 11.99988607070635460, -36.05704984821739600, 46.03645935154180791 ) ) ;
#1887 = ORIENTED_EDGE ( 'NONE', *, *, #4816, .T. ) ;
#1888 = DIRECTION ( 'NONE',  ( -0.000000000000000000, 1.000000000000000000, -0.000000000000000000 ) ) ;
#1889 = CARTESIAN_POINT ( 'NONE',  ( 0.000000000000000000, 0.000000000000000000, -8.999999999999998224 ) ) ;
#1890 = APPROVAL_ROLE ( '' ) ;
#1891 = LINE ( 'NONE', #1023, #3996 ) ;
#1892 = EDGE_CURVE ( 'NONE', #7158, #5223, #5220, .T. ) ;
#1893 = ORIENTED_EDGE ( 'NONE', *, *, #2486, .F. ) ;
#1894 = CARTESIAN_POINT ( 'NONE',  ( -36.00000000000029843, 43.99999999999974420, 61.00000000000000000 ) ) ;
#1895 = LINE ( 'NONE', #7550, #9055 ) ;
#1896 = CIRCLE ( 'NONE', #9374, 36.00000000000000000 ) ;
#1897 = VERTEX_POINT ( 'NONE', #845 ) ;
#1898 = CARTESIAN_POINT ( 'NONE',  ( -36.71421571443285359, -9.840739763185080591, 19.55551042097363634 ) ) ;
#1899 = CARTESIAN_POINT ( 'NONE',  ( -1.030432304228876673E-14, 55.59999999999998010, 6.999999999999999112 ) ) ;
#1900 = CALENDAR_DATE ( 2026, 3, 10 ) ;
#1901 = APPROVAL_STATUS ( 'not_yet_approved' ) ;
#1902 = CC_DESIGN_SECURITY_CLASSIFICATION ( #4203, ( #9458 ) ) ;
#1903 = LINE ( 'NONE', #4868, #5779 ) ;
#1904 = EDGE_CURVE ( 'NONE', #6483, #8549, #1012, .T. ) ;
#1905 = DIRECTION ( 'NONE',  ( 0.000000000000000000, -1.000000000000000000, 2.891205793294678326E-16 ) ) ;
#1906 = CIRCLE ( 'NONE', #3298, 5.000000000000000000 ) ;
#1907 = EDGE_CURVE ( 'NONE', #6346, #5189, #2756, .T. ) ;
#1908 = ORIENTED_EDGE ( 'NONE', *, *, #6974, .T. ) ;
#1909 = CARTESIAN_POINT ( 'NONE',  ( 0.000000000000000000, 0.000000000000000000, -113.9999999999999858 ) ) ;
#1910 = EDGE_LOOP ( 'NONE', ( #3941, #8913, #7889, #8970 ) ) ;
#1911 = DIRECTION ( 'NONE',  ( 1.000000000000000000, 0.000000000000000000, 0.000000000000000000 ) ) ;
#1912 = DIRECTION ( 'NONE',  ( 0.000000000000000000, 0.000000000000000000, 1.000000000000000000 ) ) ;
#1913 = VECTOR ( 'NONE', #2676, 1000.000000000000000 ) ;
#1914 = CC_DESIGN_SECURITY_CLASSIFICATION ( #6331, ( #9484 ) ) ;
#1915 = CC_DESIGN_SECURITY_CLASSIFICATION ( #6040, ( #9468 ) ) ;
#1916 = CARTESIAN_POINT ( 'NONE',  ( -1.357843189673496820, -6.246590308621306598, 10.24951457658806930 ) ) ;
#1917 = SECURITY_CLASSIFICATION ( '', '', #4346 ) ;
#1918 = DIRECTION ( 'NONE',  ( 0.9986295347545742773, 0.05233595624293712473, -0.000000000000000000 ) ) ;
#1919 = FACE_OUTER_BOUND ( 'NONE', #5996, .T. ) ;
#1920 = PRODUCT_DEFINITION_SHAPE ( 'NONE', 'NONE',  #9459 ) ;
#1921 = CARTESIAN_POINT ( 'NONE',  ( 45.07812899334808776, 13.35275013547133760, 76.00000000000000000 ) ) ;
#1922 = CARTESIAN_POINT ( 'NONE',  ( 63.46176972075341638, 48.70938086149381974, -167.0000000000000000 ) ) ;
#1923 = ORIENTED_EDGE ( 'NONE', *, *, #4840, .F. ) ;
#1924 = CC_DESIGN_PERSON_AND_ORGANIZATION_ASSIGNMENT ( #2964, #5858, ( #661 ) ) ;
#1925 = APPROVAL ( #447, 'UNSPECIFIED' ) ;
#1926 = SECURITY_CLASSIFICATION_LEVEL ( 'unclassified' ) ;
#1927 = CARTESIAN_POINT ( 'NONE',  ( 3.626872657412256204E-16, 38.00000000000000000, 49.50000000000000000 ) ) ;
#1928 = CARTESIAN_POINT ( 'NONE',  ( 21.97561153831408731, -31.00130525113821278, 22.15605403747612812 ) ) ;
#1929 = EDGE_LOOP ( 'NONE', ( #8204, #4912, #6161, #7539 ) ) ;
#1930 = CARTESIAN_POINT ( 'NONE',  ( 63.46176972075376455, -48.70938086149337209, 61.00000000000000000 ) ) ;
#1931 = CARTESIAN_POINT ( 'NONE',  ( 36.00000000000000000, 2.513866563967056016E-13, -113.9999999999999858 ) ) ;
#1932 = EDGE_CURVE ( 'NONE', #1325, #2454, #4786, .T. ) ;
#1933 = APPROVAL_STATUS ( 'not_yet_approved' ) ;
#1934 = CARTESIAN_POINT ( 'NONE',  ( 33.96235869357220594, -17.13063079698938651, 16.96044622678660119 ) ) ;
#1935 = CARTESIAN_POINT ( 'NONE',  ( 4.413161355876494163, 42.27361687007847735, 43.32302376269031186 ) ) ;
#1936 = VERTEX_POINT ( 'NONE', #8495 ) ;
#1937 = CARTESIAN_POINT ( 'NONE',  ( 2.754861143330236021E-15, -38.00000000000000000, 49.50000000000000000 ) ) ;
#1938 = ORIENTED_EDGE ( 'NONE', *, *, #6924, .T. ) ;
#1939 = CARTESIAN_POINT ( 'NONE',  ( 40.93834161865404297, -11.44789088870535387, 19.11173275467881183 ) ) ;
#1940 = CARTESIAN_POINT ( 'NONE',  ( -72.75289664584551019, -0.7569523800008070014, 10.22350682021566470 ) ) ;
#1941 = EDGE_CURVE ( 'NONE', #7252, #7840, #6738, .T. ) ;
#1942 = PERSON_AND_ORGANIZATION ( #2940, #5543 ) ;
#1943 = APPROVAL_ROLE ( '' ) ;
#1944 = LINE ( 'NONE', #4787, #888 ) ;
#1945 = PLANE ( 'NONE',  #3840 ) ;
#1946 = CARTESIAN_POINT ( 'NONE',  ( 1.726099143532956015, -2.256371907808053301, 7.484058163571699396 ) ) ;
#1947 = ORIENTED_EDGE ( 'NONE', *, *, #2186, .F. ) ;
#1948 = ORIENTED_EDGE ( 'NONE', *, *, #4606, .F. ) ;
#1949 = LINE ( 'NONE', #8686, #7161 ) ;
#1950 = VERTEX_POINT ( 'NONE', #8358 ) ;
#1951 = CARTESIAN_POINT ( 'NONE',  ( 35.99999999999970157, 44.00000000000026290, 76.00000000000000000 ) ) ;
#1952 = EDGE_CURVE ( 'NONE', #2454, #7421, #9229, .T. ) ;
#1953 = EDGE_CURVE ( 'NONE', #5097, #6483, #7640, .T. ) ;
#1954 = SHAPE_REPRESENTATION ( 'crank_shaft', ( #8931 ), #4808 ) ;
#1955 = CARTESIAN_POINT ( 'NONE',  ( -36.00000000000000000, -2.513866563967056016E-13, -38.00000000000000000 ) ) ;
#1956 = ORIENTED_EDGE ( 'NONE', *, *, #7950, .F. ) ;
#1957 = CARTESIAN_POINT ( 'NONE',  ( 2.755455298081545172E-15, -22.00000000000000355, 49.50000000000000000 ) ) ;
#1958 = CYLINDRICAL_SURFACE ( 'NONE', #4002, 22.50000000000000355 ) ;
#1959 = EDGE_LOOP ( 'NONE', ( #8103, #1415, #6678, #3560 ) ) ;
#1960 = DIRECTION ( 'NONE',  ( 1.000000000000000000, 0.000000000000000000, 0.000000000000000000 ) ) ;
#1961 = CARTESIAN_POINT ( 'NONE',  ( 19.89974874213239886, 30.00000000000000000, 10.90847854042459453 ) ) ;
#1962 = AXIS2_PLACEMENT_3D ( 'NONE', #3763, #3042, #2317 ) ;
#1963 = VERTEX_POINT ( 'NONE', #2677 ) ;
#1964 = CARTESIAN_POINT ( 'NONE',  ( -43.89087296526106030, 38.89087296526176374, -281.0000000000000000 ) ) ;
#1965 = AXIS2_PLACEMENT_3D ( 'NONE', #2136, #9443, #5815 ) ;
#1966 = CIRCLE ( 'NONE', #7629, 36.00000000000000000 ) ;
#1967 = PRODUCT_RELATED_PRODUCT_CATEGORY ( 'detail', '', ( #8486 ) ) ;
#1968 = CARTESIAN_POINT ( 'NONE',  ( 3.777650932233543646, -37.81890087144944346, 4.806894730257853965 ) ) ;
#1969 = VERTEX_POINT ( 'NONE', #1081 ) ;
#1970 = DIRECTION ( 'NONE',  ( -0.000000000000000000, -0.000000000000000000, 1.000000000000000000 ) ) ;
#1971 = DIRECTION ( 'NONE',  ( 1.000000000000000000, 0.000000000000000000, 0.000000000000000000 ) ) ;
#1972 = CIRCLE ( 'NONE', #6400, 42.50000000000000711 ) ;
#1973 = CIRCLE ( 'NONE', #3506, 5.000000000003598899 ) ;
#1974 = PERSON_AND_ORGANIZATION_ROLE ( 'classification_officer' ) ;
#1975 = AXIS2_PLACEMENT_3D ( 'NONE', #5561, #4988, #4134 ) ;
#1976 = VECTOR ( 'NONE', #2797, 1000.000000000000000 ) ;
#1977 = DIRECTION ( 'NONE',  ( 1.000000000000000000, 0.000000000000000000, 0.000000000000000000 ) ) ;
#1978 = DIRECTION ( 'NONE',  ( 0.000000000000000000, 1.000000000000000000, -2.891205793294678326E-16 ) ) ;
#1979 = EDGE_CURVE ( 'NONE', #6549, #8245, #9161, .T. ) ;
#1980 = AXIS2_PLACEMENT_3D ( 'NONE', #8290, #4673, #8142 ) ;
#1981 = VECTOR ( 'NONE', #511, 1000.000000000000000 ) ;
#1982 = ORIENTED_EDGE ( 'NONE', *, *, #9300, .F. ) ;
#1983 = CARTESIAN_POINT ( 'NONE',  ( -21.97551560467231013, -31.00137215464465612, 31.84425075909912906 ) ) ;
#1984 = VECTOR ( 'NONE', #9333, 1000.000000000000000 ) ;
#1985 = EDGE_LOOP ( 'NONE', ( #3276, #193, #2659, #8279 ) ) ;
#1986 = CARTESIAN_POINT ( 'NONE',  ( -3.072503578181957353E-13, 44.00000000000000000, 15.00000000000000000 ) ) ;
#1987 = CARTESIAN_POINT ( 'NONE',  ( -72.56057347480279418, -3.545485015705465148, 10.23623599496909975 ) ) ;
#1988 = CALENDAR_DATE ( 2026, 3, 10 ) ;
#1989 =( REPRESENTATION_RELATIONSHIP ('NONE','NONE', #1222, #9169 ) REPRESENTATION_RELATIONSHIP_WITH_TRANSFORMATION ( #7579 )SHAPE_REPRESENTATION_RELATIONSHIP( ) );
#1990 = SECURITY_CLASSIFICATION_LEVEL ( 'unclassified' ) ;
#1991 = AXIS2_PLACEMENT_3D ( 'NONE', #2836, #7126, #2793 ) ;
#1992 = VECTOR ( 'NONE', #6827, 1000.000000000000000 ) ;
#1993 = DIRECTION ( 'NONE',  ( 0.000000000000000000, 0.000000000000000000, -1.000000000000000000 ) ) ;
#1994 = DIRECTION ( 'NONE',  ( -0.000000000000000000, 1.000000000000000000, -0.000000000000000000 ) ) ;
#1995 = CARTESIAN_POINT ( 'NONE',  ( 0.000000000000000000, 0.000000000000000000, 59.39999999999999147 ) ) ;
#1996 = AXIS2_PLACEMENT_3D ( 'NONE', #7740, #5433, #414 ) ;
#1997 = EDGE_CURVE ( 'NONE', #8482, #2228, #986, .T. ) ;
#1998 = CARTESIAN_POINT ( 'NONE',  ( 45.07812899334817303, -13.35275013547102319, -213.0000000000000000 ) ) ;
#1999 = ORIENTED_EDGE ( 'NONE', *, *, #4352, .F. ) ;
#2000 = ORIENTED_EDGE ( 'NONE', *, *, #8616, .T. ) ;
#2001 = DIRECTION ( 'NONE',  ( 0.000000000000000000, 0.000000000000000000, 1.000000000000000000 ) ) ;
#2002 = ORIENTED_EDGE ( 'NONE', *, *, #4528, .F. ) ;
#2003 = FACE_OUTER_BOUND ( 'NONE', #7337, .T. ) ;
#2004 = DIRECTION ( 'NONE',  ( 1.000000000000000000, 0.000000000000000000, 0.000000000000000000 ) ) ;
#2005 = LOCAL_TIME ( 2, 39, 17.00000000000000000, #8389 ) ;
#2006 =( LENGTH_UNIT ( ) NAMED_UNIT ( * ) SI_UNIT ( .MILLI., .METRE. ) );
#2007 = PERSON ( 'NAUO-PER18', 'UNSPECIFIED', 'UNSPECIFIED', ('UNSPECIFIED'), ('UNSPECIFIED'), ('UNSPECIFIED') ) ;
#2008 = EDGE_CURVE ( 'NONE', #1639, #2018, #6413, .T. ) ;
#2009 = AXIS2_PLACEMENT_3D ( 'NONE', #7358, #6531, #8066 ) ;
#2010 = CLOSED_SHELL ( 'NONE', ( #6936, #1398, #1695, #5438, #6820, #6455, #6721, #7974 ) ) ;
#2011 = DIRECTION ( 'NONE',  ( 1.000000000000000000, -0.000000000000000000, -0.000000000000000000 ) ) ;
#2012 = ORIENTED_EDGE ( 'NONE', *, *, #1904, .F. ) ;
#2013 = DIRECTION ( 'NONE',  ( -0.000000000000000000, 1.000000000000000000, -0.000000000000000000 ) ) ;
#2014 = DIRECTION ( 'NONE',  ( -0.000000000000000000, -0.000000000000000000, -1.000000000000000000 ) ) ;
#2015 = ORIENTED_EDGE ( 'NONE', *, *, #3096, .F. ) ;
#2016 = LINE ( 'NONE', #1179, #1058 ) ;
#2017 = DIRECTION ( 'NONE',  ( 1.000000000000000000, 0.000000000000000000, 0.000000000000000000 ) ) ;
#2018 = VERTEX_POINT ( 'NONE', #8401 ) ;
#2019 = TOROIDAL_SURFACE ( 'NONE', #6918, 5.999999999999983125, 2.000000000000000000 ) ;
#2020 = CARTESIAN_POINT ( 'NONE',  ( 3.021387177692747006, 37.88711456653643950, 4.691095622779669405 ) ) ;
#2021 = EDGE_CURVE ( 'NONE', #8902, #9174, #3208, .T. ) ;
#2022 = ADVANCED_FACE ( 'NONE', ( #351 ), #6886, .F. ) ;
#2023 = CARTESIAN_POINT ( 'NONE',  ( -4.669375383830730407E-12, -55.00000000000000000, -281.0000000000000000 ) ) ;
#2024 = DIRECTION ( 'NONE',  ( 0.000000000000000000, 0.000000000000000000, 1.000000000000000000 ) ) ;
#2025 = VECTOR ( 'NONE', #7237, 1000.000000000000000 ) ;
#2026 = VERTEX_POINT ( 'NONE', #309 ) ;
#2027 = FACE_OUTER_BOUND ( 'NONE', #376, .T. ) ;
#2028 = DIRECTION ( 'NONE',  ( -1.000000000000000000, 0.000000000000000000, 0.000000000000000000 ) ) ;
#2029 = PERSON_AND_ORGANIZATION_ROLE ( 'creator' ) ;
#2030 = CARTESIAN_POINT ( 'NONE',  ( -5.998519245612561335, -42.07776938644547471, 42.80944201034947127 ) ) ;
#2031 = CARTESIAN_POINT ( 'NONE',  ( -35.99999999999999289, -44.00000000000000000, -213.0000000000000000 ) ) ;
#2032 = CARTESIAN_POINT ( 'NONE',  ( -42.50000000000000711, 15.00000000000000355, 6.755772121541169462 ) ) ;
#2033 = ORIENTED_EDGE ( 'NONE', *, *, #3721, .F. ) ;
#2034 = CARTESIAN_POINT ( 'NONE',  ( -21.89186929568622375, -31.06056854284285151, 32.20929047711740623 ) ) ;
#2035 = ORIENTED_EDGE ( 'NONE', *, *, #5369, .F. ) ;
#2036 = CARTESIAN_POINT ( 'NONE',  ( 40.69760310329543529, -12.27562085346088772, 18.85459742331114086 ) ) ;
#2037 = CARTESIAN_POINT ( 'NONE',  ( 1.237053054665496088, -7.309236489167668438, 7.499999999999753086 ) ) ;
#2038 = APPROVAL_ROLE ( '' ) ;
#2039 = CC_DESIGN_DATE_AND_TIME_ASSIGNMENT ( #7067, #495, ( #5580 ) ) ;
#2040 = DATE_AND_TIME ( #9302, #841 ) ;
#2041 = EDGE_CURVE ( 'NONE', #6591, #7780, #3306, .T. ) ;
#2042 = CARTESIAN_POINT ( 'NONE',  ( -38.00000000000000000, 0.000000000000000000, 8.999999999999998224 ) ) ;
#2043 = DIRECTION ( 'NONE',  ( -0.000000000000000000, -0.000000000000000000, -1.000000000000000000 ) ) ;
#2044 = DIRECTION ( 'NONE',  ( -0.000000000000000000, -0.000000000000000000, 1.000000000000000000 ) ) ;
#2045 = EDGE_LOOP ( 'NONE', ( #2084, #7990 ) ) ;
#2046 = VERTEX_POINT ( 'NONE', #4071 ) ;
#2047 = VERTEX_POINT ( 'NONE', #6978 ) ;
#2048 = CARTESIAN_POINT ( 'NONE',  ( -0.8640028850878148647, -2.422459413806576034, -10.23000922358243336 ) ) ;
#2049 = EDGE_LOOP ( 'NONE', ( #8571, #5090, #1322, #5600 ) ) ;
#2050 = CARTESIAN_POINT ( 'NONE',  ( 0.000000000000000000, 0.000000000000000000, 114.0000000000000000 ) ) ;
#2051 = CARTESIAN_POINT ( 'NONE',  ( 1.237053054665496088, -62.72224103642152926, -2.636779683484746784E-13 ) ) ;
#2052 = CC_DESIGN_APPROVAL ( #9063, ( #6950 ) ) ;
#2053 = EDGE_CURVE ( 'NONE', #4597, #4351, #443, .T. ) ;
#2054 = CIRCLE ( 'NONE', #1424, 19.99999999999999645 ) ;
#2055 = CARTESIAN_POINT ( 'NONE',  ( -14.64608709459679758, 39.90187619569670119, 18.49697180096580951 ) ) ;
#2056 = DIRECTION ( 'NONE',  ( 0.000000000000000000, 1.000000000000000000, 0.000000000000000000 ) ) ;
#2057 = ORGANIZATION ( 'NAUO-ORG5', 'UNSPECIFIED', 'UNSPECIFIED' ) ;
#2058 = DIRECTION ( 'NONE',  ( -1.000000000000000000, 0.000000000000000000, 0.000000000000000000 ) ) ;
#2059 = VERTEX_POINT ( 'NONE', #5758 ) ;
#2060 = CARTESIAN_POINT ( 'NONE',  ( 22.08265063010096441, 30.00000000000000000, -9.142360074777450052 ) ) ;
#2061 = FACE_OUTER_BOUND ( 'NONE', #5696, .T. ) ;
#2062 = AXIS2_PLACEMENT_3D ( 'NONE', #9407, #6488, #7412 ) ;
#2063 = ORIENTED_EDGE ( 'NONE', *, *, #7582, .F. ) ;
#2064 = CARTESIAN_POINT ( 'NONE',  ( 1.237053054665496088, -62.72224103642152926, -7.500000000000140332 ) ) ;
#2065 = DIRECTION ( 'NONE',  ( -0.000000000000000000, -0.000000000000000000, -1.000000000000000000 ) ) ;
#2066 = ORGANIZATION ( 'NAUO-ORG11', 'UNSPECIFIED', 'UNSPECIFIED' ) ;
#2067 = ORIENTED_EDGE ( 'NONE', *, *, #4979, .T. ) ;
#2068 = EDGE_CURVE ( 'NONE', #1627, #7487, #6366, .T. ) ;
#2069 = APPROVAL_ROLE ( '' ) ;
#2070 = CARTESIAN_POINT ( 'NONE',  ( 1.898670299611948886, 37.95438853093561704, 4.577097649038757154 ) ) ;
#2071 = SECURITY_CLASSIFICATION ( '', '', #8765 ) ;
#2072 = ORGANIZATION ( 'NAUO-ORG18', 'UNSPECIFIED', 'UNSPECIFIED' ) ;
#2073 = CYLINDRICAL_SURFACE ( 'NONE', #7503, 8.999999999999998224 ) ;
#2074 = FACE_OUTER_BOUND ( 'NONE', #8336, .T. ) ;
#2075 = VERTEX_POINT ( 'NONE', #7820 ) ;
#2076 = DIRECTION ( 'NONE',  ( -0.000000000000000000, 0.000000000000000000, 1.000000000000000000 ) ) ;
#2077 = ADVANCED_FACE ( 'NONE', ( #1304 ), #1207, .T. ) ;
#2078 = APPROVAL_ROLE ( '' ) ;
#2079 = ADVANCED_FACE ( 'NONE', ( #8676, #6432 ), #627, .T. ) ;
#2080 = B_SPLINE_CURVE_WITH_KNOTS ( 'NONE', 3,
 ( #9101, #2565, #5478, #8428, #1177, #8338, #8375, #8470, #1878, #9137, #9187, #1825, #7615, #4131, #4757, #7700 ),
 .UNSPECIFIED., .F., .F.,
 ( 4, 2, 2, 2, 2, 2, 2, 4 ),
 ( 3.878959614448864246E-18, 0.002744704184498279222, 0.004117056276747420133, 0.005489408368996561913, 0.006861760461245702825, 0.007547936507370275015, 0.008234112553494847206, 0.01097881673799313423 ),
 .UNSPECIFIED. ) ;
#2081 = CARTESIAN_POINT ( 'NONE',  ( -16.79123641073740103, -39.04307378987800092, 29.21875138744639244 ) ) ;
#2082 = CARTESIAN_POINT ( 'NONE',  ( 2.791025666928709459, 42.41175207998107055, 43.67713474564176579 ) ) ;
#2083 = CARTESIAN_POINT ( 'NONE',  ( 1.725022993852668420E-14, 145.5999999999999943, -6.999999999999999112 ) ) ;
#2084 = ORIENTED_EDGE ( 'NONE', *, *, #2561, .T. ) ;
#2085 = LINE ( 'NONE', #8632, #621 ) ;
#2086 = ORIENTED_EDGE ( 'NONE', *, *, #488, .T. ) ;
#2087 = CARTESIAN_POINT ( 'NONE',  ( -63.46176972075306821, -48.70938086149426027, -99.00000000000000000 ) ) ;
#2088 = DIRECTION ( 'NONE',  ( -0.000000000000000000, -0.000000000000000000, -1.000000000000000000 ) ) ;
#2089 = PERSON_AND_ORGANIZATION ( #2940, #5543 ) ;
#2090 = PERSON_AND_ORGANIZATION ( #6220, #8185 ) ;
#2091 = CYLINDRICAL_SURFACE ( 'NONE', #6102, 16.89999999999999503 ) ;
#2092 = LINE ( 'NONE', #9401, #2173 ) ;
#2093 = CARTESIAN_POINT ( 'NONE',  ( 0.000000000000000000, -44.00000000000000000, 129.0000000000000000 ) ) ;
#2094 = VERTEX_POINT ( 'NONE', #7111 ) ;
#2095 = ORIENTED_EDGE ( 'NONE', *, *, #7366, .T. ) ;
#2096 = DIRECTION ( 'NONE',  ( 1.000000000000000000, 0.000000000000000000, 0.000000000000000000 ) ) ;
#2097 = ORIENTED_EDGE ( 'NONE', *, *, #7914, .T. ) ;
#2098 = FACE_OUTER_BOUND ( 'NONE', #588, .T. ) ;
#2099 = DIRECTION ( 'NONE',  ( 0.000000000000000000, 0.000000000000000000, -1.000000000000000000 ) ) ;
#2100 = DIRECTION ( 'NONE',  ( -0.000000000000000000, 0.000000000000000000, 1.000000000000000000 ) ) ;
#2101 = CARTESIAN_POINT ( 'NONE',  ( 38.89087296525612203, -38.89087296526177084, -266.0000000000000000 ) ) ;
#2102 = CARTESIAN_POINT ( 'NONE',  ( -5.214587531555638478, 37.64230808910366477, 5.109383009829192801 ) ) ;
#2103 = EDGE_LOOP ( 'NONE', ( #3101, #2015, #3947, #4658 ) ) ;
#2104 = CARTESIAN_POINT ( 'NONE',  ( -74.76294694533464735, 0.2777589635784699640, 5.000000000000004441 ) ) ;
#2105 = ADVANCED_FACE ( 'NONE', ( #7062 ), #6460, .T. ) ;
#2106 = CARTESIAN_POINT ( 'NONE',  ( 38.89087296525612203, -38.89087296526177084, -281.0000000000000000 ) ) ;
#2107 = ORIENTED_EDGE ( 'NONE', *, *, #6078, .T. ) ;
#2108 = CARTESIAN_POINT ( 'NONE',  ( 2.755455298081545172E-15, -22.00000000000000355, 49.50000000000000000 ) ) ;
#2109 = LINE ( 'NONE', #4940, #1976 ) ;
#2110 = VERTEX_POINT ( 'NONE', #3571 ) ;
#2111 = PRODUCT ( 'Part5', 'Part5', '', ( #8541 ) ) ;
#2112 = DIRECTION ( 'NONE',  ( 0.000000000000000000, 0.000000000000000000, -1.000000000000000000 ) ) ;
#2113 = DIRECTION ( 'NONE',  ( 1.000000000000000000, -8.881784197001252323E-16, 0.000000000000000000 ) ) ;
#2114 = ADVANCED_FACE ( 'NONE', ( #578, #2859 ), #3437, .T. ) ;
#2115 = CARTESIAN_POINT ( 'NONE',  ( -38.00000000000000000, -5.622424979498922899E-20, 20.77501000800801023 ) ) ;
#2116 = AXIS2_PLACEMENT_3D ( 'NONE', #39, #8858, #4701 ) ;
#2117 = VERTEX_POINT ( 'NONE', #5054 ) ;
#2118 = CARTESIAN_POINT ( 'NONE',  ( -74.76294694533464735, -7.309236489168396744, -7.500000000000013323 ) ) ;
#2119 = DATE_AND_TIME ( #8768, #2204 ) ;
#2120 = CARTESIAN_POINT ( 'NONE',  ( -16.67687703711428782, -39.09150735804016819, 24.20714015501435412 ) ) ;
#2121 = ADVANCED_FACE ( 'NONE', ( #4344 ), #8108, .F. ) ;
#2122 = EDGE_CURVE ( 'NONE', #5001, #158, #4143, .T. ) ;
#2123 = ORIENTED_EDGE ( 'NONE', *, *, #3579, .T. ) ;
#2125 = CARTESIAN_POINT ( 'NONE',  ( -16.94425271687675405, -34.03153710866545367, 41.87323294658463624 ) ) ;
#2124 = CIRCLE ( 'NONE', #7166, 14.90000000000001101 ) ;
#2126 = AXIS2_PLACEMENT_3D ( 'NONE', #2187, #4393, #7290 ) ;
#2127 = ORIENTED_EDGE ( 'NONE', *, *, #1539, .T. ) ;
#2128 = DIRECTION ( 'NONE',  ( -1.000000000000000000, -6.938893903907228378E-15, 0.000000000000000000 ) ) ;
#2129 = CARTESIAN_POINT ( 'NONE',  ( -1.214187453796761407, -5.540826339573849069, 10.24983523256712736 ) ) ;
#2130 = COORDINATED_UNIVERSAL_TIME_OFFSET ( 5, 30, .AHEAD. ) ;
#2131 = AXIS2_PLACEMENT_3D ( 'NONE', #1180, #2702, #3329 ) ;
#2132 = COORDINATED_UNIVERSAL_TIME_OFFSET ( 5, 30, .AHEAD. ) ;
#2133 = DIRECTION ( 'NONE',  ( -1.000000000000000000, 0.000000000000000000, 0.000000000000000000 ) ) ;
#2134 = AXIS2_PLACEMENT_3D ( 'NONE', #8620, #2946, #2746 ) ;
#2135 = CARTESIAN_POINT ( 'NONE',  ( -27.00000000000000000, -44.00000000000000000, 129.0000000000000000 ) ) ;
#2136 = CARTESIAN_POINT ( 'NONE',  ( 0.000000000000000000, -44.00000000000000000, -213.0000000000000000 ) ) ;
#2137 = VECTOR ( 'NONE', #4233, 1000.000000000000000 ) ;
#2138 = EDGE_LOOP ( 'NONE', ( #8742, #5897 ) ) ;
#2139 = EDGE_CURVE ( 'NONE', #2444, #9267, #2854, .T. ) ;
#2140 = ADVANCED_BREP_SHAPE_REPRESENTATION ( '', ( #363, #8931 ), #6637 ) ;
#2141 = AXIS2_PLACEMENT_3D ( 'NONE', #3393, #1116, #5542 ) ;
#2142 = CARTESIAN_POINT ( 'NONE',  ( 63.46176972075376455, -48.70938086149337209, -99.00000000000000000 ) ) ;
#2143 = VERTEX_POINT ( 'NONE', #7286 ) ;
#2144 = CARTESIAN_POINT ( 'NONE',  ( -75.08350725335168363, -4.792577115476309935, -7.493708314666114312 ) ) ;
#2145 = DIRECTION ( 'NONE',  ( -1.000000000000000000, 0.000000000000000000, 0.000000000000000000 ) ) ;
#2146 = CIRCLE ( 'NONE', #4294, 16.89999999999999858 ) ;
#2147 = AXIS2_PLACEMENT_3D ( 'NONE', #374, #4183, #9136 ) ;
#2148 =( NAMED_UNIT ( * ) SI_UNIT ( $, .STERADIAN. ) SOLID_ANGLE_UNIT ( ) );
#2149 = CIRCLE ( 'NONE', #303, 38.00000000000000000 ) ;
#2150 = CARTESIAN_POINT ( 'NONE',  ( -16.89932282809117581, 38.99567781808256228, 28.12585149694774600 ) ) ;
#2151 = B_SPLINE_CURVE_WITH_KNOTS ( 'NONE', 3,
 ( #6854, #6212, #1916, #1875, #9057, #4797, #4842, #7697, #7033, #4361, #4321, #2833, #6491, #550, #9230, #3637, #2695, #1273, #9320, #2733, #4934, #9411, #5771, #690, #8694, #9272, #3495, #5637, #7163, #4181, #5024, #4269, #7925 ),
 .UNSPECIFIED., .F., .F.,
 ( 4, 2, 2, 1, 1, 1, 1, 2, 2, 2, 1, 1, 1, 2, 2, 1, 1, 1, 1, 2, 2, 4 ),
 ( 0.000000000000000000, 0.1249999999999864275, 0.1874999999999794886, 0.2187499999999758249, 0.2343749999999739930, 0.2421874999999729383, 0.2460937499999723832, 0.2480468749999722999, 0.2499999999999721889, 0.3124999999999745759, 0.3437499999999757971, 0.3593749999999761857, 0.3671874999999764078, 0.3710937499999764633, 0.3749999999999765743, 0.4374999999999796829, 0.4687499999999812372, 0.4843749999999820144, 0.4921874999999823475, 0.4960937499999825140, 0.4999999999999825695, 1.000000000000000000 ),
 .UNSPECIFIED. ) ;
#2152 = DIRECTION ( 'NONE',  ( -1.000000000000000000, 0.000000000000000000, 0.000000000000000000 ) ) ;
#2153 = ORIENTED_EDGE ( 'NONE', *, *, #3487, .T. ) ;
#2154 = CARTESIAN_POINT ( 'NONE',  ( -38.00000000000000000, 0.000000000000000000, 0.000000000000000000 ) ) ;
#2155 = DIRECTION ( 'NONE',  ( -0.000000000000000000, -0.000000000000000000, -1.000000000000000000 ) ) ;
#2156 = LOCAL_TIME ( 2, 39, 17.00000000000000000, #4725 ) ;
#2157 = AXIS2_PLACEMENT_3D ( 'NONE', #7280, #4117, #5196 ) ;
#2158 = EDGE_LOOP ( 'NONE', ( #3153, #6565, #8071, #460 ) ) ;
#2159 = DIRECTION ( 'NONE',  ( 1.000000000000000000, 0.000000000000000000, 0.000000000000000000 ) ) ;
#2160 = CARTESIAN_POINT ( 'NONE',  ( 36.00000000000000000, 0.000000000000000000, -11.00000000000000000 ) ) ;
#2161 = ORIENTED_EDGE ( 'NONE', *, *, #5531, .T. ) ;
#2162 = PERSON_AND_ORGANIZATION_ROLE ( 'classification_officer' ) ;
#2163 = CC_DESIGN_SECURITY_CLASSIFICATION ( #4021, ( #9487 ) ) ;
#2164 = CC_DESIGN_PERSON_AND_ORGANIZATION_ASSIGNMENT ( #8055, #110, ( #6187 ) ) ;
#2165 = EDGE_CURVE ( 'NONE', #9373, #8656, #6572, .T. ) ;
#2166 = VECTOR ( 'NONE', #3066, 1000.000000000000000 ) ;
#2167 = DIRECTION ( 'NONE',  ( 1.000000000000000000, -0.000000000000000000, -0.000000000000000000 ) ) ;
#2168 = DIRECTION ( 'NONE',  ( 1.000000000000000000, 0.000000000000000000, 0.000000000000000000 ) ) ;
#2169 = ORIENTED_EDGE ( 'NONE', *, *, #7108, .F. ) ;
#2170 = DIRECTION ( 'NONE',  ( -1.000000000000000000, 0.000000000000000000, 0.000000000000000000 ) ) ;
#2171 = ORIENTED_EDGE ( 'NONE', *, *, #2819, .F. ) ;
#2172 = DIRECTION ( 'NONE',  ( -0.000000000000000000, -0.000000000000000000, -1.000000000000000000 ) ) ;
#2173 = VECTOR ( 'NONE', #7827, 1000.000000000000000 ) ;
#2174 = PERSON_AND_ORGANIZATION ( #2940, #5543 ) ;
#2175 = EDGE_CURVE ( 'NONE', #7025, #1627, #3015, .T. ) ;
#2176 = FACE_OUTER_BOUND ( 'NONE', #8250, .T. ) ;
#2177 =( REPRESENTATION_RELATIONSHIP ('NONE','NONE', #1222, #8813 ) REPRESENTATION_RELATIONSHIP_WITH_TRANSFORMATION ( #5608 )SHAPE_REPRESENTATION_RELATIONSHIP( ) );
#2178 = DIRECTION ( 'NONE',  ( -0.000000000000000000, -0.000000000000000000, 1.000000000000000000 ) ) ;
#2179 = VERTEX_POINT ( 'NONE', #8663 ) ;
#2180 = CARTESIAN_POINT ( 'NONE',  ( 16.46026508861525883, -39.18320884893267220, 30.87047806142497208 ) ) ;
#2181 = EDGE_LOOP ( 'NONE', ( #763, #2545, #3431, #5699 ) ) ;
#2182 = LINE ( 'NONE', #8004, #4952 ) ;
#2183 = CARTESIAN_POINT ( 'NONE',  ( -19.98619962033026809, 30.00000000000000711, -10.55712257660836961 ) ) ;
#2184 = PERSON_AND_ORGANIZATION_ROLE ( 'classification_officer' ) ;
#2185 = CALENDAR_DATE ( 2026, 3, 10 ) ;
#2186 = EDGE_CURVE ( 'NONE', #7075, #969, #1288, .T. ) ;
#2187 = CARTESIAN_POINT ( 'NONE',  ( -4.669375383830730407E-12, -55.00000000000000000, -266.0000000000000000 ) ) ;
#2188 = CARTESIAN_POINT ( 'NONE',  ( 5.999999999999972466, 55.59999999999998010, 6.999999999999999112 ) ) ;
#2189 = LINE ( 'NONE', #3733, #6876 ) ;
#2190 = VERTEX_POINT ( 'NONE', #2847 ) ;
#2191 = ORIENTED_EDGE ( 'NONE', *, *, #3418, .F. ) ;
#2192 = CARTESIAN_POINT ( 'NONE',  ( -1.459721138882923208, -6.770804553811577975, -10.25000000000000178 ) ) ;
#2193 = ORIENTED_EDGE ( 'NONE', *, *, #1952, .F. ) ;
#2194 = CARTESIAN_POINT ( 'NONE',  ( -75.31172425579907781, 0.2777589635713955674, -7.479888939724933294 ) ) ;
#2195 = CARTESIAN_POINT ( 'NONE',  ( -63.46176972075341638, 48.70938086149381974, 129.0000000000000000 ) ) ;
#2196 = DIRECTION ( 'NONE',  ( -0.9610029294231027253, 0.2765381883939634355, -1.294062473353620387E-15 ) ) ;
#2197 = EDGE_CURVE ( 'NONE', #6407, #7281, #5372, .T. ) ;
#2198 = CARTESIAN_POINT ( 'NONE',  ( -11.57233450786630335, 40.89611569767924948, 39.32835495495545075 ) ) ;
#2199 = VECTOR ( 'NONE', #7627, 1000.000000000000000 ) ;
#2200 = LINE ( 'NONE', #8746, #8287 ) ;
#2201 = CARTESIAN_POINT ( 'NONE',  ( -15.41920309097341324, 34.73563422125069877, 43.40184720884835912 ) ) ;
#2202 = ORIENTED_EDGE ( 'NONE', *, *, #1439, .F. ) ;
#2203 = DIRECTION ( 'NONE',  ( 0.000000000000000000, -1.000000000000000000, 0.000000000000000000 ) ) ;
#2204 = LOCAL_TIME ( 2, 39, 17.00000000000000000, #820 ) ;
#2205 = CARTESIAN_POINT ( 'NONE',  ( 38.89087296525612203, -38.89087296526177084, -281.0000000000000000 ) ) ;
#2206 = ORIENTED_EDGE ( 'NONE', *, *, #3116, .F. ) ;
#2207 = FACE_OUTER_BOUND ( 'NONE', #5725, .T. ) ;
#2208 = CARTESIAN_POINT ( 'NONE',  ( -38.89087296526079740, 38.89087296526176374, -281.0000000000000000 ) ) ;
#2209 = ORIENTED_EDGE ( 'NONE', *, *, #838, .F. ) ;
#2210 = CARTESIAN_POINT ( 'NONE',  ( -20.21622157840935330, 30.00000000000000355, 10.16712601812749028 ) ) ;
#2211 = CIRCLE ( 'NONE', #5865, 5.000000000001787903 ) ;
#2212 = CALENDAR_DATE ( 2026, 3, 10 ) ;
#2213 = LOCAL_TIME ( 2, 39, 17.00000000000000000, #2851 ) ;
#2214 = DIRECTION ( 'NONE',  ( 1.000000000000000000, 0.000000000000000000, -0.000000000000000000 ) ) ;
#2215 = LINE ( 'NONE', #5087, #1984 ) ;
#2216 = ORIENTED_EDGE ( 'NONE', *, *, #6808, .T. ) ;
#2217 = CC_DESIGN_APPROVAL ( #5456, ( #6040 ) ) ;
#2218 = FACE_OUTER_BOUND ( 'NONE', #5170, .T. ) ;
#2219 = VERTEX_POINT ( 'NONE', #6548 ) ;
#2220 = DIRECTION ( 'NONE',  ( -0.000000000000000000, 0.000000000000000000, 1.000000000000000000 ) ) ;
#2221 = COORDINATED_UNIVERSAL_TIME_OFFSET ( 5, 30, .AHEAD. ) ;
#2222 = CC_DESIGN_PERSON_AND_ORGANIZATION_ASSIGNMENT ( #9139, #8473, ( #6911 ) ) ;
#2223 = APPROVAL ( #8594, 'UNSPECIFIED' ) ;
#2224 = APPROVAL_STATUS ( 'not_yet_approved' ) ;
#2225 = CARTESIAN_POINT ( 'NONE',  ( 2.069653090559026923E-15, -42.50000000000000711, 10.10000000000000142 ) ) ;
#2226 = CC_DESIGN_SECURITY_CLASSIFICATION ( #3310, ( #9472 ) ) ;
#2227 = DIRECTION ( 'NONE',  ( 1.000000000000000000, 6.982962677686266711E-15, 0.000000000000000000 ) ) ;
#2228 = VERTEX_POINT ( 'NONE', #3466 ) ;
#2229 = CARTESIAN_POINT ( 'NONE',  ( 39.50000000000000711, 4.837354856632045452E-15, 0.000000000000000000 ) ) ;
#2230 = EDGE_LOOP ( 'NONE', ( #5883, #6492 ) ) ;
#2231 = ORIENTED_EDGE ( 'NONE', *, *, #9190, .F. ) ;
#2232 = FACE_OUTER_BOUND ( 'NONE', #4342, .T. ) ;
#2233 = EDGE_CURVE ( 'NONE', #3851, #8356, #4897, .T. ) ;
#2234 = DIRECTION ( 'NONE',  ( 0.000000000000000000, 0.000000000000000000, -1.000000000000000000 ) ) ;
#2235 = ORIENTED_EDGE ( 'NONE', *, *, #7313, .F. ) ;
#2236 = FACE_BOUND ( 'NONE', #637, .T. ) ;
#2237 = CARTESIAN_POINT ( 'NONE',  ( -19.89974874213239886, 30.00000000000000355, -10.90847854042460163 ) ) ;
#2238 = DATE_AND_TIME ( #5258, #311 ) ;
#2239 = CALENDAR_DATE ( 2026, 3, 10 ) ;
#2240 = CARTESIAN_POINT ( 'NONE',  ( 23.32380757938120297, 30.00000000000000000, 8.999999999999998224 ) ) ;
#2241 = DIRECTION ( 'NONE',  ( -0.000000000000000000, -0.000000000000000000, -1.000000000000000000 ) ) ;
#2242 = CARTESIAN_POINT ( 'NONE',  ( 17.50000000000000000, 2.143131898507868248E-15, 20.00000000000000000 ) ) ;
#2243 = EDGE_LOOP ( 'NONE', ( #8760, #7361 ) ) ;
#2244 = EDGE_LOOP ( 'NONE', ( #1015, #7354, #5519, #3569 ) ) ;
#2245 = ADVANCED_FACE ( 'NONE', ( #5654 ), #7179, .F. ) ;
#2246 = CARTESIAN_POINT ( 'NONE',  ( -28.61817604250835956, -25.00000000000000000, 6.755772121541168573 ) ) ;
#2247 = EDGE_LOOP ( 'NONE', ( #3616, #3808, #3169, #7913, #8882, #2161, #71, #6930 ) ) ;
#2248 = CARTESIAN_POINT ( 'NONE',  ( -75.26621754156464306, -1.939940901478760749, -7.483104221064483141 ) ) ;
#2249 = CARTESIAN_POINT ( 'NONE',  ( -1.030432304228876673E-14, 55.59999999999998010, 4.999999999999999112 ) ) ;
#2250 = DIRECTION ( 'NONE',  ( 0.9935191052393668176, 0.1136652432556592290, -2.498001805406614049E-16 ) ) ;
#2251 = CARTESIAN_POINT ( 'NONE',  ( -18.27317931161620024, 33.32119826063511425, 13.85252818021170995 ) ) ;
#2252 = ORIENTED_EDGE ( 'NONE', *, *, #127, .T. ) ;
#2253 = CARTESIAN_POINT ( 'NONE',  ( 20.91149664591491231, 30.00000000000000000, -9.596796907431935253 ) ) ;
#2254 = EDGE_CURVE ( 'NONE', #8406, #4703, #2215, .T. ) ;
#2255 = DIRECTION ( 'NONE',  ( -0.000000000000000000, -0.000000000000000000, -1.000000000000000000 ) ) ;
#2256 = ADVANCED_FACE ( 'NONE', ( #7848 ), #1243, .T. ) ;
#2257 = ORIENTED_EDGE ( 'NONE', *, *, #6300, .T. ) ;
#2258 = DIRECTION ( 'NONE',  ( 1.000000000000000000, 0.000000000000000000, 0.000000000000000000 ) ) ;
#2259 = CARTESIAN_POINT ( 'NONE',  ( -37.50000000000001421, -19.99999999999999645, 15.41602615938555054 ) ) ;
#2260 = ORIENTED_EDGE ( 'NONE', *, *, #9429, .F. ) ;
#2261 = CARTESIAN_POINT ( 'NONE',  ( -19.89974874213239531, 30.00000000000000000, 10.99999999999999822 ) ) ;
#2262 = APPROVAL_STATUS ( 'not_yet_approved' ) ;
#2263 = CARTESIAN_POINT ( 'NONE',  ( 8.000000000000000000, 145.5999999999999943, -6.999999999999999112 ) ) ;
#2264 = CARTESIAN_POINT ( 'NONE',  ( -33.89087296526049897, -38.89087296525845971, -281.0000000000000000 ) ) ;
#2265 = ORIENTED_EDGE ( 'NONE', *, *, #1166, .F. ) ;
#2266 = CARTESIAN_POINT ( 'NONE',  ( 1.785831108619048369, -0.9908555435244414955, -7.479895898172863156 ) ) ;
#2267 = CARTESIAN_POINT ( 'NONE',  ( 43.89087296526088267, -38.89087296526177084, -281.0000000000000000 ) ) ;
#2268 = DIRECTION ( 'NONE',  ( 0.2840153447039269752, -0.9588197348681917198, 0.000000000000000000 ) ) ;
#2269 = CALENDAR_DATE ( 2026, 3, 10 ) ;
#2270 = CALENDAR_DATE ( 2026, 3, 10 ) ;
#2271 = CARTESIAN_POINT ( 'NONE',  ( -5.000000000000000000, 55.00000000000000000, -266.0000000000000000 ) ) ;
#2272 = PRODUCT_DEFINITION ( 'UNKNOWN', '', #4357, #634 ) ;
#2273 = AXIS2_PLACEMENT_3D ( 'NONE', #8478, #5566, #1740 ) ;
#2274 = ORIENTED_EDGE ( 'NONE', *, *, #5752, .T. ) ;
#2275 = CARTESIAN_POINT ( 'NONE',  ( -27.00000000000030909, 43.99999999999980815, -99.00000000000000000 ) ) ;
#2276 = ORIENTED_EDGE ( 'NONE', *, *, #3794, .T. ) ;
#2277 = CARTESIAN_POINT ( 'NONE',  ( -36.00000000000000000, -2.557953848736360669E-13, 113.9999999999999858 ) ) ;
#2278 = PRODUCT_DEFINITION_SHAPE ( 'NONE', 'NONE',  #9463 ) ;
#2279 = CARTESIAN_POINT ( 'NONE',  ( 15.16776552923942312, -39.70392975671094149, 19.46387569776464588 ) ) ;
#2280 = ORIENTED_EDGE ( 'NONE', *, *, #2197, .F. ) ;
#2281 = DIRECTION ( 'NONE',  ( 1.000000000000000000, 0.000000000000000000, -0.000000000000000000 ) ) ;
#2282 = CARTESIAN_POINT ( 'NONE',  ( -45.07812899334817303, -13.35275013547102319, -167.0000000000000000 ) ) ;
#2283 = AXIS2_PLACEMENT_3D ( 'NONE', #3200, #978, #2492 ) ;
#2284 = CALENDAR_DATE ( 2026, 3, 10 ) ;
#2285 = DIRECTION ( 'NONE',  ( 0.000000000000000000, 0.000000000000000000, -1.000000000000000000 ) ) ;
#2286 = CC_DESIGN_PERSON_AND_ORGANIZATION_ASSIGNMENT ( #7099, #2806, ( #2272 ) ) ;
#2287 = EDGE_CURVE ( 'NONE', #9174, #7780, #8419, .T. ) ;
#2288 = LINE ( 'NONE', #5862, #5075 ) ;
#2289 = DIRECTION ( 'NONE',  ( -0.000000000000000000, -0.000000000000000000, 1.000000000000000000 ) ) ;
#2290 = ORIENTED_EDGE ( 'NONE', *, *, #934, .F. ) ;
#2291 = VECTOR ( 'NONE', #4927, 1000.000000000000000 ) ;
#2292 = PLANE ( 'NONE',  #1674 ) ;
#2293 = ORIENTED_EDGE ( 'NONE', *, *, #8528, .T. ) ;
#2294 = CARTESIAN_POINT ( 'NONE',  ( 0.000000000000000000, 0.000000000000000000, 19.00000000000000000 ) ) ;
#2295 = CARTESIAN_POINT ( 'NONE',  ( -72.76294694533463314, 0.2777589635784699640, -10.22250535117724013 ) ) ;
#2296 = CARTESIAN_POINT ( 'NONE',  ( 765.0258192322580726, -249.9102276301373706, -67.17803676620167153 ) ) ;
#2297 = AXIS2_PLACEMENT_3D ( 'NONE', #5947, #8868, #7991 ) ;
#2298 = AXIS2_PLACEMENT_3D ( 'NONE', #2577, #1750, #7591 ) ;
#2299 = VECTOR ( 'NONE', #2455, 1000.000000000000114 ) ;
#2300 = EDGE_CURVE ( 'NONE', #6938, #6790, #613, .T. ) ;
#2301 = ORIENTED_EDGE ( 'NONE', *, *, #7390, .F. ) ;
#2302 = AXIS2_PLACEMENT_3D ( 'NONE', #2208, #8614, #7888 ) ;
#2303 = DIRECTION ( 'NONE',  ( 1.000000000000000000, 0.000000000000000000, 0.000000000000000000 ) ) ;
#2304 = EDGE_LOOP ( 'NONE', ( #6062, #7459, #4654, #1452 ) ) ;
#2305 = CIRCLE ( 'NONE', #8403, 2.000000000000000000 ) ;
#2306 = DIRECTION ( 'NONE',  ( -1.000000000000000000, -8.759319517086517175E-15, 0.000000000000000000 ) ) ;
#2307 = VECTOR ( 'NONE', #4027, 1000.000000000000114 ) ;
#2308 = VERTEX_POINT ( 'NONE', #4375 ) ;
#2309 = DIRECTION ( 'NONE',  ( 0.000000000000000000, -1.000000000000000000, 0.000000000000000000 ) ) ;
#2310 = DIRECTION ( 'NONE',  ( -0.000000000000000000, -0.000000000000000000, -1.000000000000000000 ) ) ;
#2311 = ORIENTED_EDGE ( 'NONE', *, *, #8427, .T. ) ;
#2312 = FACE_OUTER_BOUND ( 'NONE', #7548, .T. ) ;
#2313 = VECTOR ( 'NONE', #1763, 1000.000000000000000 ) ;
#2314 = APPLICATION_CONTEXT ( 'configuration controlled 3d designs of mechanical parts and assemblies' ) ;
#2315 = ADVANCED_FACE ( 'NONE', ( #4994 ), #2073, .T. ) ;
#2316 = AXIS2_PLACEMENT_3D ( 'NONE', #9337, #3377, #7136 ) ;
#2317 = DIRECTION ( 'NONE',  ( 1.000000000000000000, 0.000000000000000000, 0.000000000000000000 ) ) ;
#2318 = CARTESIAN_POINT ( 'NONE',  ( -38.89087296526409432, -38.89087296525845971, -266.0000000000000000 ) ) ;
#2319 = ORIENTED_EDGE ( 'NONE', *, *, #316, .F. ) ;
#2320 = CARTESIAN_POINT ( 'NONE',  ( 1.543314621137119813, -4.789884543923110805, -7.493799108739477965 ) ) ;
#2321 = DIRECTION ( 'NONE',  ( -1.000000000000000000, 0.000000000000000000, 0.000000000000000000 ) ) ;
#2322 = VERTEX_POINT ( 'NONE', #5704 ) ;
#2323 = CARTESIAN_POINT ( 'NONE',  ( -3.072503578181957353E-13, 44.00000000000000000, -99.00000000000000000 ) ) ;
#2324 = ITEM_DEFINED_TRANSFORMATION ( 'NONE', 'NONE', #8277,  #8931 ) ;
#2325 = APPROVAL_PERSON_ORGANIZATION ( #7628, #7656, #1890 ) ;
#2326 = PERSON_AND_ORGANIZATION_ROLE ( 'classification_officer' ) ;
#2327 = AXIS2_PLACEMENT_3D ( 'NONE', #5096, #4871, #6562 ) ;
#2328 = EDGE_CURVE ( 'NONE', #7837, #6440, #6747, .T. ) ;
#2329 = EDGE_CURVE ( 'NONE', #7281, #6407, #2631, .T. ) ;
#2330 = CARTESIAN_POINT ( 'NONE',  ( -14.90000000000002345, 0.000000000000000000, 80.00000000000000000 ) ) ;
#2331 = ORIENTED_EDGE ( 'NONE', *, *, #3646, .F. ) ;
#2332 = CARTESIAN_POINT ( 'NONE',  ( 36.00000000000000000, 2.557953848736360669E-13, 0.000000000000000000 ) ) ;
#2333 = AXIS2_PLACEMENT_3D ( 'NONE', #4560, #8896, #2353 ) ;
#2334 = CIRCLE ( 'NONE', #2647, 22.50000000000000355 ) ;
#2335 = ORIENTED_EDGE ( 'NONE', *, *, #1575, .F. ) ;
#2336 = CARTESIAN_POINT ( 'NONE',  ( 42.50000000000000711, 5.204748896376250896E-15, 90.00000000000000000 ) ) ;
#2337 = CARTESIAN_POINT ( 'NONE',  ( 16.89932282809117581, -38.99567781808257649, 28.12585149694775311 ) ) ;
#2338 = ORIENTED_EDGE ( 'NONE', *, *, #467, .T. ) ;
#2339 = DIRECTION ( 'NONE',  ( 0.000000000000000000, 1.000000000000000000, -0.000000000000000000 ) ) ;
#2340 = APPROVAL_ROLE ( '' ) ;
#2341 = AXIS2_PLACEMENT_3D ( 'NONE', #3477, #8492, #4958 ) ;
#2342 = CARTESIAN_POINT ( 'NONE',  ( 34.46221800625679776, -24.87359058957515501, 8.581455290019430748 ) ) ;
#2343 = CARTESIAN_POINT ( 'NONE',  ( 5.999999999999972466, 55.59999999999998010, -6.999999999999999112 ) ) ;
#2344 = CARTESIAN_POINT ( 'NONE',  ( 45.07812899334817303, -13.35275013547102319, -228.0000000000000000 ) ) ;
#2345 = ORIENTED_EDGE ( 'NONE', *, *, #2672, .T. ) ;
#2346 = ORIENTED_EDGE ( 'NONE', *, *, #7571, .T. ) ;
#2347 = CARTESIAN_POINT ( 'NONE',  ( -5.999999999999965361, 145.5999999999999943, 6.999999999999999112 ) ) ;
#2348 = ORIENTED_EDGE ( 'NONE', *, *, #665, .T. ) ;
#2349 = CARTESIAN_POINT ( 'NONE',  ( -39.50000000000000000, 4.837354856632044663E-15, 66.69999999999998863 ) ) ;
#2350 = CC_DESIGN_PERSON_AND_ORGANIZATION_ASSIGNMENT ( #2090, #2769, ( #3310 ) ) ;
#2351 = CARTESIAN_POINT ( 'NONE',  ( -72.45456625426639619, -4.425421554673993896, -10.24155541650027068 ) ) ;
#2352 = EDGE_CURVE ( 'NONE', #6776, #9307, #2149, .T. ) ;
#2353 = DIRECTION ( 'NONE',  ( 1.000000000000000000, 0.000000000000000000, 0.000000000000000000 ) ) ;
#2354 = CARTESIAN_POINT ( 'NONE',  ( -2.778545522101096399, 42.41266923739028982, 10.32052545206352789 ) ) ;
#2355 = PRODUCT_DEFINITION_SHAPE ( 'NONE', 'NONE',  #9487 ) ;
#2356 = CARTESIAN_POINT ( 'NONE',  ( -16.44197338069311343, 34.26328594241253001, 11.62384312126167529 ) ) ;
#2357 = ORIENTED_EDGE ( 'NONE', *, *, #248, .T. ) ;
#2358 = DIRECTION ( 'NONE',  ( 0.000000000000000000, 0.000000000000000000, -1.000000000000000000 ) ) ;
#2359 = ORIENTED_EDGE ( 'NONE', *, *, #6704, .T. ) ;
#2360 = CARTESIAN_POINT ( 'NONE',  ( -17.50000000000000000, 0.000000000000000000, 0.000000000000000000 ) ) ;
#2361 = CARTESIAN_POINT ( 'NONE',  ( 0.000000000000000000, 0.000000000000000000, 0.000000000000000000 ) ) ;
#2362 = EDGE_CURVE ( 'NONE', #7058, #69, #9033, .T. ) ;
#2363 = EDGE_LOOP ( 'NONE', ( #8866, #7034, #3488, #2419 ) ) ;
#2364 = CARTESIAN_POINT ( 'NONE',  ( -22.08265063010096085, 29.99999999999999645, 9.142360074777446499 ) ) ;
#2365 = DATE_AND_TIME ( #6076, #5878 ) ;
#2366 = AXIS2_PLACEMENT_3D ( 'NONE', #2858, #1396, #1445 ) ;
#2367 = PERSON ( 'NAUO-PER16', 'UNSPECIFIED', 'UNSPECIFIED', ('UNSPECIFIED'), ('UNSPECIFIED'), ('UNSPECIFIED') ) ;
#2368 = CARTESIAN_POINT ( 'NONE',  ( 27.00000000000000000, -44.00000000000000000, 175.0000000000000000 ) ) ;
#2369 = ORIENTED_EDGE ( 'NONE', *, *, #7077, .F. ) ;
#2370 = CARTESIAN_POINT ( 'NONE',  ( 0.000000000000000000, 0.000000000000000000, 1.999999999999988010 ) ) ;
#2371 =( GEOMETRIC_REPRESENTATION_CONTEXT ( 3 ) GLOBAL_UNCERTAINTY_ASSIGNED_CONTEXT ( ( #3167 ) ) GLOBAL_UNIT_ASSIGNED_CONTEXT ( ( #9409, #4224, #9224 ) ) REPRESENTATION_CONTEXT ( 'NONE', 'WORKASPACE' ) );
#2372 = VERTEX_POINT ( 'NONE', #7941 ) ;
#2373 = CARTESIAN_POINT ( 'NONE',  ( -1.214187453796768734, -5.540826339573933446, -10.24983523256761941 ) ) ;
#2374 = APPROVAL_DATE_TIME ( #3770, #4219 ) ;
#2375 = EDGE_CURVE ( 'NONE', #7306, #6451, #7949, .T. ) ;
#2376 = EDGE_CURVE ( 'NONE', #3591, #5929, #3952, .T. ) ;
#2377 = APPROVAL_STATUS ( 'not_yet_approved' ) ;
#2378 = AXIS2_PLACEMENT_3D ( 'NONE', #5429, #6989, #8329 ) ;
#2379 = FACE_OUTER_BOUND ( 'NONE', #5743, .T. ) ;
#2380 = ORIENTED_EDGE ( 'NONE', *, *, #7184, .T. ) ;
#2381 = FACE_BOUND ( 'NONE', #8848, .T. ) ;
#2382 = EDGE_LOOP ( 'NONE', ( #5163, #9321 ) ) ;
#2383 = DIRECTION ( 'NONE',  ( -0.000000000000000000, -0.000000000000000000, -1.000000000000000000 ) ) ;
#2384 = DIRECTION ( 'NONE',  ( 0.000000000000000000, 1.000000000000000000, 0.000000000000000000 ) ) ;
#2385 = EDGE_CURVE ( 'NONE', #2047, #5843, #1371, .T. ) ;
#2386 = AXIS2_PLACEMENT_3D ( 'NONE', #7110, #8539, #3392 ) ;
#2387 = ADVANCED_FACE ( 'NONE', ( #9422 ), #9283, .T. ) ;
#2388 = VERTEX_POINT ( 'NONE', #3649 ) ;
#2389 = CARTESIAN_POINT ( 'NONE',  ( -41.58770332731556607, 8.928662447448754591, 19.80465327974134127 ) ) ;
#2390 = LOCAL_TIME ( 2, 39, 17.00000000000000000, #6616 ) ;
#2391 = CC_DESIGN_APPROVAL ( #8527, ( #3766 ) ) ;
#2392 = DATE_AND_TIME ( #6056, #2156 ) ;
#2393 = CALENDAR_DATE ( 2026, 3, 10 ) ;
#2394 = CARTESIAN_POINT ( 'NONE',  ( 45.07812899334817303, -13.35275013547102319, 129.0000000000000000 ) ) ;
#2395 = DIRECTION ( 'NONE',  ( 1.000000000000000000, 6.982962677686266711E-15, 0.000000000000000000 ) ) ;
#2396 = FACE_OUTER_BOUND ( 'NONE', #6817, .T. ) ;
#2397 = ORIENTED_EDGE ( 'NONE', *, *, #2328, .F. ) ;
#2398 = UNCERTAINTY_MEASURE_WITH_UNIT (LENGTH_MEASURE( 1.000000000000000082E-05 ), #2006, 'distance_accuracy_value', 'NONE');
#2399 = DIRECTION ( 'NONE',  ( 0.000000000000000000, 0.000000000000000000, 1.000000000000000000 ) ) ;
#2400 = ORIENTED_EDGE ( 'NONE', *, *, #3589, .T. ) ;
#2401 = DIRECTION ( 'NONE',  ( -0.000000000000000000, -0.000000000000000000, 1.000000000000000000 ) ) ;
#2402 = DIRECTION ( 'NONE',  ( -1.000000000000000000, -6.938893903907228378E-15, 0.000000000000000000 ) ) ;
#2403 = DIRECTION ( 'NONE',  ( 0.000000000000000000, 0.000000000000000000, 1.000000000000000000 ) ) ;
#2404 = VERTEX_POINT ( 'NONE', #2997 ) ;
#2405 = CC_DESIGN_PERSON_AND_ORGANIZATION_ASSIGNMENT ( #8732, #6010, ( #1917 ) ) ;
#2406 = CARTESIAN_POINT ( 'NONE',  ( -11.37415928790344033, 36.25929687625183817, 7.583188963008486994 ) ) ;
#2407 = ORIENTED_EDGE ( 'NONE', *, *, #2415, .F. ) ;
#2408 = DIRECTION ( 'NONE',  ( 1.000000000000000000, 0.000000000000000000, 0.000000000000000000 ) ) ;
#2409 = VERTEX_POINT ( 'NONE', #958 ) ;
#2410 = CARTESIAN_POINT ( 'NONE',  ( -17.84874032140711719, 31.28146872998132366, 10.71515223080181833 ) ) ;
#2411 = CARTESIAN_POINT ( 'NONE',  ( -38.93376497369867195, -17.06148373373613936, 16.96350711677167311 ) ) ;
#2412 = CARTESIAN_POINT ( 'NONE',  ( 0.000000000000000000, 0.000000000000000000, 55.09999999999999432 ) ) ;
#2413 = CALENDAR_DATE ( 2026, 3, 10 ) ;
#2414 = DIRECTION ( 'NONE',  ( -0.000000000000000000, -0.000000000000000000, 1.000000000000000000 ) ) ;
#2415 = EDGE_CURVE ( 'NONE', #2110, #2947, #3098, .T. ) ;
#2416 = CARTESIAN_POINT ( 'NONE',  ( -3.072503578181957353E-13, 44.00000000000000000, -53.00000000000000000 ) ) ;
#2417 = EDGE_LOOP ( 'NONE', ( #4251, #5251 ) ) ;
#2418 = CARTESIAN_POINT ( 'NONE',  ( -28.61817604250834535, 25.00000000000002487, 6.755772121541173014 ) ) ;
#2419 = ORIENTED_EDGE ( 'NONE', *, *, #2792, .T. ) ;
#2420 = DIRECTION ( 'NONE',  ( -0.000000000000000000, -0.000000000000000000, -1.000000000000000000 ) ) ;
#2421 = DATE_TIME_ROLE ( 'classification_date' ) ;
#2422 = PERSON_AND_ORGANIZATION ( #2940, #5543 ) ;
#2423 = CARTESIAN_POINT ( 'NONE',  ( -35.30553202143224922, 0.000000000000000000, 5.869645329989859661 ) ) ;
#2424 = EDGE_CURVE ( 'NONE', #716, #5229, #8089, .T. ) ;
#2425 = CARTESIAN_POINT ( 'NONE',  ( -45.07812899334817303, -13.35275013547102319, -213.0000000000000000 ) ) ;
#2426 = ORIENTED_EDGE ( 'NONE', *, *, #6680, .T. ) ;
#2427 = VERTEX_POINT ( 'NONE', #6038 ) ;
#2428 = FACE_OUTER_BOUND ( 'NONE', #4899, .T. ) ;
#2429 = CARTESIAN_POINT ( 'NONE',  ( 8.482785161218560077, -41.64779218825126605, 12.37268398224605015 ) ) ;
#2430 = VERTEX_POINT ( 'NONE', #1679 ) ;
#2431 = CARTESIAN_POINT ( 'NONE',  ( -42.50000000000000000, 0.9022679851475861046, 20.77501000800800668 ) ) ;
#2432 = PERSON_AND_ORGANIZATION ( #2940, #5543 ) ;
#2433 = CALENDAR_DATE ( 2026, 3, 10 ) ;
#2434 = CARTESIAN_POINT ( 'NONE',  ( 34.88992150064377995, -24.26838863017689718, 10.51684294597052372 ) ) ;
#2435 = EDGE_CURVE ( 'NONE', #3723, #6172, #1850, .T. ) ;
#2436 = CARTESIAN_POINT ( 'NONE',  ( 16.02518745536616507, 39.36562193949608712, 21.52050001647196353 ) ) ;
#2437 = CARTESIAN_POINT ( 'NONE',  ( -1.030432304228876673E-14, 55.59999999999998010, -4.999999999999999112 ) ) ;
#2438 = EDGE_CURVE ( 'NONE', #6451, #1432, #3807, .T. ) ;
#2439 = VERTEX_POINT ( 'NONE', #1534 ) ;
#2440 = VERTEX_POINT ( 'NONE', #9003 ) ;
#2441 = DIRECTION ( 'NONE',  ( 0.000000000000000000, 1.000000000000000000, 0.000000000000000000 ) ) ;
#2442 = CARTESIAN_POINT ( 'NONE',  ( 63.46176972075376455, -48.70938086149337209, 15.00000000000000000 ) ) ;
#2443 = AXIS2_PLACEMENT_3D ( 'NONE', #3986, #315, #2994 ) ;
#2444 = VERTEX_POINT ( 'NONE', #4481 ) ;
#2445 = CARTESIAN_POINT ( 'NONE',  ( 0.000000000000000000, 0.000000000000000000, 76.00000000000000000 ) ) ;
#2446 = CARTESIAN_POINT ( 'NONE',  ( -72.57666526106844174, -3.380104676614371861, -10.23528741798068076 ) ) ;
#2447 = DIRECTION ( 'NONE',  ( 0.000000000000000000, 0.000000000000000000, 1.000000000000000000 ) ) ;
#2448 = EDGE_CURVE ( 'NONE', #7461, #8365, #4905, .T. ) ;
#2449 = EDGE_LOOP ( 'NONE', ( #3693, #6581, #483, #8550 ) ) ;
#2450 = CIRCLE ( 'NONE', #7011, 38.00000000000000000 ) ;
#2451 = CARTESIAN_POINT ( 'NONE',  ( -17.50000000000000000, 0.000000000000000000, 20.00000000000000000 ) ) ;
#2452 = ORIENTED_EDGE ( 'NONE', *, *, #1439, .T. ) ;
#2453 = DIRECTION ( 'NONE',  ( 1.000000000000000000, 0.000000000000000000, 0.000000000000000000 ) ) ;
#2454 = VERTEX_POINT ( 'NONE', #859 ) ;
#2455 = DIRECTION ( 'NONE',  ( -0.7071067811865474617, 8.659560562354932858E-17, 0.7071067811865474617 ) ) ;
#2456 = DIRECTION ( 'NONE',  ( -1.000000000000000000, 0.000000000000000000, 0.000000000000000000 ) ) ;
#2457 = TOROIDAL_SURFACE ( 'NONE', #5357, 5.999999999999983125, 2.000000000000000000 ) ;
#2458 = AXIS2_PLACEMENT_3D ( 'NONE', #4093, #5604, #4939 ) ;
#2459 = CARTESIAN_POINT ( 'NONE',  ( 17.77750000159367971, 32.64081501001919605, 9.177093597920103818 ) ) ;
#2460 = CALENDAR_DATE ( 2026, 3, 10 ) ;
#2461 = CIRCLE ( 'NONE', #5206, 17.50000000000007105 ) ;
#2462 = AXIS2_PLACEMENT_3D ( 'NONE', #6777, #3152, #5342 ) ;
#2463 = AXIS2_PLACEMENT_3D ( 'NONE', #5029, #9372, #8657 ) ;
#2464 = CARTESIAN_POINT ( 'NONE',  ( -73.61253608892312172, 0.2777589635784699640, -9.308297555543685320 ) ) ;
#2465 = ORIENTED_EDGE ( 'NONE', *, *, #6568, .T. ) ;
#2466 = DIRECTION ( 'NONE',  ( 0.000000000000000000, 0.000000000000000000, -1.000000000000000000 ) ) ;
#2467 = VERTEX_POINT ( 'NONE', #2368 ) ;
#2468 = AXIS2_PLACEMENT_3D ( 'NONE', #7210, #4314, #6489 ) ;
#2469 = DIRECTION ( 'NONE',  ( -0.000000000000000000, -0.000000000000000000, -1.000000000000000000 ) ) ;
#2470 = SECURITY_CLASSIFICATION_LEVEL ( 'unclassified' ) ;
#2471 = CC_DESIGN_DATE_AND_TIME_ASSIGNMENT ( #8147, #1739, ( #6170 ) ) ;
#2472 = EDGE_CURVE ( 'NONE', #8521, #1485, #8711, .T. ) ;
#2473 = AXIS2_PLACEMENT_3D ( 'NONE', #4986, #9414, #4365 ) ;
#2474 = COORDINATED_UNIVERSAL_TIME_OFFSET ( 5, 30, .AHEAD. ) ;
#2475 = VECTOR ( 'NONE', #1725, 1000.000000000000000 ) ;
#2476 = VECTOR ( 'NONE', #8139, 1000.000000000000000 ) ;
#2477 = CARTESIAN_POINT ( 'NONE',  ( 5.218262837931497700, 37.64722720604219575, 48.89927715049140033 ) ) ;
#2478 = CARTESIAN_POINT ( 'NONE',  ( 5.214587531555658906, -37.64230808910366477, 48.89061699017080542 ) ) ;
#2479 = AXIS2_PLACEMENT_3D ( 'NONE', #9286, #2076, #4949 ) ;
#2480 = EDGE_LOOP ( 'NONE', ( #8603, #4585, #1422, #1168 ) ) ;
#2481 = CARTESIAN_POINT ( 'NONE',  ( -34.36931771216882225, -24.99999999999997868, 90.00000000000001421 ) ) ;
#2482 = LOCAL_TIME ( 2, 39, 17.00000000000000000, #8054 ) ;
#2483 = AXIS2_PLACEMENT_3D ( 'NONE', #965, #867, #152 ) ;
#2484 = EDGE_LOOP ( 'NONE', ( #3789, #6944, #3578, #3468, #2838, #2231 ) ) ;
#2485 = DIRECTION ( 'NONE',  ( 0.000000000000000000, 0.000000000000000000, 1.000000000000000000 ) ) ;
#2486 = EDGE_CURVE ( 'NONE', #5378, #1478, #138, .T. ) ;
#2487 = DATE_AND_TIME ( #3197, #3243 ) ;
#2488 = PERSON_AND_ORGANIZATION ( #7924, #3772 ) ;
#2489 = PERSON ( 'NAUO-PER26', 'UNSPECIFIED', 'UNSPECIFIED', ('UNSPECIFIED'), ('UNSPECIFIED'), ('UNSPECIFIED') ) ;
#2490 = CARTESIAN_POINT ( 'NONE',  ( 11.16120690664062032, 41.01058696252253100, 14.29814945374605273 ) ) ;
#2491 = AXIS2_PLACEMENT_3D ( 'NONE', #8124, #8745, #2196 ) ;
#2492 = DIRECTION ( 'NONE',  ( 1.000000000000000000, 0.000000000000000000, -0.000000000000000000 ) ) ;
#2493 = VECTOR ( 'NONE', #4348, 1000.000000000000000 ) ;
#2494 = ORIENTED_EDGE ( 'NONE', *, *, #6974, .F. ) ;
#2495 = CARTESIAN_POINT ( 'NONE',  ( 54.99999999999766942, -2.341423249310675611E-12, -281.0000000000000000 ) ) ;
#2496 = EDGE_LOOP ( 'NONE', ( #6813, #5895, #4109, #5079 ) ) ;
#2497 = DIRECTION ( 'NONE',  ( 0.000000000000000000, 0.000000000000000000, -1.000000000000000000 ) ) ;
#2498 = CARTESIAN_POINT ( 'NONE',  ( 17.74162203137373339, 33.32540746386427344, -9.000000000000001776 ) ) ;
#2499 = EDGE_CURVE ( 'NONE', #4119, #8345, #813, .T. ) ;
#2500 = CARTESIAN_POINT ( 'NONE',  ( 811.0530174742059444, -122.5147112515006569, -221.1780367662038600 ) ) ;
#2501 = CIRCLE ( 'NONE', #7814, 5.000000000004757972 ) ;
#2502 = CARTESIAN_POINT ( 'NONE',  ( -8.482785161218558301, 41.64779218825125895, 12.37268398224604837 ) ) ;
#2503 = ORIENTED_EDGE ( 'NONE', *, *, #8710, .T. ) ;
#2504 = DIRECTION ( 'NONE',  ( 1.000000000000000000, 0.000000000000000000, 0.000000000000000000 ) ) ;
#2505 = CIRCLE ( 'NONE', #8595, 5.918580100757921514 ) ;
#2506 = CARTESIAN_POINT ( 'NONE',  ( -37.11354958857257458, 20.71189309187001371, 14.97467977947021645 ) ) ;
#2507 =( REPRESENTATION_RELATIONSHIP ('NONE','NONE', #1222, #9169 ) REPRESENTATION_RELATIONSHIP_WITH_TRANSFORMATION ( #299 )SHAPE_REPRESENTATION_RELATIONSHIP( ) );
#2508 = EDGE_LOOP ( 'NONE', ( #4492, #8994, #557, #5110 ) ) ;
#2509 = CARTESIAN_POINT ( 'NONE',  ( 5.000000000000000000, 55.00000000000000000, -281.0000000000000000 ) ) ;
#2510 = EDGE_LOOP ( 'NONE', ( #372, #2696, #4914, #6216 ) ) ;
#2511 = CARTESIAN_POINT ( 'NONE',  ( -39.50000000000000711, 0.000000000000000000, 0.000000000000000000 ) ) ;
#2512 = CARTESIAN_POINT ( 'NONE',  ( 19.89974874213239531, 30.00000000000000000, 10.99999999999999822 ) ) ;
#2513 = DIRECTION ( 'NONE',  ( 0.000000000000000000, 0.000000000000000000, 1.000000000000000000 ) ) ;
#2514 = EDGE_CURVE ( 'NONE', #1659, #1478, #4621, .T. ) ;
#2515 = ADVANCED_FACE ( 'NONE', ( #905 ), #6708, .T. ) ;
#2516 = CARTESIAN_POINT ( 'NONE',  ( -45.07812899334817303, -13.35275013547102319, 175.0000000000000000 ) ) ;
#2517 = PLANE ( 'NONE',  #4010 ) ;
#2518 = ORIENTED_EDGE ( 'NONE', *, *, #1997, .T. ) ;
#2519 = ORIENTED_EDGE ( 'NONE', *, *, #402, .F. ) ;
#2520 = CARTESIAN_POINT ( 'NONE',  ( 33.89087296525765680, 38.89087296525845971, -266.0000000000000000 ) ) ;
#2521 = SPHERICAL_SURFACE ( 'NONE', #5956, 183.1249999999999147 ) ;
#2522 = CONTEXT_DEPENDENT_SHAPE_REPRESENTATION ( #5249, #3809 ) ;
#2523 = CALENDAR_DATE ( 2026, 3, 10 ) ;
#2524 = CARTESIAN_POINT ( 'NONE',  ( 21.89615248407952208, 31.05788337919653586, 32.23126273633525329 ) ) ;
#2525 = CIRCLE ( 'NONE', #7988, 42.50000000000000711 ) ;
#2526 = CC_DESIGN_PERSON_AND_ORGANIZATION_ASSIGNMENT ( #240, #4804, ( #6592 ) ) ;
#2527 = CC_DESIGN_PERSON_AND_ORGANIZATION_ASSIGNMENT ( #7725, #4826, ( #2809 ) ) ;
#2528 = CARTESIAN_POINT ( 'NONE',  ( 38.00000000000000000, 0.000000000000000000, -5.918580100757921514 ) ) ;
#2529 = ORIENTED_EDGE ( 'NONE', *, *, #7900, .F. ) ;
#2530 = DIRECTION ( 'NONE',  ( 1.000000000000000000, 0.000000000000000000, 0.000000000000000000 ) ) ;
#2531 = CC_DESIGN_SECURITY_CLASSIFICATION ( #7997, ( #4357 ) ) ;
#2532 = LINE ( 'NONE', #8205, #8922 ) ;
#2533 = PERSON_AND_ORGANIZATION ( #2940, #5543 ) ;
#2534 = PERSON_AND_ORGANIZATION ( #3282, #5130 ) ;
#2535 = CARTESIAN_POINT ( 'NONE',  ( 0.000000000000000000, 0.000000000000000000, -281.0000000000000000 ) ) ;
#2536 = LOCAL_TIME ( 2, 39, 17.00000000000000000, #6660 ) ;
#2537 = CARTESIAN_POINT ( 'NONE',  ( 1.112072337217614226, 42.48910342405105212, 10.12734504543441183 ) ) ;
#2538 = CARTESIAN_POINT ( 'NONE',  ( 0.000000000000000000, 0.000000000000000000, 66.69999999999998863 ) ) ;
#2539 = EDGE_CURVE ( 'NONE', #4540, #6938, #6124, .T. ) ;
#2540 = CIRCLE ( 'NONE', #7569, 8.999999999999998224 ) ;
#2541 = ORIENTED_EDGE ( 'NONE', *, *, #9204, .T. ) ;
#2542 = LINE ( 'NONE', #6193, #8260 ) ;
#2543 = ORGANIZATION ( 'NAUO-ORG9', 'UNSPECIFIED', 'UNSPECIFIED' ) ;
#2544 = CARTESIAN_POINT ( 'NONE',  ( -5.943168432376794819, -37.53944224483487346, 5.286114043323395961 ) ) ;
#2545 = ORIENTED_EDGE ( 'NONE', *, *, #9227, .T. ) ;
#2546 = DIRECTION ( 'NONE',  ( 0.000000000000000000, 0.000000000000000000, -1.000000000000000000 ) ) ;
#2547 = CARTESIAN_POINT ( 'NONE',  ( 17.77767275868941610, 32.63751860826179296, -9.178313628673297586 ) ) ;
#2548 = CARTESIAN_POINT ( 'NONE',  ( 766.4917328678895956, -122.6459258667417060, 120.8219632337991953 ) ) ;
#2549 = PLANE ( 'NONE',  #6711 ) ;
#2550 = CC_DESIGN_SECURITY_CLASSIFICATION ( #4225, ( #9477 ) ) ;
#2551 = APPROVAL_PERSON_ORGANIZATION ( #580, #9114, #1306 ) ;
#2552 = CARTESIAN_POINT ( 'NONE',  ( 0.000000000000000000, 0.000000000000000000, -266.0000000000000000 ) ) ;
#2553 = DIRECTION ( 'NONE',  ( -0.000000000000000000, -0.000000000000000000, -1.000000000000000000 ) ) ;
#2554 = ADVANCED_FACE ( 'NONE', ( #3907 ), #5288, .F. ) ;
#2555 = CARTESIAN_POINT ( 'NONE',  ( 38.00000000000000000, 4.653714061204156433E-15, 20.77501000800801378 ) ) ;
#2556 = VERTEX_POINT ( 'NONE', #4419 ) ;
#2557 = CARTESIAN_POINT ( 'NONE',  ( 30.00037002404991426, -23.32506966874161591, 12.31263411384539630 ) ) ;
#2558 = ORIENTED_EDGE ( 'NONE', *, *, #2300, .F. ) ;
#2559 = CARTESIAN_POINT ( 'NONE',  ( -3.072503578181957353E-13, 44.00000000000000000, -38.00000000000000000 ) ) ;
#2560 = DIRECTION ( 'NONE',  ( -0.000000000000000000, -0.000000000000000000, 1.000000000000000000 ) ) ;
#2561 = EDGE_CURVE ( 'NONE', #5603, #2688, #3238, .T. ) ;
#2562 = ADVANCED_FACE ( 'NONE', ( #3709 ), #6611, .T. ) ;
#2563 = CARTESIAN_POINT ( 'NONE',  ( -1.030432304228876673E-14, 55.59999999999998010, -9.000000000000000000 ) ) ;
#2564 = EDGE_LOOP ( 'NONE', ( #8131, #7982, #4522, #3172 ) ) ;
#2565 = CARTESIAN_POINT ( 'NONE',  ( 37.11123950955696671, 20.72892591958068209, 14.99518058349635474 ) ) ;
#2566 = ORIENTED_EDGE ( 'NONE', *, *, #502, .T. ) ;
#2567 = DIRECTION ( 'NONE',  ( 0.000000000000000000, 0.000000000000000000, 1.000000000000000000 ) ) ;
#2568 = PERSON_AND_ORGANIZATION_ROLE ( 'classification_officer' ) ;
#2569 = CARTESIAN_POINT ( 'NONE',  ( 15.43105765072597535, 34.73028351131129909, 43.39040435298629461 ) ) ;
#2570 = CARTESIAN_POINT ( 'NONE',  ( 13.19769538513902241, -35.64016608207720793, 8.762941218259399534 ) ) ;
#2571 = ORIENTED_EDGE ( 'NONE', *, *, #5171, .F. ) ;
#2572 = FACE_OUTER_BOUND ( 'NONE', #9004, .T. ) ;
#2573 = CARTESIAN_POINT ( 'NONE',  ( 30.19214044603491587, 63.60700526054102966, -99.00000000000000000 ) ) ;
#2574 = PERSON_AND_ORGANIZATION_ROLE ( 'classification_officer' ) ;
#2575 = DATE_AND_TIME ( #209, #9242 ) ;
#2576 = CC_DESIGN_PERSON_AND_ORGANIZATION_ASSIGNMENT ( #8678, #2861, ( #3999 ) ) ;
#2577 = CARTESIAN_POINT ( 'NONE',  ( 0.000000000000000000, 201.1999999999999886, -19.00000000000000000 ) ) ;
#2578 = CARTESIAN_POINT ( 'NONE',  ( 9.868909365341197670, 41.34091523105750809, 40.73001651296169001 ) ) ;
#2579 = CARTESIAN_POINT ( 'NONE',  ( -38.89087296526079740, 38.89087296526176374, -266.0000000000000000 ) ) ;
#2580 = CARTESIAN_POINT ( 'NONE',  ( -22.48999014105500294, -30.63006563718225195, 26.22915804330733991 ) ) ;
#2581 = EDGE_LOOP ( 'NONE', ( #3406, #8354 ) ) ;
#2582 = LINE ( 'NONE', #1854, #4529 ) ;
#2583 = CARTESIAN_POINT ( 'NONE',  ( 17.83524192795231755, 31.53903342055719961, -10.05374958857092338 ) ) ;
#2584 =( NAMED_UNIT ( * ) PLANE_ANGLE_UNIT ( ) SI_UNIT ( $, .RADIAN. ) );
#2585 = CC_DESIGN_DATE_AND_TIME_ASSIGNMENT ( #5939, #6979, ( #7250 ) ) ;
#2586 = B_SPLINE_CURVE_WITH_KNOTS ( 'NONE', 3,
 ( #875, #1610, #6731, #3118, #5309, #6326, #8489, #489, #5488, #9251, #4691, #1934, #6190, #9113 ),
 .UNSPECIFIED., .F., .F.,
 ( 4, 2, 2, 2, 2, 2, 4 ),
 ( 0.02891601833116768522, 0.03164053153359220466, 0.03436504473601671716, 0.03981407114086575605, 0.04253858434329026855, 0.04526309754571478106, 0.05071212395056379912 ),
 .UNSPECIFIED. ) ;
#2587 = EDGE_CURVE ( 'NONE', #4040, #9418, #5942, .T. ) ;
#2588 = CYLINDRICAL_SURFACE ( 'NONE', #8382, 5.000000000001787903 ) ;
#2589 = DIRECTION ( 'NONE',  ( 0.000000000000000000, -1.000000000000000000, 0.000000000000000000 ) ) ;
#2590 = CIRCLE ( 'NONE', #7907, 14.90000000000002345 ) ;
#2591 = CARTESIAN_POINT ( 'NONE',  ( -34.72809071374958734, 24.49934854543380425, 9.888260814319199454 ) ) ;
#2592 = ORIENTED_EDGE ( 'NONE', *, *, #1076, .F. ) ;
#2593 = CARTESIAN_POINT ( 'NONE',  ( 28.61817604250839153, -24.99999999999997868, 6.755772121541173014 ) ) ;
#2594 = VERTEX_POINT ( 'NONE', #1585 ) ;
#2595 = DIRECTION ( 'NONE',  ( 0.000000000000000000, 0.000000000000000000, -1.000000000000000000 ) ) ;
#2596 = DIRECTION ( 'NONE',  ( -0.8161200235441083972, 0.5778824336924976990, -0.000000000000000000 ) ) ;
#2597 = DIRECTION ( 'NONE',  ( -1.000000000000000000, 0.000000000000000000, 0.000000000000000000 ) ) ;
#2598 = ADVANCED_FACE ( 'NONE', ( #4530, #7431 ), #2517, .F. ) ;
#2599 = AXIS2_PLACEMENT_3D ( 'NONE', #2437, #3887, #8163 ) ;
#2600 = DIRECTION ( 'NONE',  ( -1.000000000000000000, 0.000000000000000000, 0.000000000000000000 ) ) ;
#2601 = LINE ( 'NONE', #1136, #7340 ) ;
#2602 = LINE ( 'NONE', #7081, #1981 ) ;
#2603 = CARTESIAN_POINT ( 'NONE',  ( 36.00000000000000000, 2.513866563967056016E-13, 113.9999999999999858 ) ) ;
#2604 = AXIS2_PLACEMENT_3D ( 'NONE', #2771, #6479, #5678 ) ;
#2605 = VECTOR ( 'NONE', #1089, 1000.000000000000000 ) ;
#2606 = DIRECTION ( 'NONE',  ( -1.000000000000000000, 0.000000000000000000, 0.000000000000000000 ) ) ;
#2607 = APPROVAL_DATE_TIME ( #3913, #5765 ) ;
#2608 = CARTESIAN_POINT ( 'NONE',  ( 23.32380757938120297, 30.00000000000000000, 8.999999999999998224 ) ) ;
#2609 = AXIS2_PLACEMENT_3D ( 'NONE', #1324, #3501, #33 ) ;
#2610 = EDGE_CURVE ( 'NONE', #8791, #8728, #8904, .T. ) ;
#2611 = PERSON_AND_ORGANIZATION_ROLE ( 'classification_officer' ) ;
#2612 = VECTOR ( 'NONE', #7686, 1000.000000000000000 ) ;
#2613 = AXIS2_PLACEMENT_3D ( 'NONE', #8613, #9326, #2606 ) ;
#2614 = DIRECTION ( 'NONE',  ( -1.000000000000000000, 0.000000000000000000, 0.000000000000000000 ) ) ;
#2615 = ADVANCED_BREP_SHAPE_REPRESENTATION ( '', ( #3815, #8931 ), #2371 ) ;
#2616 = CIRCLE ( 'NONE', #6719, 42.50000000000000711 ) ;
#2617 = CARTESIAN_POINT ( 'NONE',  ( 1.530341685998818146, -37.97666818734182215, 4.539341639323291488 ) ) ;
#2618 = VERTEX_POINT ( 'NONE', #5387 ) ;
#2619 = DIRECTION ( 'NONE',  ( 1.000000000000000000, 0.000000000000000000, 0.000000000000000000 ) ) ;
#2620 = AXIS2_PLACEMENT_3D ( 'NONE', #4049, #280, #3232 ) ;
#2621 = LINE ( 'NONE', #2573, #9225 ) ;
#2622 = ADVANCED_FACE ( 'NONE', ( #1097 ), #8335, .T. ) ;
#2623 = PRODUCT ( 'connecting rod cap', 'connecting rod cap', '', ( #8720 ) ) ;
#2624 = PERSON_AND_ORGANIZATION ( #2940, #5543 ) ;
#2625 = ADVANCED_FACE ( 'NONE', ( #7613 ), #3275, .T. ) ;
#2626 = AXIS2_PLACEMENT_3D ( 'NONE', #2729, #9451, #2004 ) ;
#2627 = DIRECTION ( 'NONE',  ( 0.000000000000000000, 0.000000000000000000, -1.000000000000000000 ) ) ;
#2628 = CARTESIAN_POINT ( 'NONE',  ( 7.523523308067790794, 41.83171991688146107, 11.85692048348058414 ) ) ;
#2629 = B_SPLINE_CURVE_WITH_KNOTS ( 'NONE', 3,
 ( #5502, #403, #6246, #8503, #1946, #5592, #6621, #772, #8725, #7022 ),
 .UNSPECIFIED., .F., .F.,
 ( 4, 2, 2, 2, 4 ),
 ( 0.000000000000000000, 0.2499999999999998890, 0.3749999999999998335, 0.4999999999999997780, 1.000000000000000000 ),
 .UNSPECIFIED. ) ;
#2630 = CC_DESIGN_APPROVAL ( #5548, ( #7185 ) ) ;
#2631 = CIRCLE ( 'NONE', #7187, 39.50000000000000000 ) ;
#2632 = DIRECTION ( 'NONE',  ( -1.000000000000000000, 8.881784197001252323E-16, 0.000000000000000000 ) ) ;
#2633 = CARTESIAN_POINT ( 'NONE',  ( -22.34787908493933628, -30.73607140472755717, 30.01050237279273603 ) ) ;
#2634 = VERTEX_POINT ( 'NONE', #3411 ) ;
#2635 = FACE_OUTER_BOUND ( 'NONE', #7117, .T. ) ;
#2636 = CARTESIAN_POINT ( 'NONE',  ( 31.42648297920983680, 21.36666458372611999, 14.47834681900574871 ) ) ;
#2637 = PERSON_AND_ORGANIZATION ( #2940, #5543 ) ;
#2638 = APPROVAL_STATUS ( 'not_yet_approved' ) ;
#2639 = AXIS2_PLACEMENT_3D ( 'NONE', #6692, #5979, #3692 ) ;
#2640 = AXIS2_PLACEMENT_3D ( 'NONE', #3240, #101, #3056 ) ;
#2641 = CARTESIAN_POINT ( 'NONE',  ( 0.000000000000000000, 0.2777589635784699640, 17.50000000000000000 ) ) ;
#2642 = CARTESIAN_POINT ( 'NONE',  ( 0.000000000000000000, 0.000000000000000000, 0.000000000000000000 ) ) ;
#2643 = DIRECTION ( 'NONE',  ( 0.000000000000000000, 0.000000000000000000, -1.000000000000000000 ) ) ;
#2644 = VERTEX_POINT ( 'NONE', #6951 ) ;
#2645 = EDGE_CURVE ( 'NONE', #5097, #7461, #2601, .T. ) ;
#2646 = CARTESIAN_POINT ( 'NONE',  ( 0.000000000000000000, 0.000000000000000000, 90.00000000000000000 ) ) ;
#2647 = AXIS2_PLACEMENT_3D ( 'NONE', #7115, #1994, #6342 ) ;
#2648 = VERTEX_POINT ( 'NONE', #1822 ) ;
#2649 = CYLINDRICAL_SURFACE ( 'NONE', #3444, 5.000000000000000000 ) ;
#2650 = CARTESIAN_POINT ( 'NONE',  ( -75.09757858948606213, -4.659340774993383505, 7.493079299478391242 ) ) ;
#2651 = CIRCLE ( 'NONE', #9198, 36.00000000000000000 ) ;
#2652 = SHAPE_REPRESENTATION ( 'Part5', ( #8931 ), #7519 ) ;
#2653 = FACE_OUTER_BOUND ( 'NONE', #2673, .T. ) ;
#2654 = CYLINDRICAL_SURFACE ( 'NONE', #3519, 16.89999999999999858 ) ;
#2655 = EDGE_CURVE ( 'NONE', #6346, #5001, #4712, .T. ) ;
#2656 = DIRECTION ( 'NONE',  ( 0.000000000000000000, 0.000000000000000000, -1.000000000000000000 ) ) ;
#2657 = CARTESIAN_POINT ( 'NONE',  ( -0.7629469453346304775, 0.2777589635784699640, 17.50000000000000000 ) ) ;
#2658 = CARTESIAN_POINT ( 'NONE',  ( 20.10506545612091855, 30.00000000000001421, 10.31399656829433198 ) ) ;
#2659 = ORIENTED_EDGE ( 'NONE', *, *, #6167, .T. ) ;
#2660 = APPROVAL_STATUS ( 'not_yet_approved' ) ;
#2661 = CARTESIAN_POINT ( 'NONE',  ( -34.36931771216878673, 25.00000000000000000, 6.755772121541166797 ) ) ;
#2662 = EDGE_CURVE ( 'NONE', #4173, #2308, #4460, .T. ) ;
#2663 = CARTESIAN_POINT ( 'NONE',  ( -16.89999999999999858, 0.000000000000000000, 80.00000000000000000 ) ) ;
#2664 = EDGE_LOOP ( 'NONE', ( #3133, #9220 ) ) ;
#2665 = CARTESIAN_POINT ( 'NONE',  ( 0.000000000000000000, 0.000000000000000000, 85.00000000000000000 ) ) ;
#2666 = CARTESIAN_POINT ( 'NONE',  ( 16.15824077874042075, 185.5423739048267464, -9.000000000000000000 ) ) ;
#2667 = COORDINATED_UNIVERSAL_TIME_OFFSET ( 5, 30, .AHEAD. ) ;
#2668 = AXIS2_PLACEMENT_3D ( 'NONE', #6679, #5806, #7285 ) ;
#2669 = CARTESIAN_POINT ( 'NONE',  ( -12.73774154832743832, -40.55439881655480150, 15.83864227853063689 ) ) ;
#2670 = DIRECTION ( 'NONE',  ( -1.000000000000000000, -8.759319517086517175E-15, 0.000000000000000000 ) ) ;
#2671 = EDGE_CURVE ( 'NONE', #69, #8063, #6261, .T. ) ;
#2672 = EDGE_CURVE ( 'NONE', #943, #2912, #3230, .T. ) ;
#2673 = EDGE_LOOP ( 'NONE', ( #249, #5918 ) ) ;
#2674 = CARTESIAN_POINT ( 'NONE',  ( -21.70609917674892841, -31.19067357389365824, 32.93598408551899581 ) ) ;
#2675 = ORIENTED_EDGE ( 'NONE', *, *, #873, .F. ) ;
#2676 = DIRECTION ( 'NONE',  ( -0.000000000000000000, -0.000000000000000000, -1.000000000000000000 ) ) ;
#2677 = CARTESIAN_POINT ( 'NONE',  ( -37.50000000000001421, 20.00000000000000000, 15.41602615938556475 ) ) ;
#2678 = APPROVAL_DATE_TIME ( #4162, #2223 ) ;
#2679 =( REPRESENTATION_RELATIONSHIP ('NONE','NONE', #1222, #3946 ) REPRESENTATION_RELATIONSHIP_WITH_TRANSFORMATION ( #8188 )SHAPE_REPRESENTATION_RELATIONSHIP( ) );
#2680 = SECURITY_CLASSIFICATION_LEVEL ( 'unclassified' ) ;
#2681 = SECURITY_CLASSIFICATION ( '', '', #9104 ) ;
#2682 = LINE ( 'NONE', #7768, #426 ) ;
#2683 = VERTEX_POINT ( 'NONE', #327 ) ;
#2684 = FACE_OUTER_BOUND ( 'NONE', #8167, .T. ) ;
#2685 = CIRCLE ( 'NONE', #4678, 36.00000000000000000 ) ;
#2686 = LINE ( 'NONE', #9218, #8574 ) ;
#2687 = ORIENTED_EDGE ( 'NONE', *, *, #5702, .F. ) ;
#2688 = VERTEX_POINT ( 'NONE', #4671 ) ;
#2689 = FACE_OUTER_BOUND ( 'NONE', #5173, .T. ) ;
#2690 = ORIENTED_EDGE ( 'NONE', *, *, #2671, .F. ) ;
#2691 = CARTESIAN_POINT ( 'NONE',  ( -25.00000000000000000, 0.000000000000000000, 0.000000000000000000 ) ) ;
#2692 = CC_DESIGN_SECURITY_CLASSIFICATION ( #3158, ( #9483 ) ) ;
#2693 = SECURITY_CLASSIFICATION ( '', '', #3091 ) ;
#2694 = CC_DESIGN_PERSON_AND_ORGANIZATION_ASSIGNMENT ( #3771, #6508, ( #2983 ) ) ;
#2695 = CARTESIAN_POINT ( 'NONE',  ( -1.071327635260231670, -4.425421545948903912, 10.24155541645566814 ) ) ;
#2696 = ORIENTED_EDGE ( 'NONE', *, *, #6501, .T. ) ;
#2697 = DIRECTION ( 'NONE',  ( 0.000000000000000000, 0.000000000000000000, 1.000000000000000000 ) ) ;
#2698 = CARTESIAN_POINT ( 'NONE',  ( 0.000000000000000000, 0.000000000000000000, 59.39999999999999147 ) ) ;
#2699 = PRODUCT ( 'connecting_rod', 'connecting_rod', '', ( #7229 ) ) ;
#2700 = ORIENTED_EDGE ( 'NONE', *, *, #3822, .T. ) ;
#2701 = FACE_OUTER_BOUND ( 'NONE', #3241, .T. ) ;
#2702 = DIRECTION ( 'NONE',  ( -0.000000000000000000, 0.000000000000000000, 1.000000000000000000 ) ) ;
#2703 = ORIENTED_EDGE ( 'NONE', *, *, #8766, .F. ) ;
#2704 = APPROVAL_DATE_TIME ( #1884, #4742 ) ;
#2705 = ADVANCED_FACE ( 'NONE', ( #7573 ), #4754, .F. ) ;
#2706 = CARTESIAN_POINT ( 'NONE',  ( 16.44197338069311343, -34.26328594241250869, 42.37615687873830694 ) ) ;
#2707 = VERTEX_POINT ( 'NONE', #1003 ) ;
#2708 = CARTESIAN_POINT ( 'NONE',  ( -28.61817604250834535, 25.00000000000002487, 0.000000000000000000 ) ) ;
#2709 = LINE ( 'NONE', #2751, #5437 ) ;
#2710 = PERSON_AND_ORGANIZATION ( #2940, #5543 ) ;
#2711 = EDGE_CURVE ( 'NONE', #7969, #2439, #9324, .T. ) ;
#2712 = LINE ( 'NONE', #5708, #896 ) ;
#2713 = FACE_BOUND ( 'NONE', #3861, .T. ) ;
#2714 = VERTEX_POINT ( 'NONE', #9185 ) ;
#2715 = CARTESIAN_POINT ( 'NONE',  ( -8.062454933428409021, -37.13657721723761540, 48.00919984849907962 ) ) ;
#2716 = ORIENTED_EDGE ( 'NONE', *, *, #1000, .F. ) ;
#2717 = CARTESIAN_POINT ( 'NONE',  ( 41.58770332731556607, -8.928662447448747486, 19.80465327974133416 ) ) ;
#2718 = CARTESIAN_POINT ( 'NONE',  ( -72.76294694533463314, 0.2777589635784699640, 10.22250535117726500 ) ) ;
#2719 = PERSON_AND_ORGANIZATION ( #2940, #5543 ) ;
#2720 = ADVANCED_FACE ( 'NONE', ( #5475, #2653 ), #8372, .T. ) ;
#2721 = FACE_OUTER_BOUND ( 'NONE', #3403, .T. ) ;
#2722 = FACE_OUTER_BOUND ( 'NONE', #4260, .T. ) ;
#2723 = CARTESIAN_POINT ( 'NONE',  ( 7.999999999999972466, 55.59999999999998010, -4.999999999999999112 ) ) ;
#2724 = CARTESIAN_POINT ( 'NONE',  ( -39.50000000000000711, 0.000000000000000000, 4.299999999999999822 ) ) ;
#2725 = ORIENTED_EDGE ( 'NONE', *, *, #6428, .T. ) ;
#2726 = ORIENTED_EDGE ( 'NONE', *, *, #6169, .F. ) ;
#2727 = CARTESIAN_POINT ( 'NONE',  ( -0.7629469453346304775, 0.2777589635784699640, -10.22250535117751724 ) ) ;
#2728 = ORIENTED_EDGE ( 'NONE', *, *, #7173, .F. ) ;
#2729 = CARTESIAN_POINT ( 'NONE',  ( 0.000000000000000000, 0.000000000000000000, 0.000000000000000000 ) ) ;
#2730 = EDGE_CURVE ( 'NONE', #2440, #1267, #2151, .T. ) ;
#2731 = ADVANCED_FACE ( 'NONE', ( #7079 ), #2874, .T. ) ;
#2732 = CARTESIAN_POINT ( 'NONE',  ( 42.03940291240741800, 6.256212331530875304, 20.28528793178956846 ) ) ;
#2733 = CARTESIAN_POINT ( 'NONE',  ( -1.039460030623022613, -4.175621887484898487, 10.24007760463961425 ) ) ;
#2734 = EDGE_LOOP ( 'NONE', ( #1999, #3185, #6736, #7506 ) ) ;
#2735 = LINE ( 'NONE', #5639, #7939 ) ;
#2736 = LINE ( 'NONE', #5695, #3690 ) ;
#2737 = ORIENTED_EDGE ( 'NONE', *, *, #7803, .T. ) ;
#2738 = CARTESIAN_POINT ( 'NONE',  ( 0.000000000000000000, 0.000000000000000000, -281.0000000000000000 ) ) ;
#2739 = CARTESIAN_POINT ( 'NONE',  ( 0.5561062907166793856, -42.50000000000000000, 10.09999999999999609 ) ) ;
#2740 = VERTEX_POINT ( 'NONE', #9367 ) ;
#2741 = APPROVAL_STATUS ( 'not_yet_approved' ) ;
#2742 = CARTESIAN_POINT ( 'NONE',  ( 7.006940242193964608, 37.35014420914290412, 5.615627517090377552 ) ) ;
#2743 = CIRCLE ( 'NONE', #1335, 5.000000000001787903 ) ;
#2744 = AXIS2_PLACEMENT_3D ( 'NONE', #6651, #182, #4518 ) ;
#2745 = CARTESIAN_POINT ( 'NONE',  ( 45.07812899334808776, 13.35275013547133760, 0.000000000000000000 ) ) ;
#2746 = DIRECTION ( 'NONE',  ( 1.000000000000000000, 0.000000000000000000, 0.000000000000000000 ) ) ;
#2747 = ORIENTED_EDGE ( 'NONE', *, *, #8616, .F. ) ;
#2748 = FACE_OUTER_BOUND ( 'NONE', #1718, .T. ) ;
#2749 = APPROVAL ( #2377, 'UNSPECIFIED' ) ;
#2750 = ADVANCED_FACE ( 'NONE', ( #8513 ), #3590, .F. ) ;
#2751 = CARTESIAN_POINT ( 'NONE',  ( 72.00000000000000000, 0.000000000000000000, -281.0000000000000000 ) ) ;
#2752 = AXIS2_PLACEMENT_3D ( 'NONE', #2093, #1403, #14 ) ;
#2753 = VECTOR ( 'NONE', #3971, 1000.000000000000000 ) ;
#2754 = APPLICATION_PROTOCOL_DEFINITION ( 'international standard', 'config_control_design', 1994, #5904 ) ;
#2755 = AXIS2_PLACEMENT_3D ( 'NONE', #1523, #4470, #7369 ) ;
#2756 =( BOUNDED_CURVE ( )  B_SPLINE_CURVE ( 3, ( #6290, #7599, #8316, #6107 ),
 .UNSPECIFIED., .F., .F. ) 
 B_SPLINE_CURVE_WITH_KNOTS ( ( 4, 4 ),
 ( 1.570796326794896558, 4.712388980384689674 ),
 .UNSPECIFIED. ) 
 CURVE ( )  GEOMETRIC_REPRESENTATION_ITEM ( )  RATIONAL_B_SPLINE_CURVE ( ( 1.000000000000000000, 0.3333333333333333703, 0.3333333333333333703, 1.000000000000000000 ) ) 
 REPRESENTATION_ITEM ( '' )  );
#2757 = VECTOR ( 'NONE', #6539, 1000.000000000000000 ) ;
#2758 = CARTESIAN_POINT ( 'NONE',  ( -16.89993895216913700, -38.99541079944368960, 26.44129202136297252 ) ) ;
#2759 = FACE_BOUND ( 'NONE', #5218, .T. ) ;
#2760 = CIRCLE ( 'NONE', #8094, 42.50000000000000711 ) ;
#2761 = VECTOR ( 'NONE', #8469, 1000.000000000000000 ) ;
#2762 = VERTEX_POINT ( 'NONE', #1955 ) ;
#2763 = EDGE_CURVE ( 'NONE', #1325, #704, #157, .T. ) ;
#2764 = CARTESIAN_POINT ( 'NONE',  ( -21.02097080843560306, -31.65807523534792978, 35.05635079071299032 ) ) ;
#2765 = VERTEX_POINT ( 'NONE', #509 ) ;
#2766 = CARTESIAN_POINT ( 'NONE',  ( -38.00000000000000000, -5.622424979498922899E-20, 20.77501000800801023 ) ) ;
#2767 = CARTESIAN_POINT ( 'NONE',  ( 0.000000000000000000, 0.000000000000000000, -213.0000000000000000 ) ) ;
#2768 = APPROVAL_STATUS ( 'not_yet_approved' ) ;
#2769 = PERSON_AND_ORGANIZATION_ROLE ( 'classification_officer' ) ;
#2770 = AXIS2_PLACEMENT_3D ( 'NONE', #5955, #7338, #2896 ) ;
#2771 = CARTESIAN_POINT ( 'NONE',  ( 38.00000000000000000, 0.000000000000000000, -11.00000000000000000 ) ) ;
#2772 = DIRECTION ( 'NONE',  ( -1.000000000000000000, 0.000000000000000000, 0.000000000000000000 ) ) ;
#2773 = LINE ( 'NONE', #8407, #1832 ) ;
#2774 = VECTOR ( 'NONE', #371, 1000.000000000000000 ) ;
#2775 = ORIENTED_EDGE ( 'NONE', *, *, #6763, .T. ) ;
#2776 = VERTEX_POINT ( 'NONE', #4881 ) ;
#2777 = ORIENTED_EDGE ( 'NONE', *, *, #8498, .T. ) ;
#2778 = ADVANCED_FACE ( 'NONE', ( #7790 ), #1230, .F. ) ;
#2779 = FACE_OUTER_BOUND ( 'NONE', #2564, .T. ) ;
#2780 = VERTEX_POINT ( 'NONE', #8561 ) ;
#2781 = CARTESIAN_POINT ( 'NONE',  ( -45.07812899334826540, 13.35275013547070877, -53.00000000000000000 ) ) ;
#2782 = FACE_OUTER_BOUND ( 'NONE', #6829, .T. ) ;
#2783 = LOCAL_TIME ( 2, 39, 17.00000000000000000, #5104 ) ;
#2784 = AXIS2_PLACEMENT_3D ( 'NONE', #6695, #3031, #2303 ) ;
#2785 = CARTESIAN_POINT ( 'NONE',  ( -14.65568054488082161, 39.89844557877229647, 35.48781670824106271 ) ) ;
#2786 = CC_DESIGN_SECURITY_CLASSIFICATION ( #6911, ( #9486 ) ) ;
#2787 = AXIS2_PLACEMENT_3D ( 'NONE', #7415, #2921, #5120 ) ;
#2788 = AXIS2_PLACEMENT_3D ( 'NONE', #4154, #1978, #5664 ) ;
#2789 = DIRECTION ( 'NONE',  ( -0.000000000000000000, -0.000000000000000000, -1.000000000000000000 ) ) ;
#2790 = VERTEX_POINT ( 'NONE', #600 ) ;
#2791 = CARTESIAN_POINT ( 'NONE',  ( 16.23705305466553028, -37.77160273854919126, 7.499999999999758415 ) ) ;
#2792 = EDGE_CURVE ( 'NONE', #8365, #5929, #8652, .T. ) ;
#2793 = DIRECTION ( 'NONE',  ( 1.000000000000000000, 0.000000000000000000, 0.000000000000000000 ) ) ;
#2794 = ADVANCED_FACE ( 'NONE', ( #7836, #4227 ), #3545, .T. ) ;
#2795 = ORIENTED_EDGE ( 'NONE', *, *, #900, .T. ) ;
#2796 = DIRECTION ( 'NONE',  ( -0.000000000000000000, -0.000000000000000000, 1.000000000000000000 ) ) ;
#2797 = DIRECTION ( 'NONE',  ( -0.000000000000000000, -0.000000000000000000, -1.000000000000000000 ) ) ;
#2798 = ORIENTED_EDGE ( 'NONE', *, *, #5703, .F. ) ;
#2799 = CIRCLE ( 'NONE', #4488, 5.000000000003473666 ) ;
#2800 = CARTESIAN_POINT ( 'NONE',  ( 7.999999999999972466, 55.59999999999998010, -9.000000000000000000 ) ) ;
#2801 = CARTESIAN_POINT ( 'NONE',  ( 38.00000000000000000, 0.000000000000000000, 0.000000000000000000 ) ) ;
#2802 = FACE_BOUND ( 'NONE', #7759, .T. ) ;
#2803 = ORIENTED_EDGE ( 'NONE', *, *, #864, .T. ) ;
#2804 =( REPRESENTATION_RELATIONSHIP ('NONE','NONE', #1222, #3946 ) REPRESENTATION_RELATIONSHIP_WITH_TRANSFORMATION ( #4113 )SHAPE_REPRESENTATION_RELATIONSHIP( ) );
#2805 = CARTESIAN_POINT ( 'NONE',  ( -16.15824077874042075, 185.5423739048267464, -9.000000000000000000 ) ) ;
#2806 = PERSON_AND_ORGANIZATION_ROLE ( 'creator' ) ;
#2807 = CARTESIAN_POINT ( 'NONE',  ( -15.38723898657761247, -39.61735514538916902, 34.01046327479402009 ) ) ;
#2808 = B_SPLINE_SURFACE_WITH_KNOTS ( 'NONE', 1, 3, ( 
 ( #8416, #9178, #4084, #6990, #409, #464 ),
 ( #3353, #3407, #6252, #2650, #6303, #1458 ) ),
 .UNSPECIFIED., .F., .F., .F.,
 ( 2, 2 ),
 ( 4, 2, 4 ),
 ( 0.000000000000000000, 1.000000000000000000 ),
 ( 0.000000000000000000, 0.003992780320483674782, 0.007985560640967349563 ),
 .UNSPECIFIED. ) ;
#2809 = PRODUCT_DEFINITION ( 'UNKNOWN', '', #3539, #8986 ) ;
#2810 = CARTESIAN_POINT ( 'NONE',  ( 2.241659479547636113, 42.44448920766051714, 43.75999056896841211 ) ) ;
#2811 = ORIENTED_EDGE ( 'NONE', *, *, #2021, .F. ) ;
#2812 = CARTESIAN_POINT ( 'NONE',  ( -20.45277284370434856, -32.02809741991988801, 36.40585375157154147 ) ) ;
#2813 = ORIENTED_EDGE ( 'NONE', *, *, #5245, .F. ) ;
#2814 = FACE_OUTER_BOUND ( 'NONE', #1343, .T. ) ;
#2815 = CARTESIAN_POINT ( 'NONE',  ( 1.571684698816883552, -4.659340774992963397, 7.493079299478130118 ) ) ;
#2816 = APPROVAL_STATUS ( 'not_yet_approved' ) ;
#2817 = PERSON_AND_ORGANIZATION_ROLE ( 'classification_officer' ) ;
#2818 = CARTESIAN_POINT ( 'NONE',  ( -45.07812899334826540, 13.35275013547070877, -99.00000000000000000 ) ) ;
#2819 = EDGE_CURVE ( 'NONE', #4482, #2776, #9440, .T. ) ;
#2820 = DIRECTION ( 'NONE',  ( -1.000000000000000000, 0.000000000000000000, 0.000000000000000000 ) ) ;
#2821 = CYLINDRICAL_SURFACE ( 'NONE', #7761, 5.000000000001731948 ) ;
#2822 = ORIENTED_EDGE ( 'NONE', *, *, #8154, .F. ) ;
#2823 = AXIS2_PLACEMENT_3D ( 'NONE', #6605, #8957, #8810 ) ;
#2824 = ORIENTED_EDGE ( 'NONE', *, *, #5591, .T. ) ;
#2825 = CARTESIAN_POINT ( 'NONE',  ( -1.116434339129655173, -4.755703610145753046, -10.24343852798782528 ) ) ;
#2826 = ORIENTED_EDGE ( 'NONE', *, *, #2435, .T. ) ;
#2827 = DIRECTION ( 'NONE',  ( 0.000000000000000000, 0.000000000000000000, -1.000000000000000000 ) ) ;
#2828 = CARTESIAN_POINT ( 'NONE',  ( 1.237053054665496088, -7.309236489167765249, -7.500000000000140332 ) ) ;
#2829 = APPROVAL_PERSON_ORGANIZATION ( #768, #9063, #6466 ) ;
#2830 = AXIS2_PLACEMENT_3D ( 'NONE', #3039, #8031, #6703 ) ;
#2831 = CARTESIAN_POINT ( 'NONE',  ( -13.73115691286508344, 40.22200551456978701, 17.13262097777232285 ) ) ;
#2832 = EDGE_CURVE ( 'NONE', #1580, #7664, #3541, .T. ) ;
#2833 = CARTESIAN_POINT ( 'NONE',  ( -1.155315363999303679, -5.022863733856845592, 10.24483544369754284 ) ) ;
#2834 = ORIENTED_EDGE ( 'NONE', *, *, #478, .T. ) ;
#2835 = CARTESIAN_POINT ( 'NONE',  ( 19.91104786864545062, 30.00000000000000000, -10.81905343634386796 ) ) ;
#2836 = CARTESIAN_POINT ( 'NONE',  ( -36.76294694533463314, 0.2777589635784699640, -7.500000000000000000 ) ) ;
#2837 = AXIS2_PLACEMENT_3D ( 'NONE', #1408, #4355, #684 ) ;
#2838 = ORIENTED_EDGE ( 'NONE', *, *, #8154, .T. ) ;
#2839 = FACE_OUTER_BOUND ( 'NONE', #5505, .T. ) ;
#2840 = DIRECTION ( 'NONE',  ( 0.000000000000000000, 0.000000000000000000, -1.000000000000000000 ) ) ;
#2841 = CC_DESIGN_SECURITY_CLASSIFICATION ( #1132, ( #9480 ) ) ;
#2842 = LOCAL_TIME ( 2, 39, 17.00000000000000000, #5546 ) ;
#2843 = VERTEX_POINT ( 'NONE', #5224 ) ;
#2844 = ADVANCED_FACE ( 'NONE', ( #8128 ), #849, .T. ) ;
#2845 = EDGE_CURVE ( 'NONE', #7351, #1761, #4079, .T. ) ;
#2846 = CARTESIAN_POINT ( 'NONE',  ( 0.3808316123070805692, 38.00000000000001421, 4.499999999999990230 ) ) ;
#2847 = CARTESIAN_POINT ( 'NONE',  ( 38.00000000000000000, 30.00000000000000000, 8.999999999999998224 ) ) ;
#2848 = CARTESIAN_POINT ( 'NONE',  ( 14.90000000000002345, 1.824723730729559387E-15, 80.00000000000000000 ) ) ;
#2849 = ORIENTED_EDGE ( 'NONE', *, *, #9264, .F. ) ;
#2850 = CARTESIAN_POINT ( 'NONE',  ( 0.000000000000000000, 0.000000000000000000, -99.00000000000000000 ) ) ;
#2851 = COORDINATED_UNIVERSAL_TIME_OFFSET ( 5, 30, .AHEAD. ) ;
#2852 = ADVANCED_FACE ( 'NONE', ( #1086, #4656 ), #8409, .F. ) ;
#2853 = DIRECTION ( 'NONE',  ( -0.000000000000000000, -0.000000000000000000, -1.000000000000000000 ) ) ;
#2854 = B_SPLINE_CURVE_WITH_KNOTS ( 'NONE', 3,
 ( #3728, #2237, #8730, #5912, #2183, #5155, #5102, #1446, #8005, #8053, #1492, #4442, #4390, #7343, #2962, #6628 ),
 .UNSPECIFIED., .F., .F.,
 ( 4, 2, 2, 2, 2, 2, 2, 4 ),
 ( 0.000000000000000000, 0.0002703513272624612717, 0.0005407026545249225434, 0.001081405309049844870, 0.001622107963574767305, 0.002162810618099689740, 0.003244215927149534176, 0.004325621236199379480 ),
 .UNSPECIFIED. ) ;
#2855 = ORIENTED_EDGE ( 'NONE', *, *, #2352, .T. ) ;
#2856 = CARTESIAN_POINT ( 'NONE',  ( -19.44398633674394006, -32.65113038626772379, 38.34514971516544790 ) ) ;
#2857 = ORIENTED_EDGE ( 'NONE', *, *, #1885, .F. ) ;
#2858 = CARTESIAN_POINT ( 'NONE',  ( -42.50000000000000711, -15.00000000000000000, 6.755772121541165909 ) ) ;
#2859 = FACE_OUTER_BOUND ( 'NONE', #1746, .T. ) ;
#2860 = CC_DESIGN_DATE_AND_TIME_ASSIGNMENT ( #1020, #3969, ( #1685 ) ) ;
#2861 = PERSON_AND_ORGANIZATION_ROLE ( 'creator' ) ;
#2862 = APPROVAL_DATE_TIME ( #7148, #1316 ) ;
#2863 = CYLINDRICAL_SURFACE ( 'NONE', #7771, 16.89999999999999503 ) ;
#2864 = CARTESIAN_POINT ( 'NONE',  ( -32.31098884280702066, -20.00000000000000355, 15.41602615938555410 ) ) ;
#2865 = CARTESIAN_POINT ( 'NONE',  ( 63.46176972075376455, -48.70938086149337209, -99.00000000000000000 ) ) ;
#2866 = ORIENTED_EDGE ( 'NONE', *, *, #7545, .T. ) ;
#2867 = ORIENTED_EDGE ( 'NONE', *, *, #3603, .T. ) ;
#2868 = PLANE ( 'NONE',  #3660 ) ;
#2869 = LINE ( 'NONE', #8687, #5875 ) ;
#2870 = CC_DESIGN_DATE_AND_TIME_ASSIGNMENT ( #9281, #8522, ( #1272 ) ) ;
#2871 = CARTESIAN_POINT ( 'NONE',  ( 0.000000000000000000, 0.000000000000000000, 20.00000000000000000 ) ) ;
#2872 = ADVANCED_FACE ( 'NONE', ( #4790 ), #3215, .T. ) ;
#2873 = CARTESIAN_POINT ( 'NONE',  ( -11.16801866168166413, 41.00874802509654415, 39.69594777842322486 ) ) ;
#2874 = CYLINDRICAL_SURFACE ( 'NONE', #8881, 42.50000000000000711 ) ;
#2875 = EDGE_LOOP ( 'NONE', ( #2541, #5124, #4834, #2690 ) ) ;
#2876 = LINE ( 'NONE', #8696, #3849 ) ;
#2877 = VERTEX_POINT ( 'NONE', #993 ) ;
#2878 = DIRECTION ( 'NONE',  ( -0.2840153447039269752, 0.9588197348681917198, 0.000000000000000000 ) ) ;
#2879 = CARTESIAN_POINT ( 'NONE',  ( -84.76294694533464735, -41.31202827046427473, 5.000000000000006217 ) ) ;
#2880 = ADVANCED_FACE ( 'NONE', ( #3943 ), #3349, .T. ) ;
#2881 = ORIENTED_EDGE ( 'NONE', *, *, #645, .F. ) ;
#2882 = CALENDAR_DATE ( 2026, 3, 10 ) ;
#2883 = DIRECTION ( 'NONE',  ( 0.000000000000000000, 0.000000000000000000, -1.000000000000000000 ) ) ;
#2884 = DIRECTION ( 'NONE',  ( 0.000000000000000000, -0.000000000000000000, -1.000000000000000000 ) ) ;
#2885 = ORIENTED_EDGE ( 'NONE', *, *, #6318, .T. ) ;
#2886 = FACE_OUTER_BOUND ( 'NONE', #7466, .T. ) ;
#2887 = CARTESIAN_POINT ( 'NONE',  ( -30.19214044603581115, 63.60700526054061044, -99.00000000000000000 ) ) ;
#2888 = EDGE_LOOP ( 'NONE', ( #1736, #4938 ) ) ;
#2889 = CARTESIAN_POINT ( 'NONE',  ( -72.77332467070698385, -0.6060916646444782785, -10.22155807107791503 ) ) ;
#2890 = EDGE_CURVE ( 'NONE', #959, #1963, #1813, .T. ) ;
#2891 = SHAPE_DEFINITION_REPRESENTATION ( #1215, #5525 ) ;
#2892 = VECTOR ( 'NONE', #1347, 1000.000000000000000 ) ;
#2893 = CARTESIAN_POINT ( 'NONE',  ( -8.507252113884215206, -41.65024895822372031, 41.64348194593392805 ) ) ;
#2894 = DIRECTION ( 'NONE',  ( -0.000000000000000000, -0.000000000000000000, -1.000000000000000000 ) ) ;
#2895 = ORIENTED_EDGE ( 'NONE', *, *, #450, .T. ) ;
#2896 = DIRECTION ( 'NONE',  ( -1.000000000000000000, 0.000000000000000000, 0.000000000000000000 ) ) ;
#2898 = CARTESIAN_POINT ( 'NONE',  ( 11.16801866168167123, -41.00874802509655837, 39.69594777842324618 ) ) ;
#2897 = AXIS2_PLACEMENT_3D ( 'NONE', #6244, #456, #6295 ) ;
#2899 = EDGE_CURVE ( 'NONE', #2427, #8345, #6273, .T. ) ;
#2900 = CIRCLE ( 'NONE', #2126, 5.000000000004832579 ) ;
#2901 = CIRCLE ( 'NONE', #1195, 5.869645329989859661 ) ;
#2902 = EDGE_CURVE ( 'NONE', #6515, #2618, #3869, .T. ) ;
#2903 = EDGE_LOOP ( 'NONE', ( #1908, #8609, #8047, #4517 ) ) ;
#2904 = FACE_OUTER_BOUND ( 'NONE', #8738, .T. ) ;
#2905 = CARTESIAN_POINT ( 'NONE',  ( -72.44517044576632259, -4.498985825750112078, 10.24202529667824102 ) ) ;
#2906 = PERSON_AND_ORGANIZATION ( #2940, #5543 ) ;
#2907 = AXIS2_PLACEMENT_3D ( 'NONE', #4617, #7465, #854 ) ;
#2908 = APPROVAL_DATE_TIME ( #9439, #6784 ) ;
#2909 = DIRECTION ( 'NONE',  ( -0.000000000000000000, -0.000000000000000000, -1.000000000000000000 ) ) ;
#2910 = FACE_OUTER_BOUND ( 'NONE', #7956, .T. ) ;
#2911 = PLANE ( 'NONE',  #3222 ) ;
#2912 = VERTEX_POINT ( 'NONE', #2555 ) ;
#2913 = AXIS2_PLACEMENT_3D ( 'NONE', #2249, #3171, #6793 ) ;
#2914 = ORIENTED_EDGE ( 'NONE', *, *, #1587, .F. ) ;
#2915 = DIRECTION ( 'NONE',  ( -1.000000000000000000, 0.000000000000000000, 0.000000000000000000 ) ) ;
#2916 = VERTEX_POINT ( 'NONE', #4741 ) ;
#2917 = LINE ( 'NONE', #7970, #5723 ) ;
#2918 = CARTESIAN_POINT ( 'NONE',  ( 0.000000000000000000, 0.000000000000000000, 55.09999999999999432 ) ) ;
#2919 = AXIS2_PLACEMENT_3D ( 'NONE', #9323, #603, #4184 ) ;
#2920 = AXIS2_PLACEMENT_3D ( 'NONE', #3255, #3300, #2632 ) ;
#2921 = DIRECTION ( 'NONE',  ( 0.000000000000000000, 0.000000000000000000, -1.000000000000000000 ) ) ;
#2922 = AXIS2_PLACEMENT_3D ( 'NONE', #5136, #6664, #6812 ) ;
#2923 = LINE ( 'NONE', #265, #1557 ) ;
#2924 = EDGE_CURVE ( 'NONE', #1897, #1823, #6426, .T. ) ;
#2925 = AXIS2_PLACEMENT_3D ( 'NONE', #9384, #1147, #7896 ) ;
#2926 = CARTESIAN_POINT ( 'NONE',  ( -17.84406236288096537, 33.55377749239114138, 13.27548097458511656 ) ) ;
#2927 = ORIENTED_EDGE ( 'NONE', *, *, #5063, .T. ) ;
#2928 = CARTESIAN_POINT ( 'NONE',  ( 16.89999999999999858, 0.000000000000000000, 1.999999999999988010 ) ) ;
#2929 = CARTESIAN_POINT ( 'NONE',  ( 0.000000000000000000, 0.000000000000000000, 0.000000000000000000 ) ) ;
#2930 = CC_DESIGN_SECURITY_CLASSIFICATION ( #5526, ( #1540 ) ) ;
#2931 = AXIS2_PLACEMENT_3D ( 'NONE', #8299, #4493, #3820 ) ;
#2932 = VERTEX_POINT ( 'NONE', #2451 ) ;
#2933 = CARTESIAN_POINT ( 'NONE',  ( 0.000000000000000000, -22.00000000000000355, 27.00000000000000000 ) ) ;
#2934 = CARTESIAN_POINT ( 'NONE',  ( -34.46309434771099944, -24.87238447560081411, 8.587941529939120855 ) ) ;
#2935 = ORIENTED_EDGE ( 'NONE', *, *, #9252, .T. ) ;
#2936 = CARTESIAN_POINT ( 'NONE',  ( -19.98603560286944614, 30.00000000000000000, 10.55749999894319480 ) ) ;
#2937 = CONTEXT_DEPENDENT_SHAPE_REPRESENTATION ( #507, #811 ) ;
#2938 = AXIS2_PLACEMENT_3D ( 'NONE', #6744, #7455, #5925 ) ;
#2939 = CIRCLE ( 'NONE', #8278, 20.00000000000000000 ) ;
#2940 = PERSON ( 'UNSPECIFIED', 'UNSPECIFIED', 'UNSPECIFIED', ('UNSPECIFIED'), ('UNSPECIFIED'), ('UNSPECIFIED') ) ;
#2941 = CARTESIAN_POINT ( 'NONE',  ( 0.9362360258078554764, 0.2777589635784699640, -8.394089759910402293 ) ) ;
#2942 = EDGE_CURVE ( 'NONE', #1237, #5223, #8323, .T. ) ;
#2943 = DIRECTION ( 'NONE',  ( 0.2840153447039269752, -0.9588197348681917198, 0.000000000000000000 ) ) ;
#2944 = EDGE_LOOP ( 'NONE', ( #1393, #1290, #2867, #7392 ) ) ;
#2945 = CARTESIAN_POINT ( 'NONE',  ( 1.511826370146271525, -5.106113535632852418, -7.495043744747022174 ) ) ;
#2946 = DIRECTION ( 'NONE',  ( -0.000000000000000000, -0.000000000000000000, 1.000000000000000000 ) ) ;
#2947 = VERTEX_POINT ( 'NONE', #356 ) ;
#2948 = CARTESIAN_POINT ( 'NONE',  ( 1.794007055847932408, -0.6736080320780676312, -7.479188832496312500 ) ) ;
#2949 = CONTEXT_DEPENDENT_SHAPE_REPRESENTATION ( #7066, #1569 ) ;
#2950 = CIRCLE ( 'NONE', #8741, 36.00000000000000000 ) ;
#2951 = DATE_AND_TIME ( #5192, #651 ) ;
#2952 = DIRECTION ( 'NONE',  ( 1.000000000000000000, 6.982962677686266711E-15, 0.000000000000000000 ) ) ;
#2953 = EDGE_CURVE ( 'NONE', #7371, #1639, #4039, .T. ) ;
#2954 = AXIS2_PLACEMENT_3D ( 'NONE', #9210, #8590, #7059 ) ;
#2955 = DIRECTION ( 'NONE',  ( 0.000000000000000000, 0.000000000000000000, 1.000000000000000000 ) ) ;
#2956 = EDGE_LOOP ( 'NONE', ( #7741, #8670, #3415, #2035 ) ) ;
#2957 = ORIENTED_EDGE ( 'NONE', *, *, #2924, .T. ) ;
#2958 = CARTESIAN_POINT ( 'NONE',  ( 4.408921831913849232, -42.27411211931638491, 43.32431707998038917 ) ) ;
#2959 = B_SPLINE_CURVE_WITH_KNOTS ( 'NONE', 3,
 ( #390, #8351, #4104, #7008, #3337, #9207, #5536, #1197, #4728, #7631, #4020, #6230, #344, #1071, #6925, #2669, #9155, #4858, #3294, #7676, #7756, #3661, #8669, #2120, #3563, #7858, #2758, #6510, #2081, #9291, #5663, #7188, #9430, #2807, #7811, #620, #7951, #5753, #9342, #663, #7101, #8583, #7898, #2893, #711, #2030, #4337, #1336, #6423, #5047, #4953, #7278, #5795, #1294 ),
 .UNSPECIFIED., .F., .F.,
 ( 4, 2, 2, 2, 2, 2, 2, 2, 2, 2, 2, 2, 2, 2, 2, 2, 2, 2, 2, 2, 2, 2, 2, 2, 2, 2, 4 ),
 ( 0.05339503428193234646, 0.05506256748971169457, 0.05673010069749104961, 0.06006516711304975276, 0.06173270032082910780, 0.06340023352860846284, 0.06506776673638781094, 0.06673529994416715905, 0.07007036635972586913, 0.07173789956750523111, 0.07340543277528457922, 0.07674049919084327542, 0.07840803239862262353, 0.08007556560640197163, 0.08341063202196065396, 0.08507816522974001594, 0.08674569843751936404, 0.08841323164529871215, 0.09008076485307806025, 0.09341583126863674258, 0.09508336447641607680, 0.09675089768419541103, 0.1000859640997540795, 0.1017534973075334137, 0.1034210305153127479, 0.1050885637230920822, 0.1067560969308714164 ),
 .UNSPECIFIED. ) ;
#2960 = ORIENTED_EDGE ( 'NONE', *, *, #1075, .F. ) ;
#2961 = CARTESIAN_POINT ( 'NONE',  ( -64.76294694533463314, -55.47373039812357831, 5.000000000000002665 ) ) ;
#2962 = CARTESIAN_POINT ( 'NONE',  ( -22.96254572742297029, 30.00000000000001066, -9.000000000000003553 ) ) ;
#2963 = PERSON_AND_ORGANIZATION_ROLE ( 'design_supplier' ) ;
#2964 = PERSON_AND_ORGANIZATION ( #3064, #8175 ) ;
#2965 = CARTESIAN_POINT ( 'NONE',  ( 19.43475361544437874, 1.018532277898364979, -9.000000000000000000 ) ) ;
#2966 = EDGE_CURVE ( 'NONE', #2877, #15, #2629, .T. ) ;
#2967 = DIRECTION ( 'NONE',  ( -0.000000000000000000, -0.000000000000000000, -1.000000000000000000 ) ) ;
#2968 = DIRECTION ( 'NONE',  ( -0.000000000000000000, -0.000000000000000000, 1.000000000000000000 ) ) ;
#2969 = EDGE_CURVE ( 'NONE', #3489, #7293, #8772, .T. ) ;
#2970 = ORIENTED_EDGE ( 'NONE', *, *, #9090, .T. ) ;
#2971 = VERTEX_POINT ( 'NONE', #2275 ) ;
#2972 = DIRECTION ( 'NONE',  ( 0.000000000000000000, 0.000000000000000000, 1.000000000000000000 ) ) ;
#2973 = EDGE_LOOP ( 'NONE', ( #3123, #6919 ) ) ;
#2974 = CARTESIAN_POINT ( 'NONE',  ( -75.21784548732821918, -2.888951519875996077, -7.486211324111599730 ) ) ;
#2975 = CARTESIAN_POINT ( 'NONE',  ( -72.30926055490191118, -5.420126799595249345, -10.24670516481555360 ) ) ;
#2976 = PRODUCT_DEFINITION_SHAPE ( 'NONE', 'NONE',  #9461 ) ;
#2977 = CARTESIAN_POINT ( 'NONE',  ( -13.40365710441198210, 40.33268062468607695, 37.30781688585597067 ) ) ;
#2978 = AXIS2_PLACEMENT_3D ( 'NONE', #4547, #8974, #3245 ) ;
#2979 = CARTESIAN_POINT ( 'NONE',  ( 0.000000000000000000, 0.000000000000000000, -88.12499999999992895 ) ) ;
#2980 = CARTESIAN_POINT ( 'NONE',  ( -11.05699574018748166, 36.35732629705791652, 7.400850075601012712 ) ) ;
#2981 = VERTEX_POINT ( 'NONE', #4171 ) ;
#2982 = DIRECTION ( 'NONE',  ( -0.000000000000000000, -0.000000000000000000, -1.000000000000000000 ) ) ;
#2983 = PRODUCT_DEFINITION_FORMATION_WITH_SPECIFIED_SOURCE ( 'ANY', '', #2699, .NOT_KNOWN. ) ;
#2984 = CARTESIAN_POINT ( 'NONE',  ( 5.999999999999972466, 55.59999999999998010, 4.999999999999999112 ) ) ;
#2985 = EDGE_LOOP ( 'NONE', ( #5427, #8562 ) ) ;
#2986 = CARTESIAN_POINT ( 'NONE',  ( -60.00000000000406430, 2.335300015314938803E-12, -281.0000000000000000 ) ) ;
#2987 = CARTESIAN_POINT ( 'NONE',  ( -36.00000000000000000, -4.408728476930470856E-15, 228.0000000000000000 ) ) ;
#2988 = ORIENTED_EDGE ( 'NONE', *, *, #8134, .F. ) ;
#2989 = CARTESIAN_POINT ( 'NONE',  ( -19.89974874213239175, 29.99999999999999289, 10.90848968633217808 ) ) ;
#2990 = PRODUCT_RELATED_PRODUCT_CATEGORY ( 'detail', '', ( #7037 ) ) ;
#2991 = PERSON_AND_ORGANIZATION_ROLE ( 'classification_officer' ) ;
#2992 =( REPRESENTATION_RELATIONSHIP ('NONE','NONE', #1222, #8813 ) REPRESENTATION_RELATIONSHIP_WITH_TRANSFORMATION ( #5675 )SHAPE_REPRESENTATION_RELATIONSHIP( ) );
#2993 = CARTESIAN_POINT ( 'NONE',  ( 1.600571651080033186, -4.156323403826448271, -7.491239914680548395 ) ) ;
#2994 = DIRECTION ( 'NONE',  ( -1.000000000000000000, -6.938893903907228378E-15, 0.000000000000000000 ) ) ;
#2995 = FACE_BOUND ( 'NONE', #3641, .T. ) ;
#2996 = AXIS2_PLACEMENT_3D ( 'NONE', #6885, #8216, #4604 ) ;
#2997 = CARTESIAN_POINT ( 'NONE',  ( -74.76294694533464735, -7.309236489168299933, 7.500000000000012434 ) ) ;
#2998 = ORIENTED_EDGE ( 'NONE', *, *, #835, .F. ) ;
#2999 = APPROVAL_PERSON_ORGANIZATION ( #858, #5273, #8137 ) ;
#3000 = DIRECTION ( 'NONE',  ( 0.000000000000000000, 1.000000000000000000, 0.000000000000000000 ) ) ;
#3001 = ORIENTED_EDGE ( 'NONE', *, *, #8098, .T. ) ;
#3002 = FACE_OUTER_BOUND ( 'NONE', #8751, .T. ) ;
#3003 = EDGE_CURVE ( 'NONE', #2143, #5066, #1484, .T. ) ;
#3004 = COORDINATED_UNIVERSAL_TIME_OFFSET ( 5, 30, .AHEAD. ) ;
#3005 = LOCAL_TIME ( 2, 39, 17.00000000000000000, #4502 ) ;
#3006 = ORGANIZATION ( 'NAUO-ORG17', 'UNSPECIFIED', 'UNSPECIFIED' ) ;
#3007 = CARTESIAN_POINT ( 'NONE',  ( -55.00000000000233058, 2.334687691915365203E-12, -266.0000000000000000 ) ) ;
#3008 = VERTEX_POINT ( 'NONE', #2229 ) ;
#3009 = DIRECTION ( 'NONE',  ( 1.000000000000000000, 0.000000000000000000, -0.000000000000000000 ) ) ;
#3010 = VERTEX_POINT ( 'NONE', #7071 ) ;
#3011 = LINE ( 'NONE', #7394, #8718 ) ;
#3012 = CARTESIAN_POINT ( 'NONE',  ( 16.90033395861434329, -38.99523960975547965, 26.45239110889924561 ) ) ;
#3013 = ORIENTED_EDGE ( 'NONE', *, *, #8811, .T. ) ;
#3014 = DIRECTION ( 'NONE',  ( -1.000000000000000000, -6.938893903907228378E-15, 0.000000000000000000 ) ) ;
#3015 = LINE ( 'NONE', #8, #3090 ) ;
#3016 = ADVANCED_FACE ( 'NONE', ( #5148, #8826 ), #61, .F. ) ;
#3017 = SHAPE_DEFINITION_REPRESENTATION ( #7716, #9169 ) ;
#3018 = DATE_TIME_ROLE ( 'classification_date' ) ;
#3019 = FACE_BOUND ( 'NONE', #7502, .T. ) ;
#3020 = CARTESIAN_POINT ( 'NONE',  ( -75.12646554178613201, -4.156323403573870756, 7.491239914678452294 ) ) ;
#3021 = CARTESIAN_POINT ( 'NONE',  ( 0.000000000000000000, 0.000000000000000000, 80.00000000000000000 ) ) ;
#3022 = VERTEX_POINT ( 'NONE', #53 ) ;
#3023 = CARTESIAN_POINT ( 'NONE',  ( -35.99999999999999289, -44.00000000000000000, -167.0000000000000000 ) ) ;
#3024 = ORIENTED_EDGE ( 'NONE', *, *, #4430, .F. ) ;
#3025 = CARTESIAN_POINT ( 'NONE',  ( -42.50000000000000711, -25.00000000000000000, 0.000000000000000000 ) ) ;
#3026 = CARTESIAN_POINT ( 'NONE',  ( -3.072503578181957353E-13, 44.00000000000000000, -99.00000000000000000 ) ) ;
#3027 = EDGE_CURVE ( 'NONE', #8063, #2467, #3388, .T. ) ;
#3028 = DIRECTION ( 'NONE',  ( 1.000000000000000000, -1.110223024625156540E-16, 0.000000000000000000 ) ) ;
#3029 = CARTESIAN_POINT ( 'NONE',  ( -7.010380955700933114, 41.92098237680633588, 11.61275160480841784 ) ) ;
#3030 = ORIENTED_EDGE ( 'NONE', *, *, #7366, .F. ) ;
#3031 = DIRECTION ( 'NONE',  ( -0.000000000000000000, -0.000000000000000000, 1.000000000000000000 ) ) ;
#3032 = ORIENTED_EDGE ( 'NONE', *, *, #4022, .T. ) ;
#3033 = CARTESIAN_POINT ( 'NONE',  ( -30.18959104965162155, 23.08027587451876173, 12.66260854441431327 ) ) ;
#3034 = ORIENTED_EDGE ( 'NONE', *, *, #1664, .T. ) ;
#3035 = DIRECTION ( 'NONE',  ( 0.000000000000000000, 0.000000000000000000, 1.000000000000000000 ) ) ;
#3036 = CARTESIAN_POINT ( 'NONE',  ( -35.99999999999999289, -44.00000000000000000, 175.0000000000000000 ) ) ;
#3037 = EDGE_CURVE ( 'NONE', #9267, #8030, #4315, .T. ) ;
#3038 = ORIENTED_EDGE ( 'NONE', *, *, #1421, .T. ) ;
#3039 = CARTESIAN_POINT ( 'NONE',  ( 0.000000000000000000, 0.000000000000000000, -11.00000000000000000 ) ) ;
#3040 = ADVANCED_FACE ( 'NONE', ( #8046 ), #1117, .T. ) ;
#3041 = COORDINATED_UNIVERSAL_TIME_OFFSET ( 5, 30, .AHEAD. ) ;
#3042 = DIRECTION ( 'NONE',  ( -0.000000000000000000, 0.000000000000000000, 1.000000000000000000 ) ) ;
#3043 = DIRECTION ( 'NONE',  ( -1.000000000000000000, 0.000000000000000000, 0.000000000000000000 ) ) ;
#3044 = DIRECTION ( 'NONE',  ( -0.2840153447039269752, 0.9588197348681917198, 0.000000000000000000 ) ) ;
#3045 = ORIENTED_EDGE ( 'NONE', *, *, #5369, .T. ) ;
#3046 = PRODUCT_DEFINITION_SHAPE ( 'NONE', 'NONE',  #9477 ) ;
#3047 = CARTESIAN_POINT ( 'NONE',  ( 0.000000000000000000, 0.000000000000000000, 308.0000000000000000 ) ) ;
#3048 = ORIENTED_EDGE ( 'NONE', *, *, #7197, .F. ) ;
#3049 = CARTESIAN_POINT ( 'NONE',  ( -74.76294694533464735, -7.309236489168299933, 7.500000000000012434 ) ) ;
#3050 = CONTEXT_DEPENDENT_SHAPE_REPRESENTATION ( #1009, #8141 ) ;
#3051 = DATE_TIME_ROLE ( 'classification_date' ) ;
#3052 = CARTESIAN_POINT ( 'NONE',  ( -27.00000000000000000, -44.00000000000000000, -213.0000000000000000 ) ) ;
#3053 = AXIS2_PLACEMENT_3D ( 'NONE', #9332, #6362, #7940 ) ;
#3054 = APPROVAL ( #3601, 'UNKNOWN' ) ;
#3055 = ADVANCED_FACE ( 'NONE', ( #6296, #1163 ), #7998, .T. ) ;
#3056 = DIRECTION ( 'NONE',  ( 0.000000000000000000, -0.000000000000000000, -1.000000000000000000 ) ) ;
#3057 = ORIENTED_EDGE ( 'NONE', *, *, #4247, .T. ) ;
#3058 = CARTESIAN_POINT ( 'NONE',  ( 0.000000000000000000, 0.000000000000000000, -38.00000000000000000 ) ) ;
#3059 = PRODUCT_DEFINITION_SHAPE ( 'NONE', 'NONE',  #9472 ) ;
#3060 = CARTESIAN_POINT ( 'NONE',  ( 38.89087296525944026, 38.89087296525845971, -266.0000000000000000 ) ) ;
#3061 = VERTEX_POINT ( 'NONE', #7775 ) ;
#3062 = DIRECTION ( 'NONE',  ( 1.000000000000000000, 0.000000000000000000, 0.000000000000000000 ) ) ;
#3063 = COORDINATED_UNIVERSAL_TIME_OFFSET ( 5, 30, .AHEAD. ) ;
#3064 = PERSON ( 'NAUO-PER21', 'UNSPECIFIED', 'UNSPECIFIED', ('UNSPECIFIED'), ('UNSPECIFIED'), ('UNSPECIFIED') ) ;
#3065 = LINE ( 'NONE', #7401, #8853 ) ;
#3066 = DIRECTION ( 'NONE',  ( 0.000000000000000000, 0.000000000000000000, -1.000000000000000000 ) ) ;
#3067 = CARTESIAN_POINT ( 'NONE',  ( -42.50000000000000711, 20.00000000000000355, 15.41602615938556298 ) ) ;
#3068 = B_SPLINE_CURVE_WITH_KNOTS ( 'NONE', 3,
 ( #9298, #1157, #5671, #7764, #8592, #2036, #1939, #2717, #6289, #4961, #7865, #8494, #7144, #1206, #4160, #1303 ),
 .UNSPECIFIED., .F., .F.,
 ( 4, 2, 2, 2, 2, 2, 2, 4 ),
 ( 0.006800335373509401593, 0.01221102161773320732, 0.01491636473984511366, 0.01762170786195701999, 0.02303239410618083266, 0.02438506566723678409, 0.02573773722829273899, 0.02844308035040464186 ),
 .UNSPECIFIED. ) ;
#3069 = ORIENTED_EDGE ( 'NONE', *, *, #4125, .T. ) ;
#3070 = EDGE_CURVE ( 'NONE', #2916, #1969, #2686, .T. ) ;
#3071 = CIRCLE ( 'NONE', #1341, 72.00000000000000000 ) ;
#3072 = AXIS2_PLACEMENT_3D ( 'NONE', #5078, #7978, #1417 ) ;
#3073 = CARTESIAN_POINT ( 'NONE',  ( 6.000000000000000000, 145.5999999999999943, 6.999999999999999112 ) ) ;
#3074 = ORIENTED_EDGE ( 'NONE', *, *, #6001, .T. ) ;
#3075 = DIRECTION ( 'NONE',  ( 1.000000000000000000, 0.000000000000000000, 0.000000000000000000 ) ) ;
#3076 = CARTESIAN_POINT ( 'NONE',  ( -72.50990238001860178, -3.985689413942071102, -10.23893710086987241 ) ) ;
#3077 = DIRECTION ( 'NONE',  ( 0.9237280213470681067, 1.665334536937734564E-16, -0.3830490080632377170 ) ) ;
#3078 = AXIS2_PLACEMENT_3D ( 'NONE', #3912, #9103, #3957 ) ;
#3079 = CIRCLE ( 'NONE', #137, 5.000000000000000000 ) ;
#3080 = CIRCLE ( 'NONE', #1836, 5.918580100757921514 ) ;
#3081 = EDGE_CURVE ( 'NONE', #2981, #2877, #1858, .T. ) ;
#3082 = CARTESIAN_POINT ( 'NONE',  ( -7.379009953338985461, 37.28375914103543209, 5.731203859501016851 ) ) ;
#3083 = ORIENTED_EDGE ( 'NONE', *, *, #6441, .F. ) ;
#3084 = CIRCLE ( 'NONE', #6259, 5.999999999999983125 ) ;
#3085 = DIRECTION ( 'NONE',  ( 0.000000000000000000, 0.000000000000000000, 1.000000000000000000 ) ) ;
#3086 = ORIENTED_EDGE ( 'NONE', *, *, #5981, .T. ) ;
#3087 = DIRECTION ( 'NONE',  ( -1.000000000000000000, -6.938893903907228378E-15, 0.000000000000000000 ) ) ;
#3088 = CYLINDRICAL_SURFACE ( 'NONE', #3836, 36.00000000000000000 ) ;
#3089 = EDGE_LOOP ( 'NONE', ( #8491, #4136, #5880, #5494 ) ) ;
#3090 = VECTOR ( 'NONE', #5856, 1000.000000000000000 ) ;
#3091 = SECURITY_CLASSIFICATION_LEVEL ( 'unclassified' ) ;
#3092 = CIRCLE ( 'NONE', #599, 79.99999999999998579 ) ;
#3093 = DIRECTION ( 'NONE',  ( 0.000000000000000000, 0.000000000000000000, 1.000000000000000000 ) ) ;
#3094 = EDGE_CURVE ( 'NONE', #6835, #7574, #3701, .T. ) ;
#3095 = CC_DESIGN_APPROVAL ( #1377, ( #1497 ) ) ;
#3096 = EDGE_CURVE ( 'NONE', #892, #7664, #8548, .T. ) ;
#3097 = VECTOR ( 'NONE', #6462, 999.9999999999998863 ) ;
#3098 = LINE ( 'NONE', #190, #6265 ) ;
#3099 = ORIENTED_EDGE ( 'NONE', *, *, #3712, .F. ) ;
#3100 = CARTESIAN_POINT ( 'NONE',  ( -3.072503578181957353E-13, 44.00000000000000000, -99.00000000000000000 ) ) ;
#3101 = ORIENTED_EDGE ( 'NONE', *, *, #2832, .T. ) ;
#3102 = DIRECTION ( 'NONE',  ( -1.000000000000000000, 0.000000000000000000, 0.000000000000000000 ) ) ;
#3103 = AXIS2_PLACEMENT_3D ( 'NONE', #3793, #4403, #3077 ) ;
#3104 = PERSON_AND_ORGANIZATION ( #2940, #5543 ) ;
#3105 = VECTOR ( 'NONE', #2011, 1000.000000000000000 ) ;
#3106 = CARTESIAN_POINT ( 'NONE',  ( -50.00000000000059686, 2.334687691915365203E-12, -266.0000000000000000 ) ) ;
#3107 = DIRECTION ( 'NONE',  ( -1.000000000000000000, 0.000000000000000000, 0.000000000000000000 ) ) ;
#3108 = VECTOR ( 'NONE', #7645, 1000.000000000000000 ) ;
#3109 = ORIENTED_EDGE ( 'NONE', *, *, #3003, .F. ) ;
#3110 = CARTESIAN_POINT ( 'NONE',  ( 14.65568054488081984, -39.89844557877230358, 35.48781670824107692 ) ) ;
#3111 = EDGE_LOOP ( 'NONE', ( #8215, #6464, #1768, #8183 ) ) ;
#3112 = CARTESIAN_POINT ( 'NONE',  ( -63.46176972075341638, 48.70938086149381974, 175.0000000000000000 ) ) ;
#3113 = COORDINATED_UNIVERSAL_TIME_OFFSET ( 5, 30, .AHEAD. ) ;
#3114 = CC_DESIGN_DATE_AND_TIME_ASSIGNMENT ( #3189, #1054, ( #6911 ) ) ;
#3115 = COORDINATED_UNIVERSAL_TIME_OFFSET ( 5, 30, .AHEAD. ) ;
#3116 = EDGE_CURVE ( 'NONE', #1668, #4852, #769, .T. ) ;
#3117 = VECTOR ( 'NONE', #3747, 1000.000000000000000 ) ;
#3118 = CARTESIAN_POINT ( 'NONE',  ( 37.83658314005200651, -3.636841378932820223, 20.61979139069459777 ) ) ;
#3119 = CARTESIAN_POINT ( 'NONE',  ( 0.000000000000000000, 0.000000000000000000, 0.000000000000000000 ) ) ;
#3120 = CYLINDRICAL_SURFACE ( 'NONE', #4428, 17.50000000000000000 ) ;
#3121 = VERTEX_POINT ( 'NONE', #3612 ) ;
#3122 = FACE_OUTER_BOUND ( 'NONE', #1536, .T. ) ;
#3123 = ORIENTED_EDGE ( 'NONE', *, *, #596, .F. ) ;
#3124 = CARTESIAN_POINT ( 'NONE',  ( -42.50000000000000711, 0.000000000000000000, 90.00000000000000000 ) ) ;
#3125 = CARTESIAN_POINT ( 'NONE',  ( 28.61817604250834535, 24.99999999999999645, 7.701505793815494272 ) ) ;
#3126 = CARTESIAN_POINT ( 'NONE',  ( 789.3611798109271831, -366.5419698409035618, 120.8219632337971348 ) ) ;
#3127 = ADVANCED_FACE ( 'NONE', ( #6511 ), #9431, .F. ) ;
#3128 = FACE_OUTER_BOUND ( 'NONE', #8140, .T. ) ;
#3129 = ORIENTED_EDGE ( 'NONE', *, *, #2139, .F. ) ;
#3130 = CARTESIAN_POINT ( 'NONE',  ( -22.50020062249333108, 30.62255658839823269, 28.50938268091120875 ) ) ;
#3131 = ORIENTED_EDGE ( 'NONE', *, *, #3579, .F. ) ;
#3132 = DIRECTION ( 'NONE',  ( 0.000000000000000000, 0.000000000000000000, -1.000000000000000000 ) ) ;
#3133 = ORIENTED_EDGE ( 'NONE', *, *, #6329, .T. ) ;
#3134 = DIRECTION ( 'NONE',  ( 1.000000000000000000, 0.000000000000000000, 0.000000000000000000 ) ) ;
#3135 = DIRECTION ( 'NONE',  ( -0.000000000000000000, -0.000000000000000000, -1.000000000000000000 ) ) ;
#3136 = CARTESIAN_POINT ( 'NONE',  ( -35.00953975440662447, 14.80058127466711859, 17.94561493170391842 ) ) ;
#3137 = ADVANCED_FACE ( 'NONE', ( #712 ), #3663, .T. ) ;
#3138 = APPROVAL_DATE_TIME ( #187, #9398 ) ;
#3139 = DIRECTION ( 'NONE',  ( -0.000000000000000000, -0.000000000000000000, -1.000000000000000000 ) ) ;
#3140 = ORIENTED_EDGE ( 'NONE', *, *, #4710, .F. ) ;
#3141 = DIRECTION ( 'NONE',  ( 0.000000000000000000, -0.000000000000000000, 1.000000000000000000 ) ) ;
#3142 = VECTOR ( 'NONE', #3471, 1000.000000000000000 ) ;
#3143 = ORIENTED_EDGE ( 'NONE', *, *, #3736, .F. ) ;
#3144 = CARTESIAN_POINT ( 'NONE',  ( -14.76294694533462604, -59.72224103642152926, -17.50000000000000000 ) ) ;
#3145 = APPROVAL_ROLE ( '' ) ;
#3146 = CC_DESIGN_APPROVAL ( #6844, ( #4812 ) ) ;
#3147 = EDGE_CURVE ( 'NONE', #3726, #7791, #5302, .T. ) ;
#3148 = APPROVAL_ROLE ( '' ) ;
#3149 = EDGE_CURVE ( 'NONE', #8850, #8507, #4625, .T. ) ;
#3150 = CIRCLE ( 'NONE', #8471, 36.00000000000000000 ) ;
#3151 = DIRECTION ( 'NONE',  ( 0.2840153447039135970, 0.9588197348681957166, 0.000000000000000000 ) ) ;
#3152 = DIRECTION ( 'NONE',  ( 0.000000000000000000, 0.000000000000000000, 1.000000000000000000 ) ) ;
#3153 = ORIENTED_EDGE ( 'NONE', *, *, #1198, .F. ) ;
#3154 = DIRECTION ( 'NONE',  ( 0.000000000000000000, 0.000000000000000000, 1.000000000000000000 ) ) ;
#3155 = FACE_OUTER_BOUND ( 'NONE', #6129, .T. ) ;
#3156 = ORIENTED_EDGE ( 'NONE', *, *, #4165, .F. ) ;
#3157 = CARTESIAN_POINT ( 'NONE',  ( -74.76294694533464735, -7.309236489168396744, -7.500000000000007105 ) ) ;
#3158 = SECURITY_CLASSIFICATION ( '', '', #7477 ) ;
#3159 = LOCAL_TIME ( 2, 39, 17.00000000000000000, #3041 ) ;
#3160 = EDGE_CURVE ( 'NONE', #6236, #848, #8201, .T. ) ;
#3161 = CALENDAR_DATE ( 2026, 3, 10 ) ;
#3162 = CALENDAR_DATE ( 2026, 3, 10 ) ;
#3163 = CARTESIAN_POINT ( 'NONE',  ( 37.11354958857254616, -20.71189309187001015, 14.97467977947020579 ) ) ;
#3164 = CARTESIAN_POINT ( 'NONE',  ( -42.50000000000000711, -25.00000000000000000, 0.000000000000000000 ) ) ;
#3165 = DIRECTION ( 'NONE',  ( -0.000000000000000000, -0.000000000000000000, -1.000000000000000000 ) ) ;
#3166 = EDGE_LOOP ( 'NONE', ( #8591, #7528, #2914, #7205 ) ) ;
#3167 = UNCERTAINTY_MEASURE_WITH_UNIT (LENGTH_MEASURE( 1.000000000000000082E-05 ), #9409, 'distance_accuracy_value', 'NONE');
#3168 = LINE ( 'NONE', #4108, #1096 ) ;
#3169 = ORIENTED_EDGE ( 'NONE', *, *, #6610, .F. ) ;
#3170 = DIRECTION ( 'NONE',  ( 0.000000000000000000, 0.000000000000000000, -1.000000000000000000 ) ) ;
#3171 = DIRECTION ( 'NONE',  ( -0.000000000000000000, -0.000000000000000000, 1.000000000000000000 ) ) ;
#3172 = ORIENTED_EDGE ( 'NONE', *, *, #1453, .T. ) ;
#3173 = CARTESIAN_POINT ( 'NONE',  ( -35.30553202143224922, 30.00000000000000000, 0.000000000000000000 ) ) ;
#3174 =( REPRESENTATION_RELATIONSHIP ('NONE','NONE', #1222, #9169 ) REPRESENTATION_RELATIONSHIP_WITH_TRANSFORMATION ( #6682 )SHAPE_REPRESENTATION_RELATIONSHIP( ) );
#3175 = CC_DESIGN_PERSON_AND_ORGANIZATION_ASSIGNMENT ( #2422, #6821, ( #819 ) ) ;
#3176 = ORIENTED_EDGE ( 'NONE', *, *, #4922, .F. ) ;
#3177 = ADVANCED_FACE ( 'NONE', ( #8923, #2381 ), #1691, .T. ) ;
#3178 = CARTESIAN_POINT ( 'NONE',  ( 0.000000000000000000, 0.000000000000000000, -281.0000000000000000 ) ) ;
#3179 = VERTEX_POINT ( 'NONE', #3962 ) ;
#3180 = CARTESIAN_POINT ( 'NONE',  ( -17.81581243475056198, 31.90977023611307573, 9.620279615917006311 ) ) ;
#3181 = LINE ( 'NONE', #185, #5041 ) ;
#3182 = CARTESIAN_POINT ( 'NONE',  ( 17.84969721258764253, 31.26321015857041985, 11.00000000000000000 ) ) ;
#3183 = PERSON_AND_ORGANIZATION ( #4982, #2066 ) ;
#3184 = CARTESIAN_POINT ( 'NONE',  ( -5.000000000009500845, -55.00000000000000000, -281.0000000000000000 ) ) ;
#3185 = ORIENTED_EDGE ( 'NONE', *, *, #9102, .F. ) ;
#3186 = EDGE_CURVE ( 'NONE', #5146, #4338, #825, .T. ) ;
#3187 = LINE ( 'NONE', #4483, #7175 ) ;
#3188 = CARTESIAN_POINT ( 'NONE',  ( 0.000000000000000000, 0.000000000000000000, 78.29999999999999716 ) ) ;
#3189 = DATE_AND_TIME ( #5441, #6752 ) ;
#3190 = DATE_AND_TIME ( #7386, #4668 ) ;
#3191 = EDGE_CURVE ( 'NONE', #8447, #9107, #4681, .T. ) ;
#3192 = CARTESIAN_POINT ( 'NONE',  ( 1.520430608787000093, -38.00000000000000711, 49.49999999999999289 ) ) ;
#3193 = VERTEX_POINT ( 'NONE', #3776 ) ;
#3194 = DIRECTION ( 'NONE',  ( 0.000000000000000000, 0.000000000000000000, -1.000000000000000000 ) ) ;
#3195 = EDGE_LOOP ( 'NONE', ( #2191, #4948, #6365, #6152 ) ) ;
#3196 = CARTESIAN_POINT ( 'NONE',  ( -40.69760310329543529, 12.27562085346089127, 18.85459742331114441 ) ) ;
#3197 = CALENDAR_DATE ( 2026, 3, 10 ) ;
#3198 = SECURITY_CLASSIFICATION_LEVEL ( 'unclassified' ) ;
#3199 = CARTESIAN_POINT ( 'NONE',  ( 34.83320650664428797, -24.34966300051285515, 10.31019330857832195 ) ) ;
#3200 = CARTESIAN_POINT ( 'NONE',  ( 0.000000000000000000, 0.000000000000000000, 0.000000000000000000 ) ) ;
#3201 = ORIENTED_EDGE ( 'NONE', *, *, #4497, .T. ) ;
#3202 = EDGE_CURVE ( 'NONE', #5305, #2094, #3920, .T. ) ;
#3203 = ADVANCED_FACE ( 'NONE', ( #291, #4634 ), #7584, .F. ) ;
#3204 = CARTESIAN_POINT ( 'NONE',  ( -13.21046582066228403, -35.63558403972812272, 8.771806864371567869 ) ) ;
#3205 = VECTOR ( 'NONE', #3151, 1000.000000000000000 ) ;
#3206 = ORIENTED_EDGE ( 'NONE', *, *, #5023, .T. ) ;
#3207 = DIRECTION ( 'NONE',  ( -0.000000000000000000, 0.000000000000000000, 1.000000000000000000 ) ) ;
#3208 = LINE ( 'NONE', #9164, #2313 ) ;
#3209 = DIRECTION ( 'NONE',  ( 0.9237280213470681067, 1.665334536937734564E-16, -0.3830490080632377170 ) ) ;
#3210 = SHAPE_REPRESENTATION ( 'piston', ( #8931 ), #6637 ) ;
#3211 = AXIS2_PLACEMENT_3D ( 'NONE', #4730, #2100, #4265 ) ;
#3212 = DIRECTION ( 'NONE',  ( 1.000000000000000000, 0.000000000000000000, 0.000000000000000000 ) ) ;
#3213 = AXIS2_PLACEMENT_3D ( 'NONE', #1167, #6117, #319 ) ;
#3214 = DIRECTION ( 'NONE',  ( -0.000000000000000000, -0.000000000000000000, 1.000000000000000000 ) ) ;
#3215 = CYLINDRICAL_SURFACE ( 'NONE', #5071, 36.00000000000000000 ) ;
#3216 = ORIENTED_EDGE ( 'NONE', *, *, #2890, .T. ) ;
#3217 = LINE ( 'NONE', #2509, #5636 ) ;
#3218 = VERTEX_POINT ( 'NONE', #8875 ) ;
#3219 = CARTESIAN_POINT ( 'NONE',  ( -17.84503706407451418, 31.35213108933460902, 10.43964595535977935 ) ) ;
#3220 = CARTESIAN_POINT ( 'NONE',  ( 63.46176972075341638, 48.70938086149381974, -167.0000000000000000 ) ) ;
#3221 = CARTESIAN_POINT ( 'NONE',  ( -74.76294694533464735, -48.39287933429392297, -5.000000000000004441 ) ) ;
#3222 = AXIS2_PLACEMENT_3D ( 'NONE', #586, #5012, #5062 ) ;
#3223 = CIRCLE ( 'NONE', #2604, 2.000000000000000000 ) ;
#3224 = AXIS2_PLACEMENT_3D ( 'NONE', #7744, #8430, #6217 ) ;
#3225 = CARTESIAN_POINT ( 'NONE',  ( 17.80387051377072183, 32.13763566264354665, 9.441743476659747003 ) ) ;
#3226 = VECTOR ( 'NONE', #5597, 999.9999999999998863 ) ;
#3227 = APPROVAL ( #973, 'UNKNOWN' ) ;
#3228 = DIRECTION ( 'NONE',  ( 0.000000000000000000, 0.000000000000000000, -1.000000000000000000 ) ) ;
#3229 = AXIS2_PLACEMENT_3D ( 'NONE', #3414, #6907, #1099 ) ;
#3230 = LINE ( 'NONE', #6906, #2774 ) ;
#3231 = ORIENTED_EDGE ( 'NONE', *, *, #3735, .F. ) ;
#3232 = DIRECTION ( 'NONE',  ( 0.000000000000000000, 0.000000000000000000, -1.000000000000000000 ) ) ;
#3233 = CIRCLE ( 'NONE', #2468, 19.99999999999999645 ) ;
#3234 = AXIS2_PLACEMENT_3D ( 'NONE', #553, #8611, #8655 ) ;
#3235 = APPROVAL_ROLE ( '' ) ;
#3236 = CIRCLE ( 'NONE', #2479, 19.99999999999999645 ) ;
#3237 = EDGE_CURVE ( 'NONE', #4734, #2228, #466, .T. ) ;
#3238 = CIRCLE ( 'NONE', #8262, 5.000000000003473666 ) ;
#3239 = CARTESIAN_POINT ( 'NONE',  ( 13.21046582066229291, 35.63558403972815114, 45.22819313562842325 ) ) ;
#3240 = CARTESIAN_POINT ( 'NONE',  ( 38.00000000000000000, 30.00000000000000000, 0.000000000000000000 ) ) ;
#3241 = EDGE_LOOP ( 'NONE', ( #5100, #5866, #4984, #8314, #3404, #5316 ) ) ;
#3242 = CARTESIAN_POINT ( 'NONE',  ( 0.000000000000000000, 0.000000000000000000, 0.000000000000000000 ) ) ;
#3243 = LOCAL_TIME ( 2, 39, 17.00000000000000000, #251 ) ;
#3244 = VECTOR ( 'NONE', #3722, 1000.000000000000000 ) ;
#3245 = DIRECTION ( 'NONE',  ( 1.000000000000000000, 0.000000000000000000, 0.000000000000000000 ) ) ;
#3246 = PERSON_AND_ORGANIZATION ( #2940, #5543 ) ;
#3247 = SECURITY_CLASSIFICATION_LEVEL ( 'unclassified' ) ;
#3248 = EDGE_CURVE ( 'NONE', #1668, #7574, #7535, .T. ) ;
#3249 = CARTESIAN_POINT ( 'NONE',  ( 35.99999999999999289, -44.00000000000000000, 114.0000000000000000 ) ) ;
#3250 = LOCAL_TIME ( 2, 39, 17.00000000000000000, #4486 ) ;
#3251 = CARTESIAN_POINT ( 'NONE',  ( 11.56897086056394741, 40.89711168295953314, 14.66821567200955734 ) ) ;
#3252 = AXIS2_PLACEMENT_3D ( 'NONE', #4358, #2403, #4459 ) ;
#3253 = DIRECTION ( 'NONE',  ( -1.000000000000000000, 0.000000000000000000, 0.000000000000000000 ) ) ;
#3254 = CIRCLE ( 'NONE', #7962, 2.000000000000000000 ) ;
#3255 = CARTESIAN_POINT ( 'NONE',  ( 0.000000000000000000, 0.000000000000000000, 10.99999999999999822 ) ) ;
#3256 = DIRECTION ( 'NONE',  ( -1.000000000000000000, 0.000000000000000000, 0.000000000000000000 ) ) ;
#3257 = ORIENTED_EDGE ( 'NONE', *, *, #8920, .T. ) ;
#3258 = LINE ( 'NONE', #3124, #8331 ) ;
#3259 = CARTESIAN_POINT ( 'NONE',  ( 6.000000000000000000, 145.5999999999999943, 6.999999999999999112 ) ) ;
#3260 = VECTOR ( 'NONE', #6351, 999.9999999999998863 ) ;
#3261 = ADVANCED_FACE ( 'NONE', ( #8150 ), #1598, .F. ) ;
#3262 = EDGE_CURVE ( 'NONE', #1580, #6498, #6003, .T. ) ;
#3263 = DIRECTION ( 'NONE',  ( 0.000000000000000000, 0.000000000000000000, 1.000000000000000000 ) ) ;
#3264 = CARTESIAN_POINT ( 'NONE',  ( 1.237053054665496088, -62.72224103642152926, 7.500000000000000000 ) ) ;
#3265 = DIRECTION ( 'NONE',  ( 1.000000000000000000, 0.000000000000000000, 0.000000000000000000 ) ) ;
#3266 = AXIS2_PLACEMENT_3D ( 'NONE', #715, #6566, #8727 ) ;
#3267 = CARTESIAN_POINT ( 'NONE',  ( -3.072503578181957353E-13, 44.00000000000000000, 15.00000000000000000 ) ) ;
#3268 = ORIENTED_EDGE ( 'NONE', *, *, #6680, .F. ) ;
#3269 = B_SPLINE_CURVE_WITH_KNOTS ( 'NONE', 3,
 ( #2727, #9405, #5630, #546, #3491, #2048, #6389, #8644, #7157, #4975, #7876, #1312, #4261, #7968, #7253, #6442, #9360, #2825, #5015, #7206, #1406, #681, #8166, #1657, #8940, #2192 ),
 .UNSPECIFIED., .F., .F.,
 ( 4, 2, 2, 1, 1, 1, 1, 2, 2, 2, 1, 1, 1, 1, 2, 2, 4 ),
 ( 0.000000000000000000, 0.2500000000000011102, 0.3750000000000016653, 0.4375000000000018319, 0.4687500000000018874, 0.4843750000000020539, 0.4921875000000019984, 0.4960937500000019429, 0.5000000000000017764, 0.6250000000000004441, 0.6874999999999996669, 0.7187499999999994449, 0.7343749999999993339, 0.7421874999999992228, 0.7460937499999993339, 0.7499999999999994449, 1.000000000000000000 ),
 .UNSPECIFIED. ) ;
#3270 = CARTESIAN_POINT ( 'NONE',  ( 31.42808655499915105, -21.37304537930137016, 14.50640951630059838 ) ) ;
#3271 = ORIENTED_EDGE ( 'NONE', *, *, #9043, .F. ) ;
#3272 = CARTESIAN_POINT ( 'NONE',  ( 0.000000000000000000, 0.000000000000000000, 66.69999999999998863 ) ) ;
#3273 = CARTESIAN_POINT ( 'NONE',  ( -22.49999999999999645, 201.1999999999999886, -19.00000000000000000 ) ) ;
#3274 = DIRECTION ( 'NONE',  ( -1.000000000000000000, 0.000000000000000000, 0.000000000000000000 ) ) ;
#3275 = CYLINDRICAL_SURFACE ( 'NONE', #3762, 17.50000000000007105 ) ;
#3276 = ORIENTED_EDGE ( 'NONE', *, *, #5059, .F. ) ;
#3277 = CARTESIAN_POINT ( 'NONE',  ( -7.999999999999965361, 145.5999999999999943, 6.999999999999999112 ) ) ;
#3278 = ORIENTED_EDGE ( 'NONE', *, *, #8811, .F. ) ;
#3279 = CARTESIAN_POINT ( 'NONE',  ( -0.7525692199622543432, -0.6060916646443660349, -10.22155807107819747 ) ) ;
#3280 = COORDINATED_UNIVERSAL_TIME_OFFSET ( 5, 30, .AHEAD. ) ;
#3281 = CC_DESIGN_PERSON_AND_ORGANIZATION_ASSIGNMENT ( #5246, #4426, ( #6068 ) ) ;
#3282 = PERSON ( 'NAUO-PER24', 'UNSPECIFIED', 'UNSPECIFIED', ('UNSPECIFIED'), ('UNSPECIFIED'), ('UNSPECIFIED') ) ;
#3283 = CONTEXT_DEPENDENT_SHAPE_REPRESENTATION ( #6988, #455 ) ;
#3284 = CARTESIAN_POINT ( 'NONE',  ( 22.50050583093625534, 30.62233233684106892, 25.48369383307074898 ) ) ;
#3285 = CARTESIAN_POINT ( 'NONE',  ( 11.05699574018747633, -36.35732629705790941, 46.59914992439897219 ) ) ;
#3286 = ORIENTED_EDGE ( 'NONE', *, *, #7289, .T. ) ;
#3287 = FACE_OUTER_BOUND ( 'NONE', #1780, .T. ) ;
#3288 = CC_DESIGN_PERSON_AND_ORGANIZATION_ASSIGNMENT ( #1389, #8042, ( #2699 ) ) ;
#3289 = EDGE_CURVE ( 'NONE', #6766, #9325, #6825, .T. ) ;
#3290 = APPROVAL_PERSON_ORGANIZATION ( #6861, #6418, #3148 ) ;
#3291 = PLANE ( 'NONE',  #2978 ) ;
#3292 = APPROVAL_STATUS ( 'not_yet_approved' ) ;
#3293 = DATE_AND_TIME ( #6189, #7708 ) ;
#3294 = CARTESIAN_POINT ( 'NONE',  ( -14.62476062844493541, -39.90544182159179343, 18.51287116735492688 ) ) ;
#3295 =( REPRESENTATION_RELATIONSHIP ('NONE','NONE', #1222, #8813 ) REPRESENTATION_RELATIONSHIP_WITH_TRANSFORMATION ( #8679 )SHAPE_REPRESENTATION_RELATIONSHIP( ) );
#3296 = APPROVAL_PERSON_ORGANIZATION ( #7706, #6844, #3330 ) ;
#3297 = CARTESIAN_POINT ( 'NONE',  ( 11.56789100576306950, 40.89739481404162547, 39.33265473215580954 ) ) ;
#3298 = AXIS2_PLACEMENT_3D ( 'NONE', #6445, #2827, #5730 ) ;
#3299 = ORIENTED_EDGE ( 'NONE', *, *, #341, .F. ) ;
#3300 = DIRECTION ( 'NONE',  ( 0.000000000000000000, 0.000000000000000000, 1.000000000000000000 ) ) ;
#3301 = CC_DESIGN_SECURITY_CLASSIFICATION ( #3766, ( #9465 ) ) ;
#3302 = ADVANCED_FACE ( 'NONE', ( #201 ), #3872, .T. ) ;
#3303 = CARTESIAN_POINT ( 'NONE',  ( -1.526541008103005970, -38.00000000000000711, 4.499999999999999112 ) ) ;
#3304 = ORIENTED_EDGE ( 'NONE', *, *, #9133, .F. ) ;
#3305 = DIRECTION ( 'NONE',  ( 1.000000000000000000, 0.000000000000000000, 0.000000000000000000 ) ) ;
#3306 = LINE ( 'NONE', #6197, #1682 ) ;
#3307 = DIRECTION ( 'NONE',  ( 0.9237280213470682178, 0.000000000000000000, -0.3830490080632377725 ) ) ;
#3308 = DIRECTION ( 'NONE',  ( -0.000000000000000000, -0.000000000000000000, -1.000000000000000000 ) ) ;
#3309 = CC_DESIGN_APPROVAL ( #3504, ( #2071 ) ) ;
#3310 = SECURITY_CLASSIFICATION ( '', '', #449 ) ;
#3311 = DIRECTION ( 'NONE',  ( 0.000000000000000000, -1.000000000000000000, 0.000000000000000000 ) ) ;
#3312 = CARTESIAN_POINT ( 'NONE',  ( -39.50000000000000000, 4.837354856632044663E-15, 82.59999999999999432 ) ) ;
#3313 = DIRECTION ( 'NONE',  ( -0.000000000000000000, -0.000000000000000000, 1.000000000000000000 ) ) ;
#3314 = ORIENTED_EDGE ( 'NONE', *, *, #4012, .F. ) ;
#3315 = EDGE_CURVE ( 'NONE', #5805, #2780, #5406, .T. ) ;
#3316 = CARTESIAN_POINT ( 'NONE',  ( 28.64792046032370010, -24.96606083414426536, 7.701737560465629961 ) ) ;
#3317 = ORIENTED_EDGE ( 'NONE', *, *, #1787, .T. ) ;
#3318 = CARTESIAN_POINT ( 'NONE',  ( 0.000000000000000000, -44.00000000000000000, -213.0000000000000000 ) ) ;
#3319 = PLANE ( 'NONE',  #589 ) ;
#3320 = CARTESIAN_POINT ( 'NONE',  ( -28.61817604250834535, 25.00000000000002487, 84.99999999999998579 ) ) ;
#3321 = DIRECTION ( 'NONE',  ( 0.000000000000000000, 0.000000000000000000, 1.000000000000000000 ) ) ;
#3322 = PLANE ( 'NONE',  #295 ) ;
#3323 = EDGE_CURVE ( 'NONE', #8642, #8818, #9196, .T. ) ;
#3324 = CARTESIAN_POINT ( 'NONE',  ( 38.00000000000000000, 30.00000000000000000, 8.999999999999998224 ) ) ;
#3325 = ADVANCED_FACE ( 'NONE', ( #8481 ), #7749, .F. ) ;
#3326 = ORIENTED_EDGE ( 'NONE', *, *, #6269, .T. ) ;
#3327 = CARTESIAN_POINT ( 'NONE',  ( 19.89974874213239531, 30.00000000000000000, -11.00000000000000000 ) ) ;
#3328 = DATE_AND_TIME ( #6910, #468 ) ;
#3329 = DIRECTION ( 'NONE',  ( 1.000000000000000000, 0.000000000000000000, 0.000000000000000000 ) ) ;
#3330 = APPROVAL_ROLE ( '' ) ;
#3331 = CARTESIAN_POINT ( 'NONE',  ( 10.11430338018915087, 36.65580224075123539, 47.15250664072474507 ) ) ;
#3332 = CARTESIAN_POINT ( 'NONE',  ( 10.09652062748484802, -36.63575464938863746, 6.889148803391901943 ) ) ;
#3333 = EDGE_LOOP ( 'NONE', ( #5161, #6495, #1721, #34, #9084, #1790 ) ) ;
#3334 = DIRECTION ( 'NONE',  ( -0.000000000000000000, -0.000000000000000000, -1.000000000000000000 ) ) ;
#3335 = CARTESIAN_POINT ( 'NONE',  ( 63.46176972075341638, 48.70938086149381974, -152.0000000000000000 ) ) ;
#3336 = APPROVAL_STATUS ( 'not_yet_approved' ) ;
#3337 = CARTESIAN_POINT ( 'NONE',  ( -2.785592994158901270, -42.41216884946720711, 10.32180038426706226 ) ) ;
#3338 = APPROVAL ( #9010, 'UNKNOWN' ) ;
#3339 = EDGE_CURVE ( 'NONE', #4876, #9107, #5650, .T. ) ;
#3340 = CARTESIAN_POINT ( 'NONE',  ( -36.00000000000031264, 43.99999999999974420, 0.000000000000000000 ) ) ;
#3341 = ORIENTED_EDGE ( 'NONE', *, *, #4125, .F. ) ;
#3342 = CARTESIAN_POINT ( 'NONE',  ( -72.76294694533463314, 0.2777589635784699640, -10.22250535117724013 ) ) ;
#3343 = CARTESIAN_POINT ( 'NONE',  ( 17.84969721258764253, 31.26321015857041985, 9.000000000000000000 ) ) ;
#3344 = DIRECTION ( 'NONE',  ( -0.000000000000000000, 0.000000000000000000, 1.000000000000000000 ) ) ;
#3345 = EDGE_CURVE ( 'NONE', #4083, #92, #7895, .T. ) ;
#3346 = CARTESIAN_POINT ( 'NONE',  ( 0.000000000000000000, 0.000000000000000000, 78.00000000000002842 ) ) ;
#3347 = DIRECTION ( 'NONE',  ( 0.000000000000000000, 0.000000000000000000, 1.000000000000000000 ) ) ;
#3348 = CIRCLE ( 'NONE', #2443, 27.00000000000000000 ) ;
#3349 = CYLINDRICAL_SURFACE ( 'NONE', #5667, 36.00000000000000000 ) ;
#3350 = ORIENTED_EDGE ( 'NONE', *, *, #5185, .F. ) ;
#3351 = LINE ( 'NONE', #3405, #5036 ) ;
#3352 = ORIENTED_EDGE ( 'NONE', *, *, #2362, .T. ) ;
#3353 = CARTESIAN_POINT ( 'NONE',  ( -75.31036067130055756, 0.6582315237321639811, 7.479995869826687738 ) ) ;
#3354 = CARTESIAN_POINT ( 'NONE',  ( 17.84870676609775586, 31.28210900342586598, 10.71155722512090236 ) ) ;
#3355 = AXIS2_PLACEMENT_3D ( 'NONE', #4505, #5262, #1612 ) ;
#3356 = EDGE_CURVE ( 'NONE', #3022, #7516, #7943, .T. ) ;
#3357 = CARTESIAN_POINT ( 'NONE',  ( 0.000000000000000000, -44.00000000000000000, 190.0000000000000000 ) ) ;
#3358 = ORIENTED_EDGE ( 'NONE', *, *, #4239, .T. ) ;
#3359 = FACE_OUTER_BOUND ( 'NONE', #7216, .T. ) ;
#3360 = CIRCLE ( 'NONE', #2897, 39.50000000000000000 ) ;
#3361 = CARTESIAN_POINT ( 'NONE',  ( 35.99999999999970157, 44.00000000000026290, 15.00000000000000000 ) ) ;
#3362 = VECTOR ( 'NONE', #4256, 1000.000000000000000 ) ;
#3363 = AXIS2_PLACEMENT_3D ( 'NONE', #126, #3085, #229 ) ;
#3364 = CYLINDRICAL_SURFACE ( 'NONE', #1975, 5.918580100757921514 ) ;
#3365 = APPROVAL_STATUS ( 'not_yet_approved' ) ;
#3366 = CARTESIAN_POINT ( 'NONE',  ( -34.72977256839795501, -24.49696747395734064, 9.895578596590384635 ) ) ;
#3367 = ORIENTED_EDGE ( 'NONE', *, *, #1075, .T. ) ;
#3368 = CIRCLE ( 'NONE', #3675, 27.00000000000000000 ) ;
#3369 = PERSON_AND_ORGANIZATION_ROLE ( 'classification_officer' ) ;
#3370 = AXIS2_PLACEMENT_3D ( 'NONE', #3651, #7321, #5705 ) ;
#3371 = EDGE_CURVE ( 'NONE', #8051, #6017, #3559, .T. ) ;
#3372 = AXIS2_PLACEMENT_3D ( 'NONE', #7266, #9416, #2878 ) ;
#3373 = EDGE_CURVE ( 'NONE', #4100, #8521, #5089, .T. ) ;
#3374 = DIRECTION ( 'NONE',  ( 0.000000000000000000, 0.000000000000000000, 1.000000000000000000 ) ) ;
#3375 = CARTESIAN_POINT ( 'NONE',  ( 9.432147411569916429, -36.81739494845498939, 47.44081362976543659 ) ) ;
#3376 = EDGE_LOOP ( 'NONE', ( #2346, #6416 ) ) ;
#3377 = DIRECTION ( 'NONE',  ( -0.000000000000000000, -0.000000000000000000, -1.000000000000000000 ) ) ;
#3378 = TOROIDAL_SURFACE ( 'NONE', #8707, 5.999999999999983125, 2.000000000000000000 ) ;
#3379 = CIRCLE ( 'NONE', #4614, 39.50000000000000711 ) ;
#3380 = DIRECTION ( 'NONE',  ( 0.000000000000000000, 0.000000000000000000, 1.000000000000000000 ) ) ;
#3381 = PRODUCT_DEFINITION_SHAPE ( 'NONE', 'NONE',  #549 ) ;
#3382 = SECURITY_CLASSIFICATION_LEVEL ( 'unclassified' ) ;
#3383 = AXIS2_PLACEMENT_3D ( 'NONE', #1636, #8036, #7471 ) ;
#3384 = CARTESIAN_POINT ( 'NONE',  ( -42.50000000000000711, 7.806255641895631925E-15, -19.22498999199198977 ) ) ;
#3385 = CARTESIAN_POINT ( 'NONE',  ( 9.877549498808438244, 41.33885870813460883, 13.27616145336033249 ) ) ;
#3386 = CIRCLE ( 'NONE', #7335, 16.89999999999999858 ) ;
#3387 = CC_DESIGN_SECURITY_CLASSIFICATION ( #6127, ( #604 ) ) ;
#3388 = CIRCLE ( 'NONE', #8271, 27.00000000000000000 ) ;
#3389 = ORIENTED_EDGE ( 'NONE', *, *, #1710, .F. ) ;
#3390 = CARTESIAN_POINT ( 'NONE',  ( -13.18757671168875234, -35.64392621591134258, 45.24440630744516767 ) ) ;
#3391 = VERTEX_POINT ( 'NONE', #7226 ) ;
#3392 = DIRECTION ( 'NONE',  ( -1.000000000000000000, 0.000000000000000000, 0.000000000000000000 ) ) ;
#3393 = CARTESIAN_POINT ( 'NONE',  ( 0.000000000000000000, 0.000000000000000000, 71.00000000000000000 ) ) ;
#3394 = CC_DESIGN_DATE_AND_TIME_ASSIGNMENT ( #4688, #927, ( #6659 ) ) ;
#3395 = COORDINATED_UNIVERSAL_TIME_OFFSET ( 5, 30, .AHEAD. ) ;
#3396 = DATE_TIME_ROLE ( 'classification_date' ) ;
#3397 = AXIS2_PLACEMENT_3D ( 'NONE', #9452, #4512, #1411 ) ;
#3398 = AXIS2_PLACEMENT_3D ( 'NONE', #630, #7770, #8735 ) ;
#3399 = PERSON ( 'NAUO-PER5', 'UNSPECIFIED', 'UNSPECIFIED', ('UNSPECIFIED'), ('UNSPECIFIED'), ('UNSPECIFIED') ) ;
#3400 = CARTESIAN_POINT ( 'NONE',  ( 2.069653090559026923E-15, -42.50000000000000711, 10.10000000000000142 ) ) ;
#3401 = CARTESIAN_POINT ( 'NONE',  ( -36.00000000000000000, 4.408728476930470856E-15, -266.0000000000000000 ) ) ;
#3402 = CARTESIAN_POINT ( 'NONE',  ( 0.000000000000000000, 0.000000000000000000, -8.999999999999998224 ) ) ;
#3403 = EDGE_LOOP ( 'NONE', ( #9406, #3463, #4542, #3268 ) ) ;
#3404 = ORIENTED_EDGE ( 'NONE', *, *, #4394, .F. ) ;
#3405 = CARTESIAN_POINT ( 'NONE',  ( 25.00000000000000000, 3.061616997868383043E-15, 20.00000000000000000 ) ) ;
#3406 = ORIENTED_EDGE ( 'NONE', *, *, #1178, .F. ) ;
#3407 = CARTESIAN_POINT ( 'NONE',  ( -75.31990094651708034, -0.6736080320781461239, 7.479188832496040718 ) ) ;
#3408 = ADVANCED_FACE ( 'NONE', ( #2074 ), #9382, .T. ) ;
#3409 = SHAPE_REPRESENTATION_RELATIONSHIP ( 'NONE' , 'NONE' ,  #8813, #2615 ) ;
#3410 = AXIS2_PLACEMENT_3D ( 'NONE', #5331, #6126, #6811 ) ;
#3411 = CARTESIAN_POINT ( 'NONE',  ( -36.00000000000000000, 0.000000000000000000, -19.00000000000000000 ) ) ;
#3412 = ORIENTED_EDGE ( 'NONE', *, *, #5901, .T. ) ;
#3413 = CARTESIAN_POINT ( 'NONE',  ( 0.000000000000000000, 0.000000000000000000, 4.299999999999999822 ) ) ;
#3414 = CARTESIAN_POINT ( 'NONE',  ( 1.725022993852668420E-14, 145.5999999999999943, -6.999999999999999112 ) ) ;
#3415 = ORIENTED_EDGE ( 'NONE', *, *, #8237, .T. ) ;
#3416 = CYLINDRICAL_SURFACE ( 'NONE', #8249, 36.00000000000000000 ) ;
#3417 = LINE ( 'NONE', #4805, #1719 ) ;
#3418 = EDGE_CURVE ( 'NONE', #4892, #8106, #1431, .T. ) ;
#3419 = EDGE_LOOP ( 'NONE', ( #1375, #7080, #394, #2171 ) ) ;
#3420 = CONTEXT_DEPENDENT_SHAPE_REPRESENTATION ( #21, #2976 ) ;
#3421 = LINE ( 'NONE', #4331, #9290 ) ;
#3422 = CARTESIAN_POINT ( 'NONE',  ( 21.01556200751342729, -31.66167426846478605, 35.07049865186459670 ) ) ;
#3423 = EDGE_LOOP ( 'NONE', ( #6638, #1656 ) ) ;
#3424 = DIRECTION ( 'NONE',  ( 0.2840153447039202583, 0.9588197348681938292, 0.000000000000000000 ) ) ;
#3425 = EDGE_CURVE ( 'NONE', #4627, #5356, #4377, .T. ) ;
#3426 = CARTESIAN_POINT ( 'NONE',  ( 35.99999999999999289, -44.00000000000000000, -167.0000000000000000 ) ) ;
#3427 = PERSON_AND_ORGANIZATION_ROLE ( 'design_owner' ) ;
#3428 = AXIS2_PLACEMENT_3D ( 'NONE', #3617, #9436, #59 ) ;
#3429 = CARTESIAN_POINT ( 'NONE',  ( -19.89974874213239531, 30.00000000000000000, 10.99999999999999822 ) ) ;
#3430 = CC_DESIGN_APPROVAL ( #9334, ( #549 ) ) ;
#3431 = ORIENTED_EDGE ( 'NONE', *, *, #8838, .T. ) ;
#3432 = CYLINDRICAL_SURFACE ( 'NONE', #7374, 36.00000000000000000 ) ;
#3433 = ADVANCED_FACE ( 'NONE', ( #2218 ), #4995, .T. ) ;
#3434 = VECTOR ( 'NONE', #6782, 1000.000000000000000 ) ;
#3435 = EDGE_LOOP ( 'NONE', ( #7729, #2518, #2927, #9310 ) ) ;
#3436 = DIRECTION ( 'NONE',  ( -0.000000000000000000, -0.000000000000000000, -1.000000000000000000 ) ) ;
#3437 = CYLINDRICAL_SURFACE ( 'NONE', #4610, 36.00000000000000000 ) ;
#3438 = CALENDAR_DATE ( 2026, 3, 10 ) ;
#3439 = APPROVAL_ROLE ( '' ) ;
#3440 = CC_DESIGN_SECURITY_CLASSIFICATION ( #8171, ( #9462 ) ) ;
#3441 = CARTESIAN_POINT ( 'NONE',  ( 0.000000000000000000, 0.000000000000000000, 0.000000000000000000 ) ) ;
#3442 = LINE ( 'NONE', #4968, #8897 ) ;
#3443 = CARTESIAN_POINT ( 'NONE',  ( -74.76294694533464735, 0.2777589635784699640, -5.000000000000004441 ) ) ;
#3444 = AXIS2_PLACEMENT_3D ( 'NONE', #5553, #8461, #1911 ) ;
#3445 = DIRECTION ( 'NONE',  ( 0.000000000000000000, 0.000000000000000000, 1.000000000000000000 ) ) ;
#3446 = ORIENTED_EDGE ( 'NONE', *, *, #6155, .T. ) ;
#3447 = VERTEX_POINT ( 'NONE', #2115 ) ;
#3448 = SPHERICAL_SURFACE ( 'NONE', #4599, 183.1249999999999147 ) ;
#3449 = VERTEX_POINT ( 'NONE', #3508 ) ;
#3450 = DIRECTION ( 'NONE',  ( -0.000000000000000000, -0.000000000000000000, -1.000000000000000000 ) ) ;
#3451 =( LENGTH_UNIT ( ) NAMED_UNIT ( * ) SI_UNIT ( .MILLI., .METRE. ) );
#3452 = LOCAL_TIME ( 2, 39, 17.00000000000000000, #2221 ) ;
#3453 = ORGANIZATION ( 'NAUO-ORG16', 'UNSPECIFIED', 'UNSPECIFIED' ) ;
#3454 = CC_DESIGN_DATE_AND_TIME_ASSIGNMENT ( #809, #6606, ( #3766 ) ) ;
#3455 = ADVANCED_FACE ( 'NONE', ( #6551 ), #762, .T. ) ;
#3456 = CARTESIAN_POINT ( 'NONE',  ( 0.000000000000000000, 0.000000000000000000, 19.00000000000000000 ) ) ;
#3457 = EDGE_LOOP ( 'NONE', ( #17, #4462 ) ) ;
#3458 = CARTESIAN_POINT ( 'NONE',  ( 42.50000000000000711, 5.204748896376250896E-15, 66.69999999999998863 ) ) ;
#3459 = DIRECTION ( 'NONE',  ( 0.000000000000000000, 0.000000000000000000, -1.000000000000000000 ) ) ;
#3460 = ORIENTED_EDGE ( 'NONE', *, *, #6935, .T. ) ;
#3461 = DIRECTION ( 'NONE',  ( 0.000000000000000000, 0.000000000000000000, 1.000000000000000000 ) ) ;
#3462 = CARTESIAN_POINT ( 'NONE',  ( 5.486511002017723015, -42.15690946152221130, 10.97752783424919620 ) ) ;
#3463 = ORIENTED_EDGE ( 'NONE', *, *, #765, .T. ) ;
#3464 = DATE_AND_TIME ( #4190, #4966 ) ;
#3465 = EDGE_CURVE ( 'NONE', #2932, #5114, #5842, .T. ) ;
#3466 = CARTESIAN_POINT ( 'NONE',  ( 42.50000000000000711, 5.204748896376250896E-15, 0.000000000000000000 ) ) ;
#3467 = CARTESIAN_POINT ( 'NONE',  ( 6.305452144751581223, -37.47497023540915961, 48.60165832846273304 ) ) ;
#3468 = ORIENTED_EDGE ( 'NONE', *, *, #1528, .F. ) ;
#3469 =( REPRESENTATION_RELATIONSHIP ('NONE','NONE', #1222, #9169 ) REPRESENTATION_RELATIONSHIP_WITH_TRANSFORMATION ( #2324 )SHAPE_REPRESENTATION_RELATIONSHIP( ) );
#3470 = CARTESIAN_POINT ( 'NONE',  ( 38.00000000000000000, 0.000000000000000000, -8.999999999999998224 ) ) ;
#3471 = DIRECTION ( 'NONE',  ( 0.000000000000000000, 0.000000000000000000, 1.000000000000000000 ) ) ;
#3472 = APPROVAL_ROLE ( '' ) ;
#3473 = CYLINDRICAL_SURFACE ( 'NONE', #6716, 25.00000000000000000 ) ;
#3474 = ADVANCED_FACE ( 'NONE', ( #8038, #1330 ), #8762, .T. ) ;
#3475 = CARTESIAN_POINT ( 'NONE',  ( 1.129518904330413021, 42.48863246053250720, 43.87147024236228532 ) ) ;
#3476 = ORIENTED_EDGE ( 'NONE', *, *, #3847, .T. ) ;
#3477 = CARTESIAN_POINT ( 'NONE',  ( 0.000000000000000000, 0.000000000000000000, 0.000000000000000000 ) ) ;
#3478 = VERTEX_POINT ( 'NONE', #1384 ) ;
#3479 = CARTESIAN_POINT ( 'NONE',  ( -37.47191857518324554, -6.329423423227185985, 20.27366850721283598 ) ) ;
#3480 = CARTESIAN_POINT ( 'NONE',  ( -0.8040296561951308929, -1.841598818460739029, 10.22643602542669150 ) ) ;
#3481 = COORDINATED_UNIVERSAL_TIME_OFFSET ( 5, 30, .AHEAD. ) ;
#3482 = APPROVAL_STATUS ( 'not_yet_approved' ) ;
#3483 = CARTESIAN_POINT ( 'NONE',  ( -38.00000000000000000, 0.000000000000000000, 85.00000000000000000 ) ) ;
#3484 = ADVANCED_FACE ( 'NONE', ( #9424, #4285 ), #4947, .F. ) ;
#3485 = DIRECTION ( 'NONE',  ( 1.000000000000000000, 6.982962677686266711E-15, 0.000000000000000000 ) ) ;
#3486 = FACE_OUTER_BOUND ( 'NONE', #3457, .T. ) ;
#3487 = EDGE_CURVE ( 'NONE', #118, #3008, #3607, .T. ) ;
#3488 = ORIENTED_EDGE ( 'NONE', *, *, #6691, .F. ) ;
#3489 = VERTEX_POINT ( 'NONE', #9335 ) ;
#3490 = ORIENTED_EDGE ( 'NONE', *, *, #5859, .T. ) ;
#3491 = CARTESIAN_POINT ( 'NONE',  ( -0.8302747479543499676, -1.945869706143021238, -10.22775853241057220 ) ) ;
#3492 = ORIENTED_EDGE ( 'NONE', *, *, #8860, .T. ) ;
#3493 = CARTESIAN_POINT ( 'NONE',  ( -42.50000000000000711, -25.00000000000000000, 0.000000000000000000 ) ) ;
#3494 = CIRCLE ( 'NONE', #6705, 42.50000000000000711 ) ;
#3495 = CARTESIAN_POINT ( 'NONE',  ( -0.9427453756674759600, -3.315812520363918381, 10.23489903218334085 ) ) ;
#3496 = VERTEX_POINT ( 'NONE', #6505 ) ;
#3497 = DIRECTION ( 'NONE',  ( 1.000000000000000000, 0.000000000000000000, 0.000000000000000000 ) ) ;
#3498 = LINE ( 'NONE', #8750, #6561 ) ;
#3499 = VERTEX_POINT ( 'NONE', #2887 ) ;
#3500 = CARTESIAN_POINT ( 'NONE',  ( -39.50000000000000000, 4.837354856632044663E-15, 78.29999999999999716 ) ) ;
#3501 = DIRECTION ( 'NONE',  ( 0.000000000000000000, -0.000000000000000000, -1.000000000000000000 ) ) ;
#3502 = AXIS2_PLACEMENT_3D ( 'NONE', #2538, #8353, #7632 ) ;
#3503 = EDGE_LOOP ( 'NONE', ( #3257, #4700, #2002, #2777 ) ) ;
#3504 = APPROVAL ( #5845, 'UNKNOWN' ) ;
#3505 = CC_DESIGN_DATE_AND_TIME_ASSIGNMENT ( #1608, #6573, ( #6127 ) ) ;
#3506 = AXIS2_PLACEMENT_3D ( 'NONE', #7868, #4347, #3623 ) ;
#3507 = DIRECTION ( 'NONE',  ( -0.000000000000000000, -0.000000000000000000, 1.000000000000000000 ) ) ;
#3508 = CARTESIAN_POINT ( 'NONE',  ( 10.52112147095411387, 171.6244840424505469, 9.000000000000000000 ) ) ;
#3509 = CARTESIAN_POINT ( 'NONE',  ( 0.000000000000000000, -44.00000000000000000, -167.0000000000000000 ) ) ;
#3510 = ADVANCED_FACE ( 'NONE', ( #2802, #7181 ), #1005, .T. ) ;
#3511 = CIRCLE ( 'NONE', #8859, 16.89999999999999503 ) ;
#3512 = CIRCLE ( 'NONE', #9151, 22.49999999999999645 ) ;
#3513 = DATE_TIME_ROLE ( 'classification_date' ) ;
#3514 = AXIS2_PLACEMENT_3D ( 'NONE', #8806, #3754, #2258 ) ;
#3515 = VECTOR ( 'NONE', #2310, 1000.000000000000000 ) ;
#3516 = CARTESIAN_POINT ( 'NONE',  ( 1.237053054665496088, -7.309236489167668438, 7.500000000000000000 ) ) ;
#3517 = FACE_BOUND ( 'NONE', #1515, .T. ) ;
#3518 = VECTOR ( 'NONE', #705, 1000.000000000000000 ) ;
#3519 = AXIS2_PLACEMENT_3D ( 'NONE', #9232, #2982, #7365 ) ;
#3520 = ORIENTED_EDGE ( 'NONE', *, *, #9100, .T. ) ;
#3521 = CARTESIAN_POINT ( 'NONE',  ( -5.219574985902462494, -37.64699146640809602, 48.89887002225345469 ) ) ;
#3522 = AXIS2_PLACEMENT_3D ( 'NONE', #2051, #1314, #7159 ) ;
#3523 = ORIENTED_EDGE ( 'NONE', *, *, #8176, .F. ) ;
#3524 = CARTESIAN_POINT ( 'NONE',  ( -37.30993460775342641, -7.223230727370063775, 20.12002953991927967 ) ) ;
#3525 = CARTESIAN_POINT ( 'NONE',  ( -72.52801743940712242, -3.838926292181425115, 10.23800399889077184 ) ) ;
#3526 = ADVANCED_FACE ( 'NONE', ( #6041 ), #3767, .F. ) ;
#3527 = COORDINATED_UNIVERSAL_TIME_OFFSET ( 5, 30, .AHEAD. ) ;
#3528 = DATE_TIME_ROLE ( 'classification_date' ) ;
#3529 = CIRCLE ( 'NONE', #7799, 38.00000000000000000 ) ;
#3530 = CARTESIAN_POINT ( 'NONE',  ( -14.76294694533462604, -59.72224103642152926, -7.500000000000000000 ) ) ;
#3531 = CARTESIAN_POINT ( 'NONE',  ( 1.237053054665496088, 0.2777589635784699640, 4.999999999999743316 ) ) ;
#3532 = CC_DESIGN_SECURITY_CLASSIFICATION ( #6746, ( #767 ) ) ;
#3533 = CARTESIAN_POINT ( 'NONE',  ( -0.7629469453346304775, 0.2777589635784699640, 10.22250535117701276 ) ) ;
#3534 = EDGE_LOOP ( 'NONE', ( #5150, #1517 ) ) ;
#3535 = DIRECTION ( 'NONE',  ( -1.000000000000000000, 0.000000000000000000, 0.000000000000000000 ) ) ;
#3536 = CARTESIAN_POINT ( 'NONE',  ( 0.000000000000000000, 0.000000000000000000, 175.0000000000000000 ) ) ;
#3537 = CARTESIAN_POINT ( 'NONE',  ( 0.000000000000000000, 0.000000000000000000, 80.00000000000000000 ) ) ;
#3538 = ADVANCED_FACE ( 'NONE', ( #5241 ), #5389, .F. ) ;
#3539 = PRODUCT_DEFINITION_FORMATION_WITH_SPECIFIED_SOURCE ( 'ANY', '', #3564, .NOT_KNOWN. ) ;
#3540 = EDGE_CURVE ( 'NONE', #124, #8022, #3955, .T. ) ;
#3541 = CIRCLE ( 'NONE', #2784, 36.00000000000000000 ) ;
#3542 = CARTESIAN_POINT ( 'NONE',  ( -3.869787800957468882, 42.32697311303070364, 43.46033888690791969 ) ) ;
#3543 = DIRECTION ( 'NONE',  ( 1.000000000000000000, 0.000000000000000000, 0.000000000000000000 ) ) ;
#3544 = CIRCLE ( 'NONE', #7808, 36.00000000000000000 ) ;
#3545 = CYLINDRICAL_SURFACE ( 'NONE', #5228, 22.49999999999999645 ) ;
#3546 = ORIENTED_EDGE ( 'NONE', *, *, #5234, .F. ) ;
#3547 = CARTESIAN_POINT ( 'NONE',  ( 0.000000000000000000, 0.000000000000000000, 19.00000000000000000 ) ) ;
#3548 = PLANE ( 'NONE',  #4147 ) ;
#3549 = ORIENTED_EDGE ( 'NONE', *, *, #7687, .F. ) ;
#3550 = DIRECTION ( 'NONE',  ( -0.000000000000000000, 0.000000000000000000, 1.000000000000000000 ) ) ;
#3551 = CARTESIAN_POINT ( 'NONE',  ( -84.76294694533464735, -41.31202827046427473, -5.000000000000003553 ) ) ;
#3552 = EDGE_CURVE ( 'NONE', #5693, #8818, #2146, .T. ) ;
#3553 = EDGE_LOOP ( 'NONE', ( #8213, #5582, #4713, #9097 ) ) ;
#3554 = APPROVAL_DATE_TIME ( #699, #7823 ) ;
#3555 = AXIS2_PLACEMENT_3D ( 'NONE', #8448, #306, #4822 ) ;
#3556 = CARTESIAN_POINT ( 'NONE',  ( 21.02097080843559240, 31.65807523534791557, 18.94364920928704166 ) ) ;
#3557 = DIRECTION ( 'NONE',  ( 0.000000000000000000, 0.000000000000000000, 1.000000000000000000 ) ) ;
#3558 = CC_DESIGN_PERSON_AND_ORGANIZATION_ASSIGNMENT ( #8206, #1108, ( #6264 ) ) ;
#3559 = LINE ( 'NONE', #7987, #7642 ) ;
#3560 = ORIENTED_EDGE ( 'NONE', *, *, #8298, .T. ) ;
#3561 = LINE ( 'NONE', #6277, #5659 ) ;
#3562 = APPROVAL_ROLE ( '' ) ;
#3563 = CARTESIAN_POINT ( 'NONE',  ( -16.76062507959633052, -39.05553932448154342, 24.76201822146664711 ) ) ;
#3564 = PRODUCT ( 'engine', 'engine', '', ( #7510 ) ) ;
#3565 = CC_DESIGN_PERSON_AND_ORGANIZATION_ASSIGNMENT ( #858, #8228, ( #7250 ) ) ;
#3566 = EDGE_CURVE ( 'NONE', #2971, #8899, #7491, .T. ) ;
#3567 = ORIENTED_EDGE ( 'NONE', *, *, #3834, .T. ) ;
#3568 = CARTESIAN_POINT ( 'NONE',  ( -3.021387177692728354, -37.88711456653643239, 49.30890437722032971 ) ) ;
#3569 = ORIENTED_EDGE ( 'NONE', *, *, #5004, .F. ) ;
#3570 = CARTESIAN_POINT ( 'NONE',  ( -64.76294694533463314, -55.47373039812357831, -5.000000000000005329 ) ) ;
#3571 = CARTESIAN_POINT ( 'NONE',  ( 10.54853077586263232, 170.5777649175917929, -9.000000000000000000 ) ) ;
#3572 = PERSON_AND_ORGANIZATION ( #2940, #5543 ) ;
#3573 = AXIS2_PLACEMENT_3D ( 'NONE', #4500, #5911, #2281 ) ;
#3574 = COORDINATED_UNIVERSAL_TIME_OFFSET ( 5, 30, .AHEAD. ) ;
#3575 = CARTESIAN_POINT ( 'NONE',  ( 28.61817604250835245, 25.00000000000000000, 0.000000000000000000 ) ) ;
#3576 = CYLINDRICAL_SURFACE ( 'NONE', #3398, 22.50000000000000355 ) ;
#3577 = CARTESIAN_POINT ( 'NONE',  ( -31.86681925807073057, -20.70420291268113999, 14.97980075783326193 ) ) ;
#3578 = ORIENTED_EDGE ( 'NONE', *, *, #7517, .F. ) ;
#3579 = EDGE_CURVE ( 'NONE', #731, #4259, #3187, .T. ) ;
#3580 = ORIENTED_EDGE ( 'NONE', *, *, #4618, .F. ) ;
#3581 = CARTESIAN_POINT ( 'NONE',  ( 0.000000000000000000, 0.000000000000000000, 20.00000000000000000 ) ) ;
#3582 = VERTEX_POINT ( 'NONE', #7473 ) ;
#3583 = DIRECTION ( 'NONE',  ( -0.000000000000000000, -0.000000000000000000, -1.000000000000000000 ) ) ;
#3584 = CARTESIAN_POINT ( 'NONE',  ( -36.00000000000000000, 0.000000000000000000, 10.99999999999999822 ) ) ;
#3585 = DIRECTION ( 'NONE',  ( -0.000000000000000000, -0.000000000000000000, 1.000000000000000000 ) ) ;
#3586 = AXIS2_PLACEMENT_3D ( 'NONE', #8400, #7598, #4651 ) ;
#3587 = CARTESIAN_POINT ( 'NONE',  ( 1.078486317092310542E-16, 42.50000000000001421, 43.89999999999999858 ) ) ;
#3588 = B_SPLINE_CURVE_WITH_KNOTS ( 'NONE', 3,
 ( #4662, #5325, #2410, #3219, #7464, #1671, #950, #6803, #3180, #997, #6073, #7566, #3948, #6120, #9051, #8328 ),
 .UNSPECIFIED., .F., .F.,
 ( 4, 2, 2, 2, 2, 2, 2, 4 ),
 ( 0.000000000000000000, 0.0004254649908750318373, 0.0008509299817500636746, 0.001276394972625095620, 0.001701859963500127349, 0.002127324954375159078, 0.002552789945250191241, 0.003403719927000253831 ),
 .UNSPECIFIED. ) ;
#3589 = EDGE_CURVE ( 'NONE', #118, #2143, #5968, .T. ) ;
#3590 = CYLINDRICAL_SURFACE ( 'NONE', #5527, 27.00000000000000000 ) ;
#3591 = VERTEX_POINT ( 'NONE', #2418 ) ;
#3592 = CARTESIAN_POINT ( 'NONE',  ( -36.00000000000000000, 4.408728476930470856E-15, -228.0000000000000000 ) ) ;
#3593 = DIRECTION ( 'NONE',  ( -0.000000000000000000, 0.000000000000000000, 1.000000000000000000 ) ) ;
#3594 = AXIS2_PLACEMENT_3D ( 'NONE', #9163, #7723, #5583 ) ;
#3595 = ORIENTED_EDGE ( 'NONE', *, *, #8446, .T. ) ;
#3596 = DIRECTION ( 'NONE',  ( -0.000000000000000000, 0.000000000000000000, 1.000000000000000000 ) ) ;
#3597 = CARTESIAN_POINT ( 'NONE',  ( -42.03940291240741800, -6.256212331530867310, 20.28528793178956491 ) ) ;
#3598 = LOCAL_TIME ( 2, 39, 17.00000000000000000, #7385 ) ;
#3599 = APPROVAL_PERSON_ORGANIZATION ( #7525, #3054, #1632 ) ;
#3600 = ORIENTED_EDGE ( 'NONE', *, *, #5774, .F. ) ;
#3601 = APPROVAL_STATUS ( 'not_yet_approved' ) ;
#3602 = DIRECTION ( 'NONE',  ( -1.000000000000000000, 0.000000000000000000, 0.000000000000000000 ) ) ;
#3603 = EDGE_CURVE ( 'NONE', #5303, #682, #6816, .T. ) ;
#3604 = ADVANCED_FACE ( 'NONE', ( #94 ), #8091, .F. ) ;
#3605 = CARTESIAN_POINT ( 'NONE',  ( 45.07812899334817303, -13.35275013547102319, 175.0000000000000000 ) ) ;
#3606 = FACE_BOUND ( 'NONE', #8439, .T. ) ;
#3607 = LINE ( 'NONE', #4240, #1519 ) ;
#3608 = EDGE_LOOP ( 'NONE', ( #3787, #7635 ) ) ;
#3609 = PLANE ( 'NONE',  #2297 ) ;
#3610 = PERSON_AND_ORGANIZATION ( #2940, #5543 ) ;
#3611 = CARTESIAN_POINT ( 'NONE',  ( 0.000000000000000000, 0.000000000000000000, -152.0000000000000000 ) ) ;
#3612 = CARTESIAN_POINT ( 'NONE',  ( 5.000000000000163425, -55.00000000000000000, -266.0000000000000000 ) ) ;
#3613 = VERTEX_POINT ( 'NONE', #6667 ) ;
#3614 = DIRECTION ( 'NONE',  ( -0.000000000000000000, -0.000000000000000000, -1.000000000000000000 ) ) ;
#3615 = CARTESIAN_POINT ( 'NONE',  ( 5.715855393193892500E-19, -42.50000000000001421, 43.89999999999999858 ) ) ;
#3616 = ORIENTED_EDGE ( 'NONE', *, *, #6307, .T. ) ;
#3617 = CARTESIAN_POINT ( 'NONE',  ( 0.000000000000000000, 0.000000000000000000, -167.0000000000000000 ) ) ;
#3618 = CARTESIAN_POINT ( 'NONE',  ( -72.37368464078284092, -5.001963798895985747, 10.24472895140748641 ) ) ;
#3619 = MECHANICAL_CONTEXT ( 'NONE', #7418, 'mechanical' ) ;
#3620 = CC_DESIGN_PERSON_AND_ORGANIZATION_ASSIGNMENT ( #8965, #5998, ( #2071 ) ) ;
#3621 = APPROVAL_STATUS ( 'not_yet_approved' ) ;
#3622 = CC_DESIGN_DATE_AND_TIME_ASSIGNMENT ( #5622, #538, ( #1497 ) ) ;
#3623 = DIRECTION ( 'NONE',  ( -1.000000000000000000, 0.000000000000000000, 0.000000000000000000 ) ) ;
#3624 = MANIFOLD_SOLID_BREP ( 'Chamfer4', #5238 ) ;
#3625 = CARTESIAN_POINT ( 'NONE',  ( 38.00000000000000000, 0.000000000000000000, 10.99999999999999822 ) ) ;
#3626 = CARTESIAN_POINT ( 'NONE',  ( -31.42648297920982969, -21.36666458372611643, 14.47834681900573806 ) ) ;
#3627 = ORIENTED_EDGE ( 'NONE', *, *, #5682, .T. ) ;
#3628 = ORIENTED_EDGE ( 'NONE', *, *, #2763, .F. ) ;
#3629 = DESIGN_CONTEXT ( 'detailed design', #1171, 'design' ) ;
#3630 = CARTESIAN_POINT ( 'NONE',  ( 8.000000000000000000, 145.5999999999999943, -4.999999999999999112 ) ) ;
#3631 = ORIENTED_EDGE ( 'NONE', *, *, #8070, .T. ) ;
#3632 = CARTESIAN_POINT ( 'NONE',  ( 6.000000000000000000, 145.5999999999999943, 4.999999999999999112 ) ) ;
#3633 = DIRECTION ( 'NONE',  ( 1.000000000000000000, 0.000000000000000000, 0.000000000000000000 ) ) ;
#3634 =( NAMED_UNIT ( * ) SI_UNIT ( $, .STERADIAN. ) SOLID_ANGLE_UNIT ( ) );
#3635 = EDGE_CURVE ( 'NONE', #54, #731, #911, .T. ) ;
#3636 = CARTESIAN_POINT ( 'NONE',  ( 0.000000000000000000, -22.00000000000000355, 27.00000000000000000 ) ) ;
#3637 = CARTESIAN_POINT ( 'NONE',  ( -1.086783461927605332, -4.540626485921266386, 10.24221736891925971 ) ) ;
#3638 = VERTEX_POINT ( 'NONE', #8193 ) ;
#3639 = CARTESIAN_POINT ( 'NONE',  ( 11.23705305466550897, -41.31202827046408288, 4.999999999999745981 ) ) ;
#3640 = DIRECTION ( 'NONE',  ( -1.000000000000000000, 0.000000000000000000, 0.000000000000000000 ) ) ;
#3641 = EDGE_LOOP ( 'NONE', ( #4420, #6723 ) ) ;
#3642 = CARTESIAN_POINT ( 'NONE',  ( 25.00000000000000000, 3.061616997868383043E-15, 20.00000000000000000 ) ) ;
#3643 = CYLINDRICAL_SURFACE ( 'NONE', #7637, 39.50000000000000711 ) ;
#3644 = ORIENTED_EDGE ( 'NONE', *, *, #6567, .T. ) ;
#3645 = CARTESIAN_POINT ( 'NONE',  ( 0.000000000000000000, 0.000000000000000000, 85.00000000000000000 ) ) ;
#3646 = EDGE_CURVE ( 'NONE', #1124, #7284, #3084, .T. ) ;
#3647 = COORDINATED_UNIVERSAL_TIME_OFFSET ( 5, 30, .AHEAD. ) ;
#3648 = CARTESIAN_POINT ( 'NONE',  ( 1.785830365129840835, 0.2777589635784701860, -7.479888939725204189 ) ) ;
#3649 = CARTESIAN_POINT ( 'NONE',  ( -50.00000000000059686, 2.334687691915365203E-12, -281.0000000000000000 ) ) ;
#3650 = ORIENTED_EDGE ( 'NONE', *, *, #6846, .T. ) ;
#3651 = CARTESIAN_POINT ( 'NONE',  ( -3.072503578181957353E-13, 44.00000000000000000, 61.00000000000000000 ) ) ;
#3652 = AXIS2_PLACEMENT_3D ( 'NONE', #5300, #1544, #5848 ) ;
#3653 = ORIENTED_EDGE ( 'NONE', *, *, #5635, .T. ) ;
#3654 = CARTESIAN_POINT ( 'NONE',  ( 1.430435784281109735, -5.985301605786985668, -7.499879438464185810 ) ) ;
#3655 = CONTEXT_DEPENDENT_SHAPE_REPRESENTATION ( #2507, #5257 ) ;
#3656 = ADVANCED_FACE ( 'NONE', ( #1588 ), #4533, .T. ) ;
#3657 = PERSON_AND_ORGANIZATION ( #2940, #5543 ) ;
#3658 = EDGE_CURVE ( 'NONE', #5711, #8406, #3810, .T. ) ;
#3659 = VECTOR ( 'NONE', #5355, 999.9999999999998863 ) ;
#3660 = AXIS2_PLACEMENT_3D ( 'NONE', #5685, #1221, #591 ) ;
#3661 = CARTESIAN_POINT ( 'NONE',  ( -16.02518745536616507, -39.36562193949608712, 21.52050001647196353 ) ) ;
#3662 = ORIENTED_EDGE ( 'NONE', *, *, #1651, .F. ) ;
#3663 = CYLINDRICAL_SURFACE ( 'NONE', #2931, 36.00000000000000000 ) ;
#3664 = ORIENTED_EDGE ( 'NONE', *, *, #2287, .T. ) ;
#3665 = EDGE_LOOP ( 'NONE', ( #3156, #510, #230, #3476, #9415, #9219, #4159, #3216, #632, #5503 ) ) ;
#3666 = CYLINDRICAL_SURFACE ( 'NONE', #8404, 42.50000000000000711 ) ;
#3668 = CARTESIAN_POINT ( 'NONE',  ( 15.99602816651069226, -39.37522225130285136, 32.48148754243047875 ) ) ;
#3667 = VECTOR ( 'NONE', #789, 1000.000000000000000 ) ;
#3669 = AXIS2_PLACEMENT_3D ( 'NONE', #6468, #9390, #7996 ) ;
#3670 = AXIS2_PLACEMENT_3D ( 'NONE', #2933, #6496, #3035 ) ;
#3671 = ORIENTED_EDGE ( 'NONE', *, *, #4280, .F. ) ;
#3672 = CARTESIAN_POINT ( 'NONE',  ( -4.669375383830730407E-12, -55.00000000000000000, -281.0000000000000000 ) ) ;
#3673 = DIRECTION ( 'NONE',  ( 0.000000000000000000, 0.000000000000000000, 1.000000000000000000 ) ) ;
#3674 = APPROVAL_STATUS ( 'not_yet_approved' ) ;
#3675 = AXIS2_PLACEMENT_3D ( 'NONE', #607, #8570, #5778 ) ;
#3676 = PERSON_AND_ORGANIZATION_ROLE ( 'classification_officer' ) ;
#3677 = LINE ( 'NONE', #6575, #131 ) ;
#3678 = MANIFOLD_SOLID_BREP ( 'Boss-Extrude1', #7359 ) ;
#3679 = CARTESIAN_POINT ( 'NONE',  ( -75.26624975817146890, -2.257144373696960304, 7.483649591403518819 ) ) ;
#3680 = CARTESIAN_POINT ( 'NONE',  ( -55.00000000000233058, 2.334687691915365203E-12, -281.0000000000000000 ) ) ;
#3681 = CIRCLE ( 'NONE', #5377, 36.00000000000000000 ) ;
#3682 = ORIENTED_EDGE ( 'NONE', *, *, #1453, .F. ) ;
#3683 = VECTOR ( 'NONE', #8555, 1000.000000000000000 ) ;
#3684 = ORIENTED_EDGE ( 'NONE', *, *, #1048, .T. ) ;
#3685 = CC_DESIGN_PERSON_AND_ORGANIZATION_ASSIGNMENT ( #7445, #874, ( #8486 ) ) ;
#3686 = DIRECTION ( 'NONE',  ( -0.2840153447039135415, -0.9588197348681957166, -0.000000000000000000 ) ) ;
#3687 = ORIENTED_EDGE ( 'NONE', *, *, #3191, .T. ) ;
#3688 = FACE_OUTER_BOUND ( 'NONE', #28, .T. ) ;
#3689 = CARTESIAN_POINT ( 'NONE',  ( -72.49067831492342862, -4.141437388364037631, -10.23987276151221693 ) ) ;
#3690 = VECTOR ( 'NONE', #2014, 1000.000000000000000 ) ;
#3691 = AXIS2_PLACEMENT_3D ( 'NONE', #1815, #4043, #361 ) ;
#3692 = DIRECTION ( 'NONE',  ( 0.9941712653548628875, -0.1078123144298031438, 1.097138059609166748E-16 ) ) ;
#3693 = ORIENTED_EDGE ( 'NONE', *, *, #9427, .F. ) ;
#3694 = AXIS2_PLACEMENT_3D ( 'NONE', #7051, #6320, #3424 ) ;
#3695 = CARTESIAN_POINT ( 'NONE',  ( -20.16122320312539884, 32.21780462492417740, 16.90434455424925630 ) ) ;
#3696 = VERTEX_POINT ( 'NONE', #1638 ) ;
#3697 = CARTESIAN_POINT ( 'NONE',  ( 21.56664044360766752, 29.99999999999999645, -9.295640781210343206 ) ) ;
#3698 = ADVANCED_FACE ( 'NONE', ( #141 ), #238, .T. ) ;
#3699 = FACE_OUTER_BOUND ( 'NONE', #6976, .T. ) ;
#3700 = LOCAL_TIME ( 2, 39, 17.00000000000000000, #4345 ) ;
#3701 = CIRCLE ( 'NONE', #7191, 39.50000000000000000 ) ;
#3702 = EDGE_LOOP ( 'NONE', ( #5197, #7368, #8309, #79, #2728, #2747 ) ) ;
#3703 = LINE ( 'NONE', #4326, #738 ) ;
#3704 = DIRECTION ( 'NONE',  ( 1.000000000000000000, 0.000000000000000000, 0.000000000000000000 ) ) ;
#3705 = ORIENTED_EDGE ( 'NONE', *, *, #2662, .T. ) ;
#3706 = FACE_OUTER_BOUND ( 'NONE', #321, .T. ) ;
#3707 = APPROVAL_STATUS ( 'not_yet_approved' ) ;
#3708 = CARTESIAN_POINT ( 'NONE',  ( 0.000000000000000000, 0.000000000000000000, 80.00000000000000000 ) ) ;
#3709 = FACE_OUTER_BOUND ( 'NONE', #6353, .T. ) ;
#3710 = ORIENTED_EDGE ( 'NONE', *, *, #7600, .T. ) ;
#3711 = DIRECTION ( 'NONE',  ( -1.000000000000000000, -8.759319517086517175E-15, 0.000000000000000000 ) ) ;
#3712 = EDGE_CURVE ( 'NONE', #7791, #8840, #8247, .T. ) ;
#3713 = CARTESIAN_POINT ( 'NONE',  ( 0.000000000000000000, 0.000000000000000000, 90.00000000000000000 ) ) ;
#3714 = ORIENTED_EDGE ( 'NONE', *, *, #8673, .F. ) ;
#3715 = LINE ( 'NONE', #6507, #9031 ) ;
#3716 = PERSON_AND_ORGANIZATION ( #1545, #8286 ) ;
#3717 = AXIS2_PLACEMENT_3D ( 'NONE', #2032, #4955, #1296 ) ;
#3718 = CALENDAR_DATE ( 2026, 3, 10 ) ;
#3719 = DIRECTION ( 'NONE',  ( -0.000000000000000000, -0.000000000000000000, 1.000000000000000000 ) ) ;
#3720 = CIRCLE ( 'NONE', #4933, 72.00000000000000000 ) ;
#3721 = EDGE_CURVE ( 'NONE', #2190, #7252, #1049, .T. ) ;
#3722 = DIRECTION ( 'NONE',  ( -0.000000000000000000, -0.000000000000000000, -1.000000000000000000 ) ) ;
#3723 = VERTEX_POINT ( 'NONE', #417 ) ;
#3724 = LINE ( 'NONE', #6623, #8102 ) ;
#3725 = CARTESIAN_POINT ( 'NONE',  ( 36.00000000000000000, 0.000000000000000000, 228.0000000000000000 ) ) ;
#3726 = VERTEX_POINT ( 'NONE', #6130 ) ;
#3727 = CYLINDRICAL_SURFACE ( 'NONE', #7688, 5.000000000004832579 ) ;
#3728 = CARTESIAN_POINT ( 'NONE',  ( -19.89974874213239531, 30.00000000000000000, -11.00000000000000000 ) ) ;
#3729 = DATE_AND_TIME ( #783, #2482 ) ;
#3730 = SECURITY_CLASSIFICATION_LEVEL ( 'unclassified' ) ;
#3731 = FACE_OUTER_BOUND ( 'NONE', #979, .T. ) ;
#3732 = CARTESIAN_POINT ( 'NONE',  ( -75.31172425579907781, 0.2777589635784700195, 7.479888939724932406 ) ) ;
#3733 = CARTESIAN_POINT ( 'NONE',  ( -7.999999999999965361, 145.5999999999999943, 4.999999999999999112 ) ) ;
#3734 = ORIENTED_EDGE ( 'NONE', *, *, #3191, .F. ) ;
#3735 = EDGE_CURVE ( 'NONE', #7103, #2026, #6109, .T. ) ;
#3736 = EDGE_CURVE ( 'NONE', #4351, #2059, #7793, .T. ) ;
#3737 = DIRECTION ( 'NONE',  ( -1.000000000000000000, -6.938893903907228378E-15, 0.000000000000000000 ) ) ;
#3738 = PERSON ( 'NAUO-PER29', 'UNSPECIFIED', 'UNSPECIFIED', ('UNSPECIFIED'), ('UNSPECIFIED'), ('UNSPECIFIED') ) ;
#3739 = ORIENTED_EDGE ( 'NONE', *, *, #8982, .T. ) ;
#3740 = LINE ( 'NONE', #5069, #57 ) ;
#3741 = CARTESIAN_POINT ( 'NONE',  ( -72.36669092327284147, -5.048929389796769307, -10.24496736018593168 ) ) ;
#3742 = DIRECTION ( 'NONE',  ( 1.110223024625156540E-16, 1.000000000000000000, 2.449293598294706414E-16 ) ) ;
#3743 = PRODUCT_DEFINITION_SHAPE ( 'NONE', 'NONE',  #9469 ) ;
#3744 =( BOUNDED_CURVE ( )  B_SPLINE_CURVE ( 3, ( #802, #2791, #602, #4271 ),
 .UNSPECIFIED., .F., .T. ) 
 B_SPLINE_CURVE_WITH_KNOTS ( ( 4, 4 ),
 ( 4.712388980384689674, 7.853981633974482790 ),
 .UNSPECIFIED. ) 
 CURVE ( )  GEOMETRIC_REPRESENTATION_ITEM ( )  RATIONAL_B_SPLINE_CURVE ( ( 1.000000000000000000, 0.3333333333333333703, 0.3333333333333333703, 1.000000000000000000 ) ) 
 REPRESENTATION_ITEM ( '' )  );
#3745 = ORIENTED_EDGE ( 'NONE', *, *, #5222, .F. ) ;
#3746 = AXIS2_PLACEMENT_3D ( 'NONE', #4723, #4639, #1648 ) ;
#3747 = DIRECTION ( 'NONE',  ( -1.000000000000000000, 0.000000000000000000, 0.000000000000000000 ) ) ;
#3748 = CARTESIAN_POINT ( 'NONE',  ( -21.97561153831408731, 31.00130525113820212, 31.84394596252387188 ) ) ;
#3749 = EDGE_LOOP ( 'NONE', ( #8273, #3176 ) ) ;
#3750 = PLANE ( 'NONE',  #5514 ) ;
#3751 = APPROVAL_PERSON_ORGANIZATION ( #3657, #9334, #7277 ) ;
#3752 = CARTESIAN_POINT ( 'NONE',  ( -7.999999999999992895, 55.59999999999998010, -4.999999999999999112 ) ) ;
#3753 = VERTEX_POINT ( 'NONE', #5560 ) ;
#3754 = DIRECTION ( 'NONE',  ( -0.000000000000000000, -0.000000000000000000, 1.000000000000000000 ) ) ;
#3755 = CARTESIAN_POINT ( 'NONE',  ( -40.72072968639103152, -12.29294604986612782, 18.87952548329170099 ) ) ;
#3756 = VERTEX_POINT ( 'NONE', #1781 ) ;
#3757 = CARTESIAN_POINT ( 'NONE',  ( -38.00000000000000711, 0.9067647531766591662, 20.77501000800801023 ) ) ;
#3758 = VECTOR ( 'NONE', #7054, 1000.000000000000114 ) ;
#3759 = CALENDAR_DATE ( 2026, 3, 10 ) ;
#3760 = CC_DESIGN_DATE_AND_TIME_ASSIGNMENT ( #3190, #8966, ( #549 ) ) ;
#3761 = ADVANCED_FACE ( 'NONE', ( #6173 ), #1958, .T. ) ;
#3762 = AXIS2_PLACEMENT_3D ( 'NONE', #8288, #6304, #1732 ) ;
#3763 = CARTESIAN_POINT ( 'NONE',  ( 0.000000000000000000, 0.000000000000000000, 7.500000000000000000 ) ) ;
#3764 = DIRECTION ( 'NONE',  ( -0.000000000000000000, 1.000000000000000000, -0.000000000000000000 ) ) ;
#3765 = ORIENTED_EDGE ( 'NONE', *, *, #6282, .T. ) ;
#3766 = SECURITY_CLASSIFICATION ( '', '', #36 ) ;
#3767 = PLANE ( 'NONE',  #5513 ) ;
#3768 = ORIENTED_EDGE ( 'NONE', *, *, #392, .T. ) ;
#3769 = CARTESIAN_POINT ( 'NONE',  ( 0.000000000000000000, 0.000000000000000000, -152.0000000000000000 ) ) ;
#3770 = DATE_AND_TIME ( #145, #3598 ) ;
#3771 = PERSON_AND_ORGANIZATION ( #2940, #5543 ) ;
#3772 = ORGANIZATION ( 'NAUO-ORG22', 'UNSPECIFIED', 'UNSPECIFIED' ) ;
#3773 = CC_DESIGN_APPROVAL ( #616, ( #6187 ) ) ;
#3774 = EDGE_CURVE ( 'NONE', #2618, #3061, #7662, .T. ) ;
#3775 = DIRECTION ( 'NONE',  ( 0.000000000000000000, 0.000000000000000000, 1.000000000000000000 ) ) ;
#3776 = CARTESIAN_POINT ( 'NONE',  ( -42.50000000000000711, 0.000000000000000000, 78.29999999999999716 ) ) ;
#3777 = VERTEX_POINT ( 'NONE', #9233 ) ;
#3778 = CARTESIAN_POINT ( 'NONE',  ( 11.17191744062576042, -41.01327052141347451, 14.27228004978185893 ) ) ;
#3779 = ORIENTED_EDGE ( 'NONE', *, *, #3081, .F. ) ;
#3780 = CYLINDRICAL_SURFACE ( 'NONE', #2366, 10.00000000000000000 ) ;
#3781 = PERSON_AND_ORGANIZATION_ROLE ( 'classification_officer' ) ;
#3782 = APPROVAL_DATE_TIME ( #785, #616 ) ;
#3783 = EDGE_CURVE ( 'NONE', #5229, #2046, #2760, .T. ) ;
#3784 = CARTESIAN_POINT ( 'NONE',  ( 35.07143880316129980, -24.00602875074606501, 11.12454452648511349 ) ) ;
#3785 = CARTESIAN_POINT ( 'NONE',  ( 2.069462057591964153E-15, 42.50000000000001421, 10.10000000000000142 ) ) ;
#3786 = DIRECTION ( 'NONE',  ( 0.000000000000000000, 0.000000000000000000, 1.000000000000000000 ) ) ;
#3787 = ORIENTED_EDGE ( 'NONE', *, *, #1615, .T. ) ;
#3788 = PLANE ( 'NONE',  #8088 ) ;
#3789 = ORIENTED_EDGE ( 'NONE', *, *, #16, .T. ) ;
#3790 =( REPRESENTATION_RELATIONSHIP ('NONE','NONE', #1222, #9169 ) REPRESENTATION_RELATIONSHIP_WITH_TRANSFORMATION ( #5914 )SHAPE_REPRESENTATION_RELATIONSHIP( ) );
#3791 = DIRECTION ( 'NONE',  ( 0.000000000000000000, 0.000000000000000000, 1.000000000000000000 ) ) ;
#3792 = CARTESIAN_POINT ( 'NONE',  ( -72.36902398296888350, -5.033296091938379568, -10.24488833273708721 ) ) ;
#3793 = CARTESIAN_POINT ( 'NONE',  ( 766.4917328678895956, -134.2459258667417430, 120.8219632337991669 ) ) ;
#3794 = EDGE_CURVE ( 'NONE', #4249, #4892, #5211, .T. ) ;
#3795 = EDGE_CURVE ( 'NONE', #7284, #6668, #146, .T. ) ;
#3796 = ORIENTED_EDGE ( 'NONE', *, *, #7406, .F. ) ;
#3797 = CARTESIAN_POINT ( 'NONE',  ( 0.000000000000000000, -44.00000000000000000, 129.0000000000000000 ) ) ;
#3798 = ORIENTED_EDGE ( 'NONE', *, *, #8057, .T. ) ;
#3799 = DIRECTION ( 'NONE',  ( 1.000000000000000000, 0.000000000000000000, 0.000000000000000000 ) ) ;
#3800 = ORIENTED_EDGE ( 'NONE', *, *, #5162, .T. ) ;
#3801 = DIRECTION ( 'NONE',  ( -0.000000000000000000, -0.000000000000000000, 1.000000000000000000 ) ) ;
#3802 = CARTESIAN_POINT ( 'NONE',  ( -14.90000000000001101, 1.947188410644292169E-15, 0.000000000000000000 ) ) ;
#3803 = VERTEX_POINT ( 'NONE', #6263 ) ;
#3804 = LINE ( 'NONE', #7312, #6467 ) ;
#3805 = CONTEXT_DEPENDENT_SHAPE_REPRESENTATION ( #2804, #3743 ) ;
#3806 = DIRECTION ( 'NONE',  ( -0.000000000000000000, -0.000000000000000000, -1.000000000000000000 ) ) ;
#3807 = LINE ( 'NONE', #3184, #4766 ) ;
#3808 = ORIENTED_EDGE ( 'NONE', *, *, #3918, .F. ) ;
#3809 = PRODUCT_DEFINITION_SHAPE ( 'NONE', 'NONE',  #9485 ) ;
#3810 = LINE ( 'NONE', #6710, #9019 ) ;
#3811 = ORIENTED_EDGE ( 'NONE', *, *, #6453, .F. ) ;
#3812 = FACE_OUTER_BOUND ( 'NONE', #9246, .T. ) ;
#3813 = COORDINATED_UNIVERSAL_TIME_OFFSET ( 5, 30, .AHEAD. ) ;
#3814 = CC_DESIGN_PERSON_AND_ORGANIZATION_ASSIGNMENT ( #8782, #3781, ( #6127 ) ) ;
#3815 = MANIFOLD_SOLID_BREP ( 'Chamfer1', #2010 ) ;
#3816 = COORDINATED_UNIVERSAL_TIME_OFFSET ( 5, 30, .AHEAD. ) ;
#3817 = CARTESIAN_POINT ( 'NONE',  ( -45.07812899334826540, 13.35275013547070877, 15.00000000000000000 ) ) ;
#3818 = AXIS2_PLACEMENT_3D ( 'NONE', #3007, #6674, #8100 ) ;
#3819 = ORIENTED_EDGE ( 'NONE', *, *, #6877, .T. ) ;
#3820 = DIRECTION ( 'NONE',  ( 1.000000000000000000, 6.938893903907228378E-15, 0.000000000000000000 ) ) ;
#3821 = VERTEX_POINT ( 'NONE', #2520 ) ;
#3822 = EDGE_CURVE ( 'NONE', #3478, #4350, #4005, .T. ) ;
#3823 = DIRECTION ( 'NONE',  ( 1.000000000000000000, 6.982962677686266711E-15, 0.000000000000000000 ) ) ;
#3824 = ORIENTED_EDGE ( 'NONE', *, *, #5691, .F. ) ;
#3825 = CARTESIAN_POINT ( 'NONE',  ( -36.00000000000031264, 43.99999999999974420, 61.00000000000000000 ) ) ;
#3826 = CIRCLE ( 'NONE', #9296, 22.49999999999999645 ) ;
#3827 = DATE_AND_TIME ( #1399, #5061 ) ;
#3828 = APPROVAL_ROLE ( '' ) ;
#3829 = CARTESIAN_POINT ( 'NONE',  ( 34.36931771216881515, -24.99999999999998579, 7.682918477743845287 ) ) ;
#3830 = CARTESIAN_POINT ( 'NONE',  ( 0.5557524780622340455, 42.50000000000000711, 10.09999999999999787 ) ) ;
#3831 = DIRECTION ( 'NONE',  ( -0.000000000000000000, 0.000000000000000000, 1.000000000000000000 ) ) ;
#3832 = ORIENTED_EDGE ( 'NONE', *, *, #3186, .T. ) ;
#3833 = CIRCLE ( 'NONE', #3213, 16.89999999999999858 ) ;
#3834 = EDGE_CURVE ( 'NONE', #2026, #8233, #2305, .T. ) ;
#3835 = DIRECTION ( 'NONE',  ( 1.000000000000000000, 0.000000000000000000, -0.000000000000000000 ) ) ;
#3836 = AXIS2_PLACEMENT_3D ( 'NONE', #5987, #8907, #3853 ) ;
#3837 = ORIENTED_EDGE ( 'NONE', *, *, #7600, .F. ) ;
#3838 = DIRECTION ( 'NONE',  ( 1.000000000000000000, 0.000000000000000000, 0.000000000000000000 ) ) ;
#3839 = DIRECTION ( 'NONE',  ( 1.000000000000000000, 6.982962677686266711E-15, 0.000000000000000000 ) ) ;
#3840 = AXIS2_PLACEMENT_3D ( 'NONE', #8546, #1905, #355 ) ;
#3841 = AXIS2_PLACEMENT_3D ( 'NONE', #2738, #555, #5645 ) ;
#3842 = DIRECTION ( 'NONE',  ( 1.000000000000000000, -0.000000000000000000, -0.000000000000000000 ) ) ;
#3843 = AXIS2_PLACEMENT_3D ( 'NONE', #4511, #8217, #7508 ) ;
#3844 = CARTESIAN_POINT ( 'NONE',  ( -21.60410554121419580, 31.26148244498365969, 33.29683036929791484 ) ) ;
#3845 = ORIENTED_EDGE ( 'NONE', *, *, #188, .F. ) ;
#3846 = AXIS2_PLACEMENT_3D ( 'NONE', #3047, #8231, #5945 ) ;
#3847 = EDGE_CURVE ( 'NONE', #2843, #5097, #2080, .T. ) ;
#3848 = DIRECTION ( 'NONE',  ( -1.000000000000000000, 0.000000000000000000, 0.000000000000000000 ) ) ;
#3849 = VECTOR ( 'NONE', #692, 1000.000000000000000 ) ;
#3850 = EDGE_CURVE ( 'NONE', #7393, #7837, #5602, .T. ) ;
#3851 = VERTEX_POINT ( 'NONE', #8517 ) ;
#3852 = CARTESIAN_POINT ( 'NONE',  ( -72.76294694533463314, 0.2777589635784699640, 10.22250535117726500 ) ) ;
#3853 = DIRECTION ( 'NONE',  ( -1.000000000000000000, -6.982962677686266711E-15, 0.000000000000000000 ) ) ;
#3854 = VERTEX_POINT ( 'NONE', #3361 ) ;
#3855 = DIRECTION ( 'NONE',  ( 1.000000000000000000, 0.000000000000000000, 0.000000000000000000 ) ) ;
#3856 = SECURITY_CLASSIFICATION_LEVEL ( 'unclassified' ) ;
#3857 = VECTOR ( 'NONE', #7324, 1000.000000000000000 ) ;
#3858 = LOCAL_TIME ( 2, 39, 17.00000000000000000, #5055 ) ;
#3859 = AXIS2_PLACEMENT_3D ( 'NONE', #2023, #7223, #524 ) ;
#3860 = DIRECTION ( 'NONE',  ( -0.000000000000000000, -0.000000000000000000, 1.000000000000000000 ) ) ;
#3861 = EDGE_LOOP ( 'NONE', ( #8505, #4546 ) ) ;
#3862 = ADVANCED_FACE ( 'NONE', ( #1919 ), #4845, .F. ) ;
#3863 = DIRECTION ( 'NONE',  ( 0.000000000000000000, -1.000000000000000000, 0.000000000000000000 ) ) ;
#3864 = ORIENTED_EDGE ( 'NONE', *, *, #1597, .T. ) ;
#3865 = DIRECTION ( 'NONE',  ( 0.000000000000000000, 1.000000000000000000, 0.000000000000000000 ) ) ;
#3866 = SECURITY_CLASSIFICATION_LEVEL ( 'unclassified' ) ;
#3867 = APPROVAL_PERSON_ORGANIZATION ( #3928, #5953, #6832 ) ;
#3868 = COORDINATED_UNIVERSAL_TIME_OFFSET ( 5, 30, .AHEAD. ) ;
#3869 = CIRCLE ( 'NONE', #6755, 36.00000000000000000 ) ;
#3870 = CARTESIAN_POINT ( 'NONE',  ( 63.46176972075376455, -48.70938086149337209, -53.00000000000000000 ) ) ;
#3871 = ORIENTED_EDGE ( 'NONE', *, *, #3339, .T. ) ;
#3872 = CYLINDRICAL_SURFACE ( 'NONE', #2462, 79.99999999999998579 ) ;
#3873 = AXIS2_PLACEMENT_3D ( 'NONE', #7403, #6012, #212 ) ;
#3874 = ORIENTED_EDGE ( 'NONE', *, *, #3916, .F. ) ;
#3875 = ORIENTED_EDGE ( 'NONE', *, *, #8477, .F. ) ;
#3876 = FACE_BOUND ( 'NONE', #5854, .T. ) ;
#3877 = DIRECTION ( 'NONE',  ( 0.000000000000000000, 0.000000000000000000, 1.000000000000000000 ) ) ;
#3878 = ORIENTED_EDGE ( 'NONE', *, *, #623, .F. ) ;
#3879 = CARTESIAN_POINT ( 'NONE',  ( 38.00000000000000000, 30.00000000000000000, -8.999999999999998224 ) ) ;
#3880 = COORDINATED_UNIVERSAL_TIME_OFFSET ( 5, 30, .AHEAD. ) ;
#3881 = APPROVAL_STATUS ( 'not_yet_approved' ) ;
#3882 = VECTOR ( 'NONE', #8229, 1000.000000000000000 ) ;
#3883 = DIRECTION ( 'NONE',  ( -0.2840153447039202583, -0.9588197348681938292, -0.000000000000000000 ) ) ;
#3884 = CC_DESIGN_DATE_AND_TIME_ASSIGNMENT ( #5259, #1496, ( #6187 ) ) ;
#3885 = ADVANCED_FACE ( 'NONE', ( #7215 ), #6454, .T. ) ;
#3886 = CARTESIAN_POINT ( 'NONE',  ( 0.000000000000000000, 0.000000000000000000, -53.00000000000000000 ) ) ;
#3887 = DIRECTION ( 'NONE',  ( -0.000000000000000000, -0.000000000000000000, -1.000000000000000000 ) ) ;
#3888 = ORIENTED_EDGE ( 'NONE', *, *, #823, .F. ) ;
#3889 = DIRECTION ( 'NONE',  ( 0.000000000000000000, 0.000000000000000000, -1.000000000000000000 ) ) ;
#3890 = ORIENTED_EDGE ( 'NONE', *, *, #4472, .F. ) ;
#3891 = CARTESIAN_POINT ( 'NONE',  ( 0.3381283234826905626, -7.129759177382391400, -8.416666666666667851 ) ) ;
#3892 = DIRECTION ( 'NONE',  ( -0.000000000000000000, -0.000000000000000000, -1.000000000000000000 ) ) ;
#3893 = PERSON_AND_ORGANIZATION ( #2940, #5543 ) ;
#3894 = CARTESIAN_POINT ( 'NONE',  ( 2.069462057591964153E-15, 42.50000000000001421, 10.10000000000000142 ) ) ;
#3895 = ADVANCED_FACE ( 'NONE', ( #7861, #2061 ), #3548, .F. ) ;
#3896 = EDGE_LOOP ( 'NONE', ( #4453, #1774 ) ) ;
#3897 = CARTESIAN_POINT ( 'NONE',  ( 0.000000000000000000, 0.000000000000000000, 113.9999999999999858 ) ) ;
#3898 = ORIENTED_EDGE ( 'NONE', *, *, #5162, .F. ) ;
#3899 = CARTESIAN_POINT ( 'NONE',  ( -29.05792083075651533, 24.48804261140644911, 9.946947166249817229 ) ) ;
#3900 = EDGE_LOOP ( 'NONE', ( #8460, #1298, #4509, #6614 ) ) ;
#3901 = DIRECTION ( 'NONE',  ( -3.083952846180989787E-16, -1.000000000000000000, 0.000000000000000000 ) ) ;
#3902 = DIRECTION ( 'NONE',  ( 1.000000000000000000, 0.000000000000000000, 0.000000000000000000 ) ) ;
#3903 = CARTESIAN_POINT ( 'NONE',  ( 17.81559137162097173, 31.91398837190553195, 9.616589629785750049 ) ) ;
#3904 = CALENDAR_DATE ( 2026, 3, 10 ) ;
#3905 = EDGE_CURVE ( 'NONE', #5303, #58, #6116, .T. ) ;
#3906 = DIRECTION ( 'NONE',  ( -0.000000000000000000, 1.000000000000000000, -0.000000000000000000 ) ) ;
#3907 = FACE_OUTER_BOUND ( 'NONE', #5490, .T. ) ;
#3908 = ORIENTED_EDGE ( 'NONE', *, *, #8766, .T. ) ;
#3909 = DIRECTION ( 'NONE',  ( -0.000000000000000000, -0.000000000000000000, -1.000000000000000000 ) ) ;
#3910 = AXIS2_PLACEMENT_3D ( 'NONE', #6852, #366, #6900 ) ;
#3911 = VERTEX_POINT ( 'NONE', #4272 ) ;
#3912 = CARTESIAN_POINT ( 'NONE',  ( -38.89087296526409432, -38.89087296525845971, -281.0000000000000000 ) ) ;
#3913 = DATE_AND_TIME ( #5562, #6586 ) ;
#3914 = CC_DESIGN_APPROVAL ( #6956, ( #7997 ) ) ;
#3915 = COORDINATED_UNIVERSAL_TIME_OFFSET ( 5, 30, .AHEAD. ) ;
#3916 = EDGE_CURVE ( 'NONE', #5816, #1647, #1210, .T. ) ;
#3917 = AXIS2_PLACEMENT_3D ( 'NONE', #7653, #4044, #6121 ) ;
#3918 = EDGE_CURVE ( 'NONE', #226, #2179, #3498, .T. ) ;
#3919 = LINE ( 'NONE', #8822, #585 ) ;
#3920 = LINE ( 'NONE', #2332, #1380 ) ;
#3921 = ORIENTED_EDGE ( 'NONE', *, *, #7313, .T. ) ;
#3922 = DIRECTION ( 'NONE',  ( 0.000000000000000000, 0.000000000000000000, -1.000000000000000000 ) ) ;
#3923 = CARTESIAN_POINT ( 'NONE',  ( -36.18439834249961251, -22.29490734873241564, 13.60861493643323605 ) ) ;
#3924 = ORIENTED_EDGE ( 'NONE', *, *, #1932, .F. ) ;
#3925 = FACE_OUTER_BOUND ( 'NONE', #807, .T. ) ;
#3926 = LOCAL_TIME ( 2, 39, 17.00000000000000000, #7542 ) ;
#3927 = LOCAL_TIME ( 2, 39, 17.00000000000000000, #1001 ) ;
#3928 = PERSON_AND_ORGANIZATION ( #2940, #5543 ) ;
#3929 = CALENDAR_DATE ( 2026, 3, 10 ) ;
#3930 = CARTESIAN_POINT ( 'NONE',  ( 34.36931771216877962, 25.00000000000000000, 0.000000000000000000 ) ) ;
#3931 = CARTESIAN_POINT ( 'NONE',  ( 14.34171172279173057, 40.00836291445119741, 18.04323974723345003 ) ) ;
#3932 = PLANE ( 'NONE',  #2283 ) ;
#3933 = ORIENTED_EDGE ( 'NONE', *, *, #512, .T. ) ;
#3934 = FACE_OUTER_BOUND ( 'NONE', #6582, .T. ) ;
#3935 = CARTESIAN_POINT ( 'NONE',  ( -13.79193453615515530, -35.41385944236917993, 9.208116323389258895 ) ) ;
#3936 = ORIENTED_EDGE ( 'NONE', *, *, #1300, .T. ) ;
#3937 = CARTESIAN_POINT ( 'NONE',  ( -1.459721138882923208, -6.770804553811577975, -10.25000000000000178 ) ) ;
#3938 = CARTESIAN_POINT ( 'NONE',  ( 32.08864635371472218, 20.35920528421720377, 15.20863889184843032 ) ) ;
#3939 = DIRECTION ( 'NONE',  ( 0.9237280213470682178, 0.000000000000000000, -0.3830490080632377725 ) ) ;
#3940 = CARTESIAN_POINT ( 'NONE',  ( -12.70367266828691122, 40.55862494703531951, 15.84067190142746107 ) ) ;
#3941 = ORIENTED_EDGE ( 'NONE', *, *, #4943, .T. ) ;
#3942 = CARTESIAN_POINT ( 'NONE',  ( 5.000000000000163425, -55.00000000000000000, -281.0000000000000000 ) ) ;
#3943 = FACE_OUTER_BOUND ( 'NONE', #5051, .T. ) ;
#3944 = ORIENTED_EDGE ( 'NONE', *, *, #8412, .T. ) ;
#3945 = PLANE ( 'NONE',  #4429 ) ;
#3946 = SHAPE_REPRESENTATION ( 'connecting rod cap', ( #8931 ), #4674 ) ;
#3947 = ORIENTED_EDGE ( 'NONE', *, *, #7457, .F. ) ;
#3948 = CARTESIAN_POINT ( 'NONE',  ( -17.77767275868941610, 32.63751860826179296, 9.178313628673297586 ) ) ;
#3949 = DIRECTION ( 'NONE',  ( 0.000000000000000000, 0.000000000000000000, 1.000000000000000000 ) ) ;
#3950 = FACE_OUTER_BOUND ( 'NONE', #6640, .T. ) ;
#3951 = EDGE_CURVE ( 'NONE', #2467, #8063, #8257, .T. ) ;
#3952 = LINE ( 'NONE', #3320, #7407 ) ;
#3953 = DIRECTION ( 'NONE',  ( 0.000000000000000000, 0.000000000000000000, -1.000000000000000000 ) ) ;
#3954 = ORIENTED_EDGE ( 'NONE', *, *, #4165, .T. ) ;
#3955 = LINE ( 'NONE', #43, #7783 ) ;
#3956 = VERTEX_POINT ( 'NONE', #7167 ) ;
#3957 = DIRECTION ( 'NONE',  ( -1.000000000000000000, 0.000000000000000000, 0.000000000000000000 ) ) ;
#3958 = APPROVAL_STATUS ( 'not_yet_approved' ) ;
#3959 = EDGE_CURVE ( 'NONE', #8809, #1467, #7787, .T. ) ;
#3960 = ITEM_DEFINED_TRANSFORMATION ( 'NONE', 'NONE', #2639,  #8931 ) ;
#3961 = CARTESIAN_POINT ( 'NONE',  ( 21.01389558211698727, 31.66276227017324985, 35.07450374013195216 ) ) ;
#3962 = CARTESIAN_POINT ( 'NONE',  ( -7.999999999999965361, 145.5999999999999943, -9.000000000000000000 ) ) ;
#3963 = ORIENTED_EDGE ( 'NONE', *, *, #4105, .F. ) ;
#3964 = DIRECTION ( 'NONE',  ( -1.000000000000000000, 0.000000000000000000, -0.000000000000000000 ) ) ;
#3965 = EDGE_CURVE ( 'NONE', #4782, #4734, #2736, .T. ) ;
#3966 = EDGE_CURVE ( 'NONE', #1644, #1897, #451, .T. ) ;
#3967 = ORIENTED_EDGE ( 'NONE', *, *, #4415, .T. ) ;
#3968 = LINE ( 'NONE', #3112, #44 ) ;
#3969 = DATE_TIME_ROLE ( 'creation_date' ) ;
#3970 = DATE_AND_TIME ( #1022, #4370 ) ;
#3971 = DIRECTION ( 'NONE',  ( -0.000000000000000000, 1.000000000000000000, -0.000000000000000000 ) ) ;
#3972 =( REPRESENTATION_RELATIONSHIP ('NONE','NONE', #1222, #2652 ) REPRESENTATION_RELATIONSHIP_WITH_TRANSFORMATION ( #1008 )SHAPE_REPRESENTATION_RELATIONSHIP( ) );
#3973 = CARTESIAN_POINT ( 'NONE',  ( 16.87242693863596799, 39.00736999831325846, 25.88271547928379235 ) ) ;
#3974 = FACE_OUTER_BOUND ( 'NONE', #4636, .T. ) ;
#3975 = VERTEX_POINT ( 'NONE', #7082 ) ;
#3976 = DIRECTION ( 'NONE',  ( 1.000000000000000000, 0.000000000000000000, -0.000000000000000000 ) ) ;
#3977 = DIRECTION ( 'NONE',  ( -0.000000000000000000, -0.000000000000000000, -1.000000000000000000 ) ) ;
#3978 = CIRCLE ( 'NONE', #8677, 39.50000000000000000 ) ;
#3979 = EDGE_LOOP ( 'NONE', ( #667, #2063, #7746, #6007 ) ) ;
#3980 = CARTESIAN_POINT ( 'NONE',  ( 32.31098884280702777, 20.00000000000000355, 15.41602615938555942 ) ) ;
#3981 = CARTESIAN_POINT ( 'NONE',  ( 17.78454384891923112, 32.50641039639285879, -9.233733238778446761 ) ) ;
#3982 = CARTESIAN_POINT ( 'NONE',  ( 765.0258192322586410, -194.3102276301385984, 6.821963233796451753 ) ) ;
#3983 = CARTESIAN_POINT ( 'NONE',  ( 27.00000000000000000, -44.00000000000000000, 129.0000000000000000 ) ) ;
#3984 = VERTEX_POINT ( 'NONE', #8565 ) ;
#3985 = AXIS2_PLACEMENT_3D ( 'NONE', #7547, #6060, #6099 ) ;
#3986 = CARTESIAN_POINT ( 'NONE',  ( -3.072503578181957353E-13, 44.00000000000000000, 15.00000000000000000 ) ) ;
#3987 = CIRCLE ( 'NONE', #9007, 27.00000000000000000 ) ;
#3988 = CC_DESIGN_PERSON_AND_ORGANIZATION_ASSIGNMENT ( #2174, #1434, ( #2623 ) ) ;
#3989 = CARTESIAN_POINT ( 'NONE',  ( -36.00413538425122795, 22.58429440332212224, 13.28724465263634791 ) ) ;
#3990 = ORIENTED_EDGE ( 'NONE', *, *, #3356, .F. ) ;
#3991 = DIRECTION ( 'NONE',  ( 0.000000000000000000, 0.000000000000000000, 1.000000000000000000 ) ) ;
#3992 = VERTEX_POINT ( 'NONE', #4937 ) ;
#3993 = DIRECTION ( 'NONE',  ( 1.000000000000000000, 0.000000000000000000, 0.000000000000000000 ) ) ;
#3994 = CARTESIAN_POINT ( 'NONE',  ( 10.52112147095411387, 171.6244840424505469, -8.999999999999998224 ) ) ;
#3995 = VECTOR ( 'NONE', #6522, 1000.000000000000000 ) ;
#3996 = VECTOR ( 'NONE', #1795, 1000.000000000000000 ) ;
#3997 = VECTOR ( 'NONE', #418, 1000.000000000000000 ) ;
#3998 = VECTOR ( 'NONE', #9094, 1000.000000000000000 ) ;
#3999 = PRODUCT_DEFINITION ( 'UNKNOWN', '', #1540, #1709 ) ;
#4000 = CARTESIAN_POINT ( 'NONE',  ( 40.72072968639102442, 12.29294604986613137, 18.87952548329170455 ) ) ;
#4001 = EDGE_CURVE ( 'NONE', #58, #5303, #9029, .T. ) ;
#4002 = AXIS2_PLACEMENT_3D ( 'NONE', #6954, #1233, #9060 ) ;
#4003 = CARTESIAN_POINT ( 'NONE',  ( -27.00000000000000000, -44.00000000000000000, 129.0000000000000000 ) ) ;
#4004 = ORIENTED_EDGE ( 'NONE', *, *, #3658, .F. ) ;
#4005 = LINE ( 'NONE', #6995, #6410 ) ;
#4006 = VECTOR ( 'NONE', #1566, 1000.000000000000000 ) ;
#4007 = CARTESIAN_POINT ( 'NONE',  ( -0.8040296561951313370, -1.841598818460771669, -10.22643602542719066 ) ) ;
#4008 = DATE_TIME_ROLE ( 'classification_date' ) ;
#4009 = AXIS2_PLACEMENT_3D ( 'NONE', #4586, #6867, #2619 ) ;
#4010 = AXIS2_PLACEMENT_3D ( 'NONE', #4089, #7659, #6171 ) ;
#4011 = CARTESIAN_POINT ( 'NONE',  ( 21.89186929568623441, 31.06056854284286572, 21.79070952288259022 ) ) ;
#4012 = EDGE_CURVE ( 'NONE', #4848, #1712, #756, .T. ) ;
#4013 = CARTESIAN_POINT ( 'NONE',  ( 22.46095728568397476, -30.65149856937851069, 28.52541088338491804 ) ) ;
#4014 = ORIENTED_EDGE ( 'NONE', *, *, #7558, .F. ) ;
#4015 = FACE_BOUND ( 'NONE', #2045, .T. ) ;
#4016 = LOCAL_TIME ( 2, 39, 17.00000000000000000, #3113 ) ;
#4017 = VECTOR ( 'NONE', #7391, 1000.000000000000000 ) ;
#4018 = CARTESIAN_POINT ( 'NONE',  ( -42.50000000000000711, 7.806255641895631925E-15, -19.22498999199198977 ) ) ;
#4019 = DATE_AND_TIME ( #1701, #8719 ) ;
#4020 = CARTESIAN_POINT ( 'NONE',  ( -8.968605509298088307, -41.54553331720650533, 12.66564114533782970 ) ) ;
#4021 = SECURITY_CLASSIFICATION ( '', '', #7617 ) ;
#4022 = EDGE_CURVE ( 'NONE', #2026, #6668, #1276, .T. ) ;
#4023 = CARTESIAN_POINT ( 'NONE',  ( 15.14764496993426413, 39.70990760856270896, 19.48575811368481681 ) ) ;
#4024 = AXIS2_PLACEMENT_3D ( 'NONE', #8172, #1509, #8844 ) ;
#4025 = CARTESIAN_POINT ( 'NONE',  ( 38.89087296525612203, -38.89087296526177084, -281.0000000000000000 ) ) ;
#4026 = CLOSED_SHELL ( 'NONE', ( #2625, #2562, #2844, #3656, #2880, #2387, #6144, #1410, #2705, #6202, #1874, #4539, #4932, #3302, #3137, #4551, #5665, #956, #4944, #3484, #7875, #3698, #5967, #241, #6996, #7447, #1038, #2872, #3895, #5577, #5932, #2598, #7685, #5508, #7097, #7408, #2515, #3433, #3177, #5474, #6632, #5048, #4189, #8566, #8322, #6045, #8388, #4085, #198, #7438, #940, #8511, #1102, #7529, #1473 ) ) ;
#4027 = DIRECTION ( 'NONE',  ( 0.7071067811865474617, 0.000000000000000000, 0.7071067811865474617 ) ) ;
#4028 = CARTESIAN_POINT ( 'NONE',  ( -22.30801614051963355, -30.76298614225501638, 23.97200036983186777 ) ) ;
#4029 = ORIENTED_EDGE ( 'NONE', *, *, #7456, .F. ) ;
#4030 = CARTESIAN_POINT ( 'NONE',  ( 63.46176972075341638, 48.70938086149381974, -213.0000000000000000 ) ) ;
#4031 = CARTESIAN_POINT ( 'NONE',  ( 28.61817604250835245, 25.00000000000000000, 6.755772121541166797 ) ) ;
#4032 = CARTESIAN_POINT ( 'NONE',  ( 765.0258192322580726, -194.3102276301373479, -107.1780367662017142 ) ) ;
#4033 = VECTOR ( 'NONE', #9076, 1000.000000000000000 ) ;
#4034 = DIRECTION ( 'NONE',  ( 1.000000000000000000, 0.000000000000000000, 0.000000000000000000 ) ) ;
#4035 = ADVANCED_FACE ( 'NONE', ( #5027 ), #3378, .F. ) ;
#4036 = CARTESIAN_POINT ( 'NONE',  ( 0.000000000000000000, -22.00000000000000355, 27.00000000000000000 ) ) ;
#4037 = DIRECTION ( 'NONE',  ( -0.000000000000000000, -0.000000000000000000, -1.000000000000000000 ) ) ;
#4038 = ADVANCED_FACE ( 'NONE', ( #1321, #5775 ), #8698, .T. ) ;
#4039 = LINE ( 'NONE', #6941, #5533 ) ;
#4040 = VERTEX_POINT ( 'NONE', #1369 ) ;
#4041 = DIRECTION ( 'NONE',  ( -0.8161200235441083972, 0.5778824336924976990, 0.000000000000000000 ) ) ;
#4042 = ORIENTED_EDGE ( 'NONE', *, *, #5797, .F. ) ;
#4043 = DIRECTION ( 'NONE',  ( -0.000000000000000000, -0.000000000000000000, 1.000000000000000000 ) ) ;
#4044 = DIRECTION ( 'NONE',  ( -0.000000000000000000, -0.000000000000000000, -1.000000000000000000 ) ) ;
#4045 = CARTESIAN_POINT ( 'NONE',  ( -5.999999999999965361, 145.5999999999999943, 4.999999999999999112 ) ) ;
#4046 = CYLINDRICAL_SURFACE ( 'NONE', #972, 27.00000000000000000 ) ;
#4047 = DIRECTION ( 'NONE',  ( -0.000000000000000000, 1.000000000000000000, -0.000000000000000000 ) ) ;
#4048 = DIRECTION ( 'NONE',  ( 0.000000000000000000, 0.000000000000000000, 1.000000000000000000 ) ) ;
#4049 = CARTESIAN_POINT ( 'NONE',  ( -5.999999999999992895, 55.59999999999998010, -6.999999999999999112 ) ) ;
#4050 = FACE_OUTER_BOUND ( 'NONE', #1028, .T. ) ;
#4051 = CC_DESIGN_PERSON_AND_ORGANIZATION_ASSIGNMENT ( #3183, #7570, ( #6040 ) ) ;
#4052 = EDGE_CURVE ( 'NONE', #5484, #6404, #1827, .T. ) ;
#4053 = PERSON_AND_ORGANIZATION ( #8194, #1596 ) ;
#4054 = CARTESIAN_POINT ( 'NONE',  ( 11.38489657560260682, -36.26060085366246710, 7.579214374519414044 ) ) ;
#4055 = ORIENTED_EDGE ( 'NONE', *, *, #7219, .T. ) ;
#4056 = DIRECTION ( 'NONE',  ( 1.000000000000000000, 0.000000000000000000, 0.000000000000000000 ) ) ;
#4057 = CC_DESIGN_APPROVAL ( #863, ( #2681 ) ) ;
#4058 = CARTESIAN_POINT ( 'NONE',  ( -27.00000000000030909, 43.99999999999980105, 61.00000000000000000 ) ) ;
#4059 = EDGE_CURVE ( 'NONE', #158, #5001, #8855, .T. ) ;
#4060 = PERSON_AND_ORGANIZATION ( #2940, #5543 ) ;
#4061 = CIRCLE ( 'NONE', #1277, 5.000000000003473666 ) ;
#4062 = DIRECTION ( 'NONE',  ( 1.000000000000000000, -0.000000000000000000, -0.000000000000000000 ) ) ;
#4063 = CARTESIAN_POINT ( 'NONE',  ( -28.61817604250839153, -24.99999999999997868, 85.00000000000001421 ) ) ;
#4064 = CARTESIAN_POINT ( 'NONE',  ( 16.79123641073740103, 39.04307378987800092, 29.21875138744639244 ) ) ;
#4065 = CIRCLE ( 'NONE', #5283, 36.00000000000000000 ) ;
#4066 = SECURITY_CLASSIFICATION ( '', '', #3247 ) ;
#4067 = LOCAL_TIME ( 2, 39, 17.00000000000000000, #4278 ) ;
#4068 = CARTESIAN_POINT ( 'NONE',  ( -55.00000000000233058, 2.334687691915365203E-12, -281.0000000000000000 ) ) ;
#4069 = ORIENTED_EDGE ( 'NONE', *, *, #3371, .F. ) ;
#4070 = CARTESIAN_POINT ( 'NONE',  ( -37.87033828749788711, -3.626361130935536803, 20.65176774809820515 ) ) ;
#4071 = CARTESIAN_POINT ( 'NONE',  ( 42.50000000000000711, 5.204748896376250896E-15, 59.39999999999999147 ) ) ;
#4072 = EDGE_CURVE ( 'NONE', #3753, #5114, #7483, .T. ) ;
#4073 = DIRECTION ( 'NONE',  ( -1.110223024625156540E-16, -1.000000000000000000, -2.705679627742444356E-16 ) ) ;
#4074 = CONTEXT_DEPENDENT_SHAPE_REPRESENTATION ( #5115, #4418 ) ;
#4075 = CARTESIAN_POINT ( 'NONE',  ( 0.000000000000000000, 0.000000000000000000, 19.00000000000000000 ) ) ;
#4076 = LOCAL_TIME ( 2, 39, 17.00000000000000000, #4255 ) ;
#4077 = DIRECTION ( 'NONE',  ( 0.000000000000000000, 0.000000000000000000, 1.000000000000000000 ) ) ;
#4078 = LINE ( 'NONE', #3401, #4598 ) ;
#4079 = LINE ( 'NONE', #267, #9184 ) ;
#4080 = PERSON ( 'NAUO-PER30', 'UNSPECIFIED', 'UNSPECIFIED', ('UNSPECIFIED'), ('UNSPECIFIED'), ('UNSPECIFIED') ) ;
#4081 = VERTEX_POINT ( 'NONE', #8849 ) ;
#4082 = LINE ( 'NONE', #4659, #5350 ) ;
#4083 = VERTEX_POINT ( 'NONE', #5931 ) ;
#4084 = CARTESIAN_POINT ( 'NONE',  ( -72.72186423447413972, -1.841598818460935760, 10.22643602542694552 ) ) ;
#4085 = ADVANCED_FACE ( 'NONE', ( #3699 ), #8076, .T. ) ;
#4086 = SHAPE_REPRESENTATION_RELATIONSHIP ( 'NONE' , 'NONE' ,  #3946, #8514 ) ;
#4087 = EDGE_CURVE ( 'NONE', #7393, #9373, #7311, .T. ) ;
#4088 = CARTESIAN_POINT ( 'NONE',  ( 37.50000000000000711, 20.00000000000000000, 15.41602615938556120 ) ) ;
#4089 = CARTESIAN_POINT ( 'NONE',  ( 0.000000000000000000, 0.000000000000000000, 76.00000000000000000 ) ) ;
#4090 = EDGE_LOOP ( 'NONE', ( #183, #4412 ) ) ;
#4091 = CARTESIAN_POINT ( 'NONE',  ( 38.00000000000000000, 4.653714061204156433E-15, 20.77501000800801378 ) ) ;
#4092 = DIRECTION ( 'NONE',  ( 0.2840153447039269752, -0.9588197348681917198, 0.000000000000000000 ) ) ;
#4093 = CARTESIAN_POINT ( 'NONE',  ( 0.000000000000000000, 0.000000000000000000, -7.500000000000000000 ) ) ;
#4094 = DIRECTION ( 'NONE',  ( 0.000000000000000000, 0.000000000000000000, -1.000000000000000000 ) ) ;
#4095 = CALENDAR_DATE ( 2026, 3, 10 ) ;
#4096 = DIRECTION ( 'NONE',  ( 0.000000000000000000, 0.000000000000000000, 1.000000000000000000 ) ) ;
#4097 = APPROVAL ( #1070, 'UNKNOWN' ) ;
#4098 = EDGE_CURVE ( 'NONE', #8538, #1475, #8804, .T. ) ;
#4099 = CARTESIAN_POINT ( 'NONE',  ( 16.92589880475314601, -34.02617367954461969, 41.84206635683238318 ) ) ;
#4100 = VERTEX_POINT ( 'NONE', #2984 ) ;
#4101 = DIRECTION ( 'NONE',  ( 0.000000000000000000, 0.000000000000000000, 1.000000000000000000 ) ) ;
#4102 = LINE ( 'NONE', #4058, #4206 ) ;
#4103 = COORDINATED_UNIVERSAL_TIME_OFFSET ( 5, 30, .AHEAD. ) ;
#4104 = CARTESIAN_POINT ( 'NONE',  ( -1.112072337217614226, -42.48910342405105212, 10.12734504543441183 ) ) ;
#4105 = EDGE_CURVE ( 'NONE', #6845, #9394, #435, .T. ) ;
#4106 = VERTEX_POINT ( 'NONE', #5882 ) ;
#4107 = DIRECTION ( 'NONE',  ( 0.000000000000000000, 0.000000000000000000, 1.000000000000000000 ) ) ;
#4108 = CARTESIAN_POINT ( 'NONE',  ( 39.50000000000000000, 0.000000000000000000, 78.29999999999999716 ) ) ;
#4109 = ORIENTED_EDGE ( 'NONE', *, *, #1198, .T. ) ;
#4110 = CARTESIAN_POINT ( 'NONE',  ( -35.36929427126675307, -13.99876529731967345, 18.28407628080324798 ) ) ;
#4111 = CARTESIAN_POINT ( 'NONE',  ( 31.86681925807072346, 20.70420291268114354, 14.97980075783326726 ) ) ;
#4112 = PERSON_AND_ORGANIZATION_ROLE ( 'creator' ) ;
#4113 = ITEM_DEFINED_TRANSFORMATION ( 'NONE', 'NONE', #1549,  #8931 ) ;
#4114 = FACE_OUTER_BOUND ( 'NONE', #533, .T. ) ;
#4115 = FACE_OUTER_BOUND ( 'NONE', #3419, .T. ) ;
#4116 = EDGE_CURVE ( 'NONE', #1838, #5363, #5951, .T. ) ;
#4117 = DIRECTION ( 'NONE',  ( 0.000000000000000000, 1.000000000000000000, 0.000000000000000000 ) ) ;
#4118 = VERTEX_POINT ( 'NONE', #1520 ) ;
#4119 = VERTEX_POINT ( 'NONE', #5376 ) ;
#4120 = CARTESIAN_POINT ( 'NONE',  ( 28.76172182906353214, -24.83487261297700854, 8.624595239981919903 ) ) ;
#4121 = ORIENTED_EDGE ( 'NONE', *, *, #5314, .T. ) ;
#4122 = CARTESIAN_POINT ( 'NONE',  ( -5.999999999999965361, 145.5999999999999943, -4.999999999999999112 ) ) ;
#4123 = LINE ( 'NONE', #5430, #7323 ) ;
#4124 = VECTOR ( 'NONE', #5722, 1000.000000000000000 ) ;
#4125 = EDGE_CURVE ( 'NONE', #6668, #2439, #5175, .T. ) ;
#4126 = EDGE_CURVE ( 'NONE', #6302, #3591, #1622, .T. ) ;
#4127 = DIRECTION ( 'NONE',  ( -0.000000000000000000, -0.000000000000000000, 1.000000000000000000 ) ) ;
#4128 = ORIENTED_EDGE ( 'NONE', *, *, #6155, .F. ) ;
#4129 = LINE ( 'NONE', #6306, #5214 ) ;
#4130 = AXIS2_PLACEMENT_3D ( 'NONE', #3769, #8764, #6713 ) ;
#4131 = CARTESIAN_POINT ( 'NONE',  ( 34.46309434771100655, 24.87238447560082832, 8.587941529939115526 ) ) ;
#4132 = CIRCLE ( 'NONE', #8240, 36.00000000000000000 ) ;
#4133 = CIRCLE ( 'NONE', #6096, 72.00000000000000000 ) ;
#4134 = DIRECTION ( 'NONE',  ( 0.000000000000000000, 0.000000000000000000, 1.000000000000000000 ) ) ;
#4135 = CARTESIAN_POINT ( 'NONE',  ( -35.07508121066764062, -24.00071350851548502, 11.13553223319894769 ) ) ;
#4136 = ORIENTED_EDGE ( 'NONE', *, *, #7774, .T. ) ;
#4137 = VECTOR ( 'NONE', #7567, 1000.000000000000000 ) ;
#4138 = CONTEXT_DEPENDENT_SHAPE_REPRESENTATION ( #2177, #1488 ) ;
#4139 = AXIS2_PLACEMENT_3D ( 'NONE', #3100, #5995, #4575 ) ;
#4140 = AXIS2_PLACEMENT_3D ( 'NONE', #170, #6639, #2915 ) ;
#4141 = CARTESIAN_POINT ( 'NONE',  ( 13.76545215998593896, 35.42422069129914064, 9.187473961239362552 ) ) ;
#4142 = ADVANCED_FACE ( 'NONE', ( #5226, #1576 ), #7420, .F. ) ;
#4143 = CIRCLE ( 'NONE', #7178, 5.000000000000007105 ) ;
#4144 = CARTESIAN_POINT ( 'NONE',  ( -35.30553202143224922, 0.000000000000000000, 0.000000000000000000 ) ) ;
#4145 = EDGE_LOOP ( 'NONE', ( #4588, #2988, #3299, #8633 ) ) ;
#4146 = DIRECTION ( 'NONE',  ( -0.2840153447039203138, -0.9588197348681938292, -0.000000000000000000 ) ) ;
#4147 = AXIS2_PLACEMENT_3D ( 'NONE', #2929, #8025, #6401 ) ;
#4148 = CIRCLE ( 'NONE', #7176, 5.000000000000268230 ) ;
#4149 = DIRECTION ( 'NONE',  ( -0.000000000000000000, -0.000000000000000000, -1.000000000000000000 ) ) ;
#4150 = PRODUCT_DEFINITION_SHAPE ( 'NONE', 'NONE',  #2272 ) ;
#4151 = APPROVAL_DATE_TIME ( #567, #4690 ) ;
#4152 = AXIS2_PLACEMENT_3D ( 'NONE', #4573, #42, #5894 ) ;
#4153 = CARTESIAN_POINT ( 'NONE',  ( 0.000000000000000000, 0.000000000000000000, 0.000000000000000000 ) ) ;
#4154 = CARTESIAN_POINT ( 'NONE',  ( -42.50000000000000711, 25.00000000000000000, 0.000000000000000000 ) ) ;
#4155 = VECTOR ( 'NONE', #8484, 1000.000000000000000 ) ;
#4156 = APPROVAL_PERSON_ORGANIZATION ( #1151, #5548, #3472 ) ;
#4157 = ORIENTED_EDGE ( 'NONE', *, *, #1542, .T. ) ;
#4158 = CARTESIAN_POINT ( 'NONE',  ( 0.000000000000000000, 0.000000000000000000, 20.00000000000000000 ) ) ;
#4159 = ORIENTED_EDGE ( 'NONE', *, *, #6691, .T. ) ;
#4160 = CARTESIAN_POINT ( 'NONE',  ( 42.50000000000000711, -0.9022679851475773338, 20.77501000800801734 ) ) ;
#4161 = DIRECTION ( 'NONE',  ( 0.000000000000000000, 0.000000000000000000, -1.000000000000000000 ) ) ;
#4162 = DATE_AND_TIME ( #7766, #1370 ) ;
#4163 = CC_DESIGN_PERSON_AND_ORGANIZATION_ASSIGNMENT ( #5297, #8295, ( #4203 ) ) ;
#4164 = APPROVAL_DATE_TIME ( #1209, #1148 ) ;
#4165 = EDGE_CURVE ( 'NONE', #5756, #3696, #9153, .T. ) ;
#4166 = AXIS2_PLACEMENT_3D ( 'NONE', #2548, #222, #3209 ) ;
#4167 = AXIS2_PLACEMENT_3D ( 'NONE', #4169, #5813, #7964 ) ;
#4168 = FACE_OUTER_BOUND ( 'NONE', #9285, .T. ) ;
#4169 = CARTESIAN_POINT ( 'NONE',  ( -1.030432304228876673E-14, 55.59999999999998010, 9.000000000000000000 ) ) ;
#4170 = DIRECTION ( 'NONE',  ( 0.9588197348681938292, -0.2840153447039202583, 0.000000000000000000 ) ) ;
#4171 = CARTESIAN_POINT ( 'NONE',  ( 1.785830365129840835, 0.2777589635784701860, -7.479888939725204189 ) ) ;
#4172 = ORIENTED_EDGE ( 'NONE', *, *, #6672, .F. ) ;
#4173 = VERTEX_POINT ( 'NONE', #5984 ) ;
#4174 = DIRECTION ( 'NONE',  ( -0.000000000000000000, -0.000000000000000000, -1.000000000000000000 ) ) ;
#4175 = CIRCLE ( 'NONE', #11, 79.99999999999998579 ) ;
#4176 = ORIENTED_EDGE ( 'NONE', *, *, #5103, .F. ) ;
#4177 = FACE_OUTER_BOUND ( 'NONE', #8180, .T. ) ;
#4178 =( NAMED_UNIT ( * ) SI_UNIT ( $, .STERADIAN. ) SOLID_ANGLE_UNIT ( ) );
#4179 = EDGE_CURVE ( 'NONE', #5818, #1733, #4133, .T. ) ;
#4180 = CARTESIAN_POINT ( 'NONE',  ( 41.37369663398469299, 9.758499578996092438, 19.57629016104544917 ) ) ;
#4181 = CARTESIAN_POINT ( 'NONE',  ( -0.9373798702658856508, -3.261852844530610529, 10.23457294677906404 ) ) ;
#4182 = EDGE_LOOP ( 'NONE', ( #4569, #5606, #5025, #3231 ) ) ;
#4183 = DIRECTION ( 'NONE',  ( 0.000000000000000000, 0.000000000000000000, -1.000000000000000000 ) ) ;
#4184 = DIRECTION ( 'NONE',  ( 0.000000000000000000, 0.000000000000000000, 1.000000000000000000 ) ) ;
#4185 = ORIENTED_EDGE ( 'NONE', *, *, #7504, .F. ) ;
#4186 = CYLINDRICAL_SURFACE ( 'NONE', #3224, 39.50000000000000000 ) ;
#4187 = CARTESIAN_POINT ( 'NONE',  ( -34.68085474984254546, -24.56611411406793266, 9.678230334258225653 ) ) ;
#4188 = ORIENTED_EDGE ( 'NONE', *, *, #7669, .T. ) ;
#4189 = ADVANCED_FACE ( 'NONE', ( #8181 ), #1626, .T. ) ;
#4190 = CALENDAR_DATE ( 2026, 3, 10 ) ;
#4191 = DIRECTION ( 'NONE',  ( 1.000000000000000000, 0.000000000000000000, 0.000000000000000000 ) ) ;
#4192 = DIRECTION ( 'NONE',  ( 0.000000000000000000, 0.000000000000000000, -1.000000000000000000 ) ) ;
#4193 = CARTESIAN_POINT ( 'NONE',  ( 10.09248388807089825, -36.64138493624501791, 47.12280048103148289 ) ) ;
#4194 = EDGE_LOOP ( 'NONE', ( #5960, #5830 ) ) ;
#4195 = DIRECTION ( 'NONE',  ( 0.000000000000000000, 0.000000000000000000, 1.000000000000000000 ) ) ;
#4196 = DIRECTION ( 'NONE',  ( 1.000000000000000000, 6.982962677686266711E-15, 0.000000000000000000 ) ) ;
#4197 = ADVANCED_FACE ( 'NONE', ( #2689, #8459 ), #3945, .F. ) ;
#4198 = DATE_AND_TIME ( #7006, #4307 ) ;
#4199 = ADVANCED_FACE ( 'NONE', ( #6895 ), #8276, .F. ) ;
#4200 = AXIS2_PLACEMENT_3D ( 'NONE', #4018, #5256, #5347 ) ;
#4201 = CARTESIAN_POINT ( 'NONE',  ( -72.76294694533463314, 0.2777589635784699640, 17.50000000000000000 ) ) ;
#4202 = LINE ( 'NONE', #2031, #5085 ) ;
#4203 = SECURITY_CLASSIFICATION ( '', '', #1055 ) ;
#4204 = ORIENTED_EDGE ( 'NONE', *, *, #6750, .T. ) ;
#4205 = CARTESIAN_POINT ( 'NONE',  ( -1.898670299611930679, -37.95438853093562415, 49.42290235096125173 ) ) ;
#4206 = VECTOR ( 'NONE', #7809, 1000.000000000000000 ) ;
#4207 = ORIENTED_EDGE ( 'NONE', *, *, #5425, .T. ) ;
#4208 = CYLINDRICAL_SURFACE ( 'NONE', #2386, 2.000000000000000000 ) ;
#4209 = DIRECTION ( 'NONE',  ( 0.000000000000000000, 0.000000000000000000, 1.000000000000000000 ) ) ;
#4210 = APPROVAL_DATE_TIME ( #7147, #1377 ) ;
#4211 = CALENDAR_DATE ( 2026, 3, 10 ) ;
#4212 = CC_DESIGN_SECURITY_CLASSIFICATION ( #8325, ( #9464 ) ) ;
#4213 = LINE ( 'NONE', #1449, #2892 ) ;
#4214 = CARTESIAN_POINT ( 'NONE',  ( 43.89087296526123083, 38.89087296525845971, -281.0000000000000000 ) ) ;
#4215 = CARTESIAN_POINT ( 'NONE',  ( -63.46176972075306821, -48.70938086149426027, -53.00000000000000000 ) ) ;
#4216 = VECTOR ( 'NONE', #8893, 1000.000000000000000 ) ;
#4217 = AXIS2_PLACEMENT_3D ( 'NONE', #3058, #5151, #8049 ) ;
#4218 = DIRECTION ( 'NONE',  ( 0.000000000000000000, 0.000000000000000000, 1.000000000000000000 ) ) ;
#4219 = APPROVAL ( #1641, 'UNKNOWN' ) ;
#4220 = EDGE_LOOP ( 'NONE', ( #4473, #2335, #2260, #1589 ) ) ;
#4221 = CARTESIAN_POINT ( 'NONE',  ( 2.756049452903653801E-15, 38.00000000000000000, 4.499999999999998224 ) ) ;
#4222 = ORIENTED_EDGE ( 'NONE', *, *, #6087, .F. ) ;
#4223 = DIRECTION ( 'NONE',  ( -0.000000000000000000, -0.000000000000000000, -1.000000000000000000 ) ) ;
#4224 =( NAMED_UNIT ( * ) PLANE_ANGLE_UNIT ( ) SI_UNIT ( $, .RADIAN. ) );
#4225 = SECURITY_CLASSIFICATION ( '', '', #1609 ) ;
#4226 = APPROVAL_PERSON_ORGANIZATION ( #2090, #1148, #3439 ) ;
#4227 = FACE_BOUND ( 'NONE', #7296, .T. ) ;
#4228 = ORIENTED_EDGE ( 'NONE', *, *, #7430, .T. ) ;
#4229 = DIRECTION ( 'NONE',  ( 0.000000000000000000, 0.000000000000000000, 1.000000000000000000 ) ) ;
#4230 = EDGE_CURVE ( 'NONE', #9423, #2740, #3217, .T. ) ;
#4231 = CARTESIAN_POINT ( 'NONE',  ( -7.999999999999965361, 145.5999999999999943, -6.999999999999999112 ) ) ;
#4232 = ORIENTED_EDGE ( 'NONE', *, *, #9075, .F. ) ;
#4233 = DIRECTION ( 'NONE',  ( 0.2840153447039269752, -0.9588197348681917198, 0.000000000000000000 ) ) ;
#4234 = DIRECTION ( 'NONE',  ( 0.000000000000000000, -0.000000000000000000, -1.000000000000000000 ) ) ;
#4235 = EDGE_LOOP ( 'NONE', ( #8589, #1938, #7434, #7562 ) ) ;
#4236 = CALENDAR_DATE ( 2026, 3, 10 ) ;
#4237 = CARTESIAN_POINT ( 'NONE',  ( 8.410801624484186334, 37.05916267738165004, 6.127870403484362960 ) ) ;
#4238 = CARTESIAN_POINT ( 'NONE',  ( 0.000000000000000000, 0.000000000000000000, 82.59999999999999432 ) ) ;
#4239 = EDGE_CURVE ( 'NONE', #7698, #4119, #2901, .T. ) ;
#4240 = CARTESIAN_POINT ( 'NONE',  ( 39.50000000000000711, 4.837354856632045452E-15, 4.299999999999999822 ) ) ;
#4241 = ORIENTED_EDGE ( 'NONE', *, *, #7406, .T. ) ;
#4242 = DIRECTION ( 'NONE',  ( 0.000000000000000000, 0.000000000000000000, 1.000000000000000000 ) ) ;
#4243 = PERSON_AND_ORGANIZATION_ROLE ( 'design_supplier' ) ;
#4244 = CARTESIAN_POINT ( 'NONE',  ( 0.000000000000000000, 0.000000000000000000, 20.00000000000000000 ) ) ;
#4245 = CARTESIAN_POINT ( 'NONE',  ( 3.876777007059578395, 42.32631733100303251, 43.45865266767851409 ) ) ;
#4246 = CARTESIAN_POINT ( 'NONE',  ( 16.89999999999999858, 201.1999999999999886, -19.00000000000000000 ) ) ;
#4247 = EDGE_CURVE ( 'NONE', #3218, #2644, #1051, .T. ) ;
#4248 = EDGE_CURVE ( 'NONE', #7837, #1838, #4082, .T. ) ;
#4249 = VERTEX_POINT ( 'NONE', #9221 ) ;
#4250 = FACE_OUTER_BOUND ( 'NONE', #1853, .T. ) ;
#4251 = ORIENTED_EDGE ( 'NONE', *, *, #2008, .T. ) ;
#4252 = CARTESIAN_POINT ( 'NONE',  ( 22.49999999999999645, 201.1999999999999886, -19.00000000000000000 ) ) ;
#4253 = CARTESIAN_POINT ( 'NONE',  ( -1.034846896998470323, -4.308965960140183071, 10.24054170931722396 ) ) ;
#4254 = CALENDAR_DATE ( 2026, 3, 10 ) ;
#4255 = COORDINATED_UNIVERSAL_TIME_OFFSET ( 5, 30, .AHEAD. ) ;
#4256 = DIRECTION ( 'NONE',  ( -1.000000000000000000, 0.000000000000000000, 0.000000000000000000 ) ) ;
#4257 = DIRECTION ( 'NONE',  ( 0.9588197348681938292, 0.2840153447039202583, 0.000000000000000000 ) ) ;
#4258 = CARTESIAN_POINT ( 'NONE',  ( 35.99999999999999289, -44.00000000000000000, 129.0000000000000000 ) ) ;
#4259 = VERTEX_POINT ( 'NONE', #269 ) ;
#4260 = EDGE_LOOP ( 'NONE', ( #5031, #920 ) ) ;
#4261 = CARTESIAN_POINT ( 'NONE',  ( -0.9354560665438207412, -3.242323783272942350, -10.23445650779473048 ) ) ;
#4262 = ORIENTED_EDGE ( 'NONE', *, *, #1904, .T. ) ;
#4263 = DIRECTION ( 'NONE',  ( 1.000000000000000000, 1.776356839400250465E-15, 0.000000000000000000 ) ) ;
#4264 = CARTESIAN_POINT ( 'NONE',  ( -0.000000000000000000, 0.2777589635784699640, -17.50000000000000000 ) ) ;
#4265 = DIRECTION ( 'NONE',  ( 1.000000000000000000, 0.000000000000000000, 0.000000000000000000 ) ) ;
#4266 = CC_DESIGN_PERSON_AND_ORGANIZATION_ASSIGNMENT ( #7055, #2029, ( #4357 ) ) ;
#4267 = AXIS2_PLACEMENT_3D ( 'NONE', #9014, #4096, #7001 ) ;
#4268 = DIRECTION ( 'NONE',  ( -0.000000000000000000, -0.000000000000000000, 1.000000000000000000 ) ) ;
#4269 = CARTESIAN_POINT ( 'NONE',  ( -0.7629469453354333908, -0.7486430435717383869, 10.22250680138249557 ) ) ;
#4270 = ORIENTED_EDGE ( 'NONE', *, *, #3315, .T. ) ;
#4271 = CARTESIAN_POINT ( 'NONE',  ( 1.237053054665496088, -48.39287933429384481, -7.500000000000140332 ) ) ;
#4272 = CARTESIAN_POINT ( 'NONE',  ( -63.46176972075306821, -48.70938086149426027, 76.00000000000000000 ) ) ;
#4273 = ORIENTED_EDGE ( 'NONE', *, *, #595, .F. ) ;
#4274 = DIRECTION ( 'NONE',  ( 1.000000000000000000, 0.000000000000000000, 0.000000000000000000 ) ) ;
#4275 = CARTESIAN_POINT ( 'NONE',  ( 30.19214044603491587, 63.60700526054102966, -53.00000000000000000 ) ) ;
#4276 = AXIS2_PLACEMENT_3D ( 'NONE', #9216, #3308, #8543 ) ;
#4277 = ORIENTED_EDGE ( 'NONE', *, *, #221, .F. ) ;
#4278 = COORDINATED_UNIVERSAL_TIME_OFFSET ( 5, 30, .AHEAD. ) ;
#4279 = CC_DESIGN_DATE_AND_TIME_ASSIGNMENT ( #5759, #1494, ( #3999 ) ) ;
#4280 = EDGE_CURVE ( 'NONE', #2372, #8051, #8390, .T. ) ;
#4281 = FACE_OUTER_BOUND ( 'NONE', #852, .T. ) ;
#4282 = VECTOR ( 'NONE', #5965, 1000.000000000000000 ) ;
#4283 = VECTOR ( 'NONE', #6986, 1000.000000000000000 ) ;
#4284 = DIRECTION ( 'NONE',  ( 0.000000000000000000, 0.000000000000000000, 1.000000000000000000 ) ) ;
#4285 = FACE_OUTER_BOUND ( 'NONE', #1814, .T. ) ;
#4286 = ORIENTED_EDGE ( 'NONE', *, *, #6282, .F. ) ;
#4287 = DIRECTION ( 'NONE',  ( -1.000000000000000000, 0.000000000000000000, 0.000000000000000000 ) ) ;
#4288 = VECTOR ( 'NONE', #4037, 1000.000000000000000 ) ;
#4289 = APPROVAL_DATE_TIME ( #49, #1573 ) ;
#4290 = VECTOR ( 'NONE', #72, 1000.000000000000000 ) ;
#4291 = ADVANCED_FACE ( 'NONE', ( #9175 ), #7762, .F. ) ;
#4292 = AXIS2_PLACEMENT_3D ( 'NONE', #7523, #952, #3902 ) ;
#4293 = LINE ( 'NONE', #4201, #433 ) ;
#4294 = AXIS2_PLACEMENT_3D ( 'NONE', #2370, #7577, #6767 ) ;
#4295 = VECTOR ( 'NONE', #5802, 1000.000000000000000 ) ;
#4296 = ORIENTED_EDGE ( 'NONE', *, *, #4710, .T. ) ;
#4297 = DIRECTION ( 'NONE',  ( -0.05233595624293712473, -0.9986295347545742773, 0.000000000000000000 ) ) ;
#4298 = EDGE_LOOP ( 'NONE', ( #6781, #1680, #2357, #4661 ) ) ;
#4299 = CARTESIAN_POINT ( 'NONE',  ( 27.00000000000000000, -44.00000000000000000, -167.0000000000000000 ) ) ;
#4300 = CARTESIAN_POINT ( 'NONE',  ( -72.27275126904243052, -5.681365714069960937, 10.24819326556456289 ) ) ;
#4301 = CALENDAR_DATE ( 2026, 3, 10 ) ;
#4302 = COORDINATED_UNIVERSAL_TIME_OFFSET ( 5, 30, .AHEAD. ) ;
#4303 = EDGE_CURVE ( 'NONE', #5985, #8493, #6847, .T. ) ;
#4304 = AXIS2_PLACEMENT_3D ( 'NONE', #2323, #5790, #1704 ) ;
#4305 = CARTESIAN_POINT ( 'NONE',  ( 0.000000000000000000, 0.000000000000000000, 85.00000000000000000 ) ) ;
#4306 = PLANE ( 'NONE',  #5677 ) ;
#4307 = LOCAL_TIME ( 2, 39, 17.00000000000000000, #4103 ) ;
#4308 = CARTESIAN_POINT ( 'NONE',  ( -29.46327251676850878, -24.00514173334029167, 11.19057916209782988 ) ) ;
#4309 = ORIENTED_EDGE ( 'NONE', *, *, #6428, .F. ) ;
#4310 = UNCERTAINTY_MEASURE_WITH_UNIT (LENGTH_MEASURE( 1.000000000000000082E-05 ), #640, 'distance_accuracy_value', 'NONE');
#4311 = DIRECTION ( 'NONE',  ( 0.2840153447039269752, -0.9588197348681917198, 0.000000000000000000 ) ) ;
#4312 = EDGE_LOOP ( 'NONE', ( #4889, #1772, #2086, #4758 ) ) ;
#4313 = CYLINDRICAL_SURFACE ( 'NONE', #4815, 79.99999999999998579 ) ;
#4314 = DIRECTION ( 'NONE',  ( 0.000000000000000000, -0.000000000000000000, -1.000000000000000000 ) ) ;
#4315 = CIRCLE ( 'NONE', #312, 38.00000000000000000 ) ;
#4316 = B_SPLINE_CURVE_WITH_KNOTS ( 'NONE', 3,
 ( #7682, #1254, #6237, #577, #8450, #4110, #445, #1898, #1115, #9349, #3524, #3479, #5714, #4070, #4824, #2766 ),
 .UNSPECIFIED., .F., .F.,
 ( 4, 2, 2, 2, 2, 2, 2, 4 ),
 ( 0.007077448531226321685, 0.009807269756218994078, 0.01253709098121166647, 0.01799673343119700952, 0.02072655465618968018, 0.02209146526868601551, 0.02345637588118235084, 0.02891601833116767828 ),
 .UNSPECIFIED. ) ;
#4317 = EDGE_CURVE ( 'NONE', #7840, #2190, #995, .T. ) ;
#4318 = EDGE_CURVE ( 'NONE', #743, #7597, #3833, .T. ) ;
#4319 = CARTESIAN_POINT ( 'NONE',  ( -13.73277819591713467, 40.22147481110940248, 36.86540947950547320 ) ) ;
#4320 = CIRCLE ( 'NONE', #8125, 16.89999999999999858 ) ;
#4321 = CARTESIAN_POINT ( 'NONE',  ( -1.156869907700312394, -5.033296091937858208, 10.24488833273685628 ) ) ;
#4322 = ORIENTED_EDGE ( 'NONE', *, *, #3289, .F. ) ;
#4323 = CARTESIAN_POINT ( 'NONE',  ( -3.072503578181957353E-13, 44.00000000000000000, 61.00000000000000000 ) ) ;
#4324 = DIRECTION ( 'NONE',  ( 0.000000000000000000, 0.000000000000000000, -1.000000000000000000 ) ) ;
#4325 = ORIENTED_EDGE ( 'NONE', *, *, #9143, .T. ) ;
#4326 = CARTESIAN_POINT ( 'NONE',  ( 60.00000000000114397, -2.341423249310675611E-12, -281.0000000000000000 ) ) ;
#4327 = CARTESIAN_POINT ( 'NONE',  ( -30.19214044603580405, 63.60700526054061044, -99.00000000000000000 ) ) ;
#4328 = PERSON ( 'NAUO-PER7', 'UNSPECIFIED', 'UNSPECIFIED', ('UNSPECIFIED'), ('UNSPECIFIED'), ('UNSPECIFIED') ) ;
#4329 = ORIENTED_EDGE ( 'NONE', *, *, #9345, .F. ) ;
#4330 = CIRCLE ( 'NONE', #8900, 17.50000000000000000 ) ;
#4331 = CARTESIAN_POINT ( 'NONE',  ( 38.00000000000000000, 30.00000000000000000, -8.999999999999998224 ) ) ;
#4332 = DIRECTION ( 'NONE',  ( -1.000000000000000000, 0.000000000000000000, -0.000000000000000000 ) ) ;
#4333 = DIRECTION ( 'NONE',  ( -1.000000000000000000, -6.982962677686266711E-15, -0.000000000000000000 ) ) ;
#4334 = CARTESIAN_POINT ( 'NONE',  ( -72.31170643687242716, -5.540826339574425496, -10.24983523256736184 ) ) ;
#4335 = CC_DESIGN_PERSON_AND_ORGANIZATION_ASSIGNMENT ( #1942, #1159, ( #2111 ) ) ;
#4336 = DATE_AND_TIME ( #2270, #1270 ) ;
#4337 = CARTESIAN_POINT ( 'NONE',  ( -5.473020695002818847, -42.14950439688767858, 42.99884815799014603 ) ) ;
#4338 = VERTEX_POINT ( 'NONE', #8366 ) ;
#4339 = DIRECTION ( 'NONE',  ( -1.000000000000000000, 0.000000000000000000, 0.000000000000000000 ) ) ;
#4340 = EDGE_CURVE ( 'NONE', #5274, #9036, #833, .T. ) ;
#4341 = DIRECTION ( 'NONE',  ( 0.000000000000000000, 0.000000000000000000, -1.000000000000000000 ) ) ;
#4342 = EDGE_LOOP ( 'NONE', ( #5946, #228, #2319, #329 ) ) ;
#4343 = CYLINDRICAL_SURFACE ( 'NONE', #6949, 39.50000000000000000 ) ;
#4344 = FACE_OUTER_BOUND ( 'NONE', #5322, .T. ) ;
#4345 = COORDINATED_UNIVERSAL_TIME_OFFSET ( 5, 30, .AHEAD. ) ;
#4346 = SECURITY_CLASSIFICATION_LEVEL ( 'unclassified' ) ;
#4347 = DIRECTION ( 'NONE',  ( 0.000000000000000000, 0.000000000000000000, -1.000000000000000000 ) ) ;
#4348 = DIRECTION ( 'NONE',  ( -3.083952846180989787E-16, -1.000000000000000000, 0.000000000000000000 ) ) ;
#4349 = DIRECTION ( 'NONE',  ( 1.000000000000000000, 0.000000000000000000, 0.000000000000000000 ) ) ;
#4350 = VERTEX_POINT ( 'NONE', #5504 ) ;
#4351 = VERTEX_POINT ( 'NONE', #8413 ) ;
#4352 = EDGE_CURVE ( 'NONE', #4991, #7275, #3351, .T. ) ;
#4353 = LINE ( 'NONE', #3630, #2291 ) ;
#4354 = ORIENTED_EDGE ( 'NONE', *, *, #1587, .T. ) ;
#4355 = DIRECTION ( 'NONE',  ( 0.000000000000000000, 0.000000000000000000, -1.000000000000000000 ) ) ;
#4356 = FACE_OUTER_BOUND ( 'NONE', #1910, .T. ) ;
#4357 = PRODUCT_DEFINITION_FORMATION_WITH_SPECIFIED_SOURCE ( 'ANY', '', #7037, .NOT_KNOWN. ) ;
#4358 = CARTESIAN_POINT ( 'NONE',  ( 801.7887661775932884, -451.3879865937161071, 6.821963233802711635 ) ) ;
#4359 = CIRCLE ( 'NONE', #2378, 36.00000000000000000 ) ;
#4360 = CARTESIAN_POINT ( 'NONE',  ( -13.40392202766214425, 40.33261993887341390, 16.69229525301950545 ) ) ;
#4361 = CARTESIAN_POINT ( 'NONE',  ( -1.159202967396370187, -5.048929389796276368, 10.24496736018569720 ) ) ;
#4362 = ORIENTED_EDGE ( 'NONE', *, *, #2655, .F. ) ;
#4363 = LINE ( 'NONE', #2928, #2307 ) ;
#4364 = ADVANCED_FACE ( 'NONE', ( #9311, #9448 ), #2868, .F. ) ;
#4365 = DIRECTION ( 'NONE',  ( 1.000000000000000000, 0.000000000000000000, 0.000000000000000000 ) ) ;
#4366 = ADVANCED_FACE ( 'NONE', ( #5728 ), #3448, .T. ) ;
#4367 = ORIENTED_EDGE ( 'NONE', *, *, #2832, .F. ) ;
#4368 = CARTESIAN_POINT ( 'NONE',  ( -37.50000000000001421, -19.99999999999999645, 15.41602615938555054 ) ) ;
#4369 = CARTESIAN_POINT ( 'NONE',  ( -0.7629469453346304775, 0.2777589635784699640, 10.22250535117701276 ) ) ;
#4370 = LOCAL_TIME ( 2, 39, 17.00000000000000000, #1749 ) ;
#4371 = EDGE_LOOP ( 'NONE', ( #5780, #2826 ) ) ;
#4372 = CARTESIAN_POINT ( 'NONE',  ( -17.84498241105859861, 31.35317393100167749, -10.43670507918669976 ) ) ;
#4373 = ITEM_DEFINED_TRANSFORMATION ( 'NONE', 'NONE', #1090,  #8931 ) ;
#4374 = CARTESIAN_POINT ( 'NONE',  ( -5.999999999999992895, 55.59999999999998010, 6.999999999999999112 ) ) ;
#4375 = CARTESIAN_POINT ( 'NONE',  ( 35.99999999999999289, -44.00000000000000000, 190.0000000000000000 ) ) ;
#4376 = ORIENTED_EDGE ( 'NONE', *, *, #6001, .F. ) ;
#4377 = LINE ( 'NONE', #7274, #3518 ) ;
#4378 = ORIENTED_EDGE ( 'NONE', *, *, #4248, .T. ) ;
#4379 = DIRECTION ( 'NONE',  ( -0.000000000000000000, -0.000000000000000000, -1.000000000000000000 ) ) ;
#4380 = SHAPE_DEFINITION_REPRESENTATION ( #4150, #1954 ) ;
#4381 = CYLINDRICAL_SURFACE ( 'NONE', #4886, 36.00000000000000000 ) ;
#4382 = CC_DESIGN_DATE_AND_TIME_ASSIGNMENT ( #5792, #659, ( #6068 ) ) ;
#4383 = ORIENTED_EDGE ( 'NONE', *, *, #115, .F. ) ;
#4384 = DIRECTION ( 'NONE',  ( 1.000000000000000000, 0.000000000000000000, 0.000000000000000000 ) ) ;
#4385 = EDGE_LOOP ( 'NONE', ( #441, #154, #1234, #8683 ) ) ;
#4386 = ORIENTED_EDGE ( 'NONE', *, *, #4318, .F. ) ;
#4387 = DIRECTION ( 'NONE',  ( 0.000000000000000000, -0.000000000000000000, 1.000000000000000000 ) ) ;
#4388 = ORIENTED_EDGE ( 'NONE', *, *, #1213, .F. ) ;
#4389 = DIRECTION ( 'NONE',  ( 0.000000000000000000, 0.000000000000000000, 1.000000000000000000 ) ) ;
#4390 = CARTESIAN_POINT ( 'NONE',  ( -21.90346575150006103, 30.00000000000000000, -9.178919792236994724 ) ) ;
#4391 = APPROVAL_STATUS ( 'not_yet_approved' ) ;
#4392 = CALENDAR_DATE ( 2026, 3, 10 ) ;
#4393 = DIRECTION ( 'NONE',  ( 0.000000000000000000, 0.000000000000000000, -1.000000000000000000 ) ) ;
#4394 = EDGE_CURVE ( 'NONE', #8291, #7320, #1949, .T. ) ;
#4395 = CARTESIAN_POINT ( 'NONE',  ( -74.85452229056615181, -6.682294288845682217, 7.500000000000013323 ) ) ;
#4396 = FACE_OUTER_BOUND ( 'NONE', #8824, .T. ) ;
#4397 = EDGE_LOOP ( 'NONE', ( #5082, #6601, #6390, #9222 ) ) ;
#4398 = ORIENTED_EDGE ( 'NONE', *, *, #3959, .F. ) ;
#4399 = CARTESIAN_POINT ( 'NONE',  ( 7.999999999999972466, 55.59999999999998010, 6.999999999999999112 ) ) ;
#4400 = ORIENTED_EDGE ( 'NONE', *, *, #531, .F. ) ;
#4401 = DIRECTION ( 'NONE',  ( 1.000000000000000000, -0.000000000000000000, -0.000000000000000000 ) ) ;
#4402 = LINE ( 'NONE', #3493, #9318 ) ;
#4403 = DIRECTION ( 'NONE',  ( 1.644633633764337843E-16, -1.000000000000000000, -3.815187130197125666E-17 ) ) ;
#4404 = EDGE_CURVE ( 'NONE', #2932, #7513, #8537, .T. ) ;
#4405 = CARTESIAN_POINT ( 'NONE',  ( -3.036617420595478567, 37.88598985018476384, 49.30699608445473103 ) ) ;
#4406 = ORIENTED_EDGE ( 'NONE', *, *, #8498, .F. ) ;
#4407 = DIRECTION ( 'NONE',  ( 0.000000000000000000, 0.000000000000000000, -1.000000000000000000 ) ) ;
#4408 = CARTESIAN_POINT ( 'NONE',  ( -28.84508341260872299, 24.73839438735294749, 9.073146825426645634 ) ) ;
#4409 = EDGE_LOOP ( 'NONE', ( #4798, #7452 ) ) ;
#4410 = DIRECTION ( 'NONE',  ( -1.000000000000000000, 3.083952846180989787E-16, 0.000000000000000000 ) ) ;
#4411 = LINE ( 'NONE', #9327, #2757 ) ;
#4412 = ORIENTED_EDGE ( 'NONE', *, *, #3094, .T. ) ;
#4413 = CARTESIAN_POINT ( 'NONE',  ( -20.46790138803893555, 30.00000000000000711, 9.909556038689492752 ) ) ;
#4414 = APPROVAL_DATE_TIME ( #5781, #8527 ) ;
#4415 = EDGE_CURVE ( 'NONE', #9394, #1467, #7118, .T. ) ;
#4416 = CARTESIAN_POINT ( 'NONE',  ( -7.999999999999965361, 145.5999999999999943, 9.000000000000000000 ) ) ;
#4417 = CARTESIAN_POINT ( 'NONE',  ( 0.5642508784307066483, 42.49999999999999289, 43.89999999999999147 ) ) ;
#4418 = PRODUCT_DEFINITION_SHAPE ( 'NONE', 'NONE',  #9470 ) ;
#4419 = CARTESIAN_POINT ( 'NONE',  ( 16.89999999999999858, 201.1999999999999886, 19.00000000000000000 ) ) ;
#4420 = ORIENTED_EDGE ( 'NONE', *, *, #2375, .F. ) ;
#4421 = DIRECTION ( 'NONE',  ( 0.000000000000000000, 0.000000000000000000, 1.000000000000000000 ) ) ;
#4422 = CIRCLE ( 'NONE', #564, 36.00000000000000000 ) ;
#4423 = VERTEX_POINT ( 'NONE', #5595 ) ;
#4424 = CARTESIAN_POINT ( 'NONE',  ( 35.99999999999999289, -44.00000000000000000, -213.0000000000000000 ) ) ;
#4425 = APPROVAL_DATE_TIME ( #708, #1495 ) ;
#4426 = PERSON_AND_ORGANIZATION_ROLE ( 'creator' ) ;
#4427 = EDGE_CURVE ( 'NONE', #7103, #4081, #4353, .T. ) ;
#4428 = AXIS2_PLACEMENT_3D ( 'NONE', #5917, #8114, #9030 ) ;
#4429 = AXIS2_PLACEMENT_3D ( 'NONE', #1865, #1126, #4041 ) ;
#4430 = EDGE_CURVE ( 'NONE', #2444, #7565, #8506, .T. ) ;
#4431 = FACE_OUTER_BOUND ( 'NONE', #2508, .T. ) ;
#4432 = DIRECTION ( 'NONE',  ( 1.000000000000000000, 0.000000000000000000, 0.000000000000000000 ) ) ;
#4433 = ORIENTED_EDGE ( 'NONE', *, *, #3540, .F. ) ;
#4434 = ORIENTED_EDGE ( 'NONE', *, *, #1663, .T. ) ;
#4435 = DIRECTION ( 'NONE',  ( 0.000000000000000000, 0.000000000000000000, 1.000000000000000000 ) ) ;
#4437 = CARTESIAN_POINT ( 'NONE',  ( 10.32000559768892956, -41.23032306297391614, 40.39437252295864056 ) ) ;
#4436 = AXIS2_PLACEMENT_3D ( 'NONE', #6132, #8340, #7616 ) ;
#4438 = AXIS2_PLACEMENT_3D ( 'NONE', #162, #8160, #7448 ) ;
#4439 = AXIS2_PLACEMENT_3D ( 'NONE', #5777, #8851, #5080 ) ;
#4440 = ORIENTED_EDGE ( 'NONE', *, *, #8371, .T. ) ;
#4441 = CARTESIAN_POINT ( 'NONE',  ( 30.52112147095411387, 171.6244840424505469, 19.00000000000000000 ) ) ;
#4442 = CARTESIAN_POINT ( 'NONE',  ( -21.55597427512211084, 29.99999999999999645, -9.286872685820835471 ) ) ;
#4443 = APPROVAL_ROLE ( '' ) ;
#4444 = CIRCLE ( 'NONE', #6883, 36.00000000000000711 ) ;
#4445 = DATE_AND_TIME ( #2393, #3005 ) ;
#4446 = CARTESIAN_POINT ( 'NONE',  ( 36.18014024200488876, -22.30181321132866756, 13.60126198445931500 ) ) ;
#4447 = DIRECTION ( 'NONE',  ( -1.000000000000000000, -6.982962677686266711E-15, -0.000000000000000000 ) ) ;
#4448 = CARTESIAN_POINT ( 'NONE',  ( 0.9362360258078478159, 0.2777589635784699640, 8.394089759909887150 ) ) ;
#4449 = VECTOR ( 'NONE', #4616, 1000.000000000000000 ) ;
#4450 = ORIENTED_EDGE ( 'NONE', *, *, #3966, .F. ) ;
#4451 = CIRCLE ( 'NONE', #8873, 5.000000000000000000 ) ;
#4452 = DIRECTION ( 'NONE',  ( 1.000000000000000000, -0.000000000000000000, -0.000000000000000000 ) ) ;
#4453 = ORIENTED_EDGE ( 'NONE', *, *, #8026, .F. ) ;
#4454 = DIRECTION ( 'NONE',  ( 1.000000000000000000, 0.000000000000000000, 0.000000000000000000 ) ) ;
#4455 = CC_DESIGN_DATE_AND_TIME_ASSIGNMENT ( #650, #7935, ( #5726 ) ) ;
#4456 = PLANE ( 'NONE',  #8099 ) ;
#4457 = EDGE_CURVE ( 'NONE', #9017, #3496, #3987, .T. ) ;
#4458 = CIRCLE ( 'NONE', #6896, 36.00000000000000000 ) ;
#4459 = DIRECTION ( 'NONE',  ( 1.000000000000000000, 0.000000000000000000, 0.000000000000000000 ) ) ;
#4460 = CIRCLE ( 'NONE', #5382, 36.00000000000000000 ) ;
#4461 = CARTESIAN_POINT ( 'NONE',  ( -12.70915371069153821, 40.55688057658770163, 38.15287069247227691 ) ) ;
#4462 = ORIENTED_EDGE ( 'NONE', *, *, #6211, .T. ) ;
#4463 = CARTESIAN_POINT ( 'NONE',  ( -13.19769538513902596, 35.64016608207717240, 45.23705878174058626 ) ) ;
#4464 = VERTEX_POINT ( 'NONE', #2142 ) ;
#4465 = CARTESIAN_POINT ( 'NONE',  ( 19.95392903788312466, 30.00000000000000000, -10.64390406131679967 ) ) ;
#4466 = DIRECTION ( 'NONE',  ( 0.000000000000000000, 0.000000000000000000, 1.000000000000000000 ) ) ;
#4467 = LOCAL_TIME ( 2, 39, 17.00000000000000000, #6433 ) ;
#4468 = AXIS2_PLACEMENT_3D ( 'NONE', #6397, #6352, #5736 ) ;
#4469 = VERTEX_POINT ( 'NONE', #1266 ) ;
#4470 = DIRECTION ( 'NONE',  ( 0.000000000000000000, -1.000000000000000000, 0.000000000000000000 ) ) ;
#4471 = PLANE ( 'NONE',  #741 ) ;
#4472 = EDGE_CURVE ( 'NONE', #3975, #2372, #1357, .T. ) ;
#4473 = ORIENTED_EDGE ( 'NONE', *, *, #5185, .T. ) ;
#4474 = CARTESIAN_POINT ( 'NONE',  ( -20.91149664591491586, 30.00000000000000000, 9.596796907431933477 ) ) ;
#4475 = DATE_TIME_ROLE ( 'classification_date' ) ;
#4476 = LOCAL_TIME ( 2, 39, 17.00000000000000000, #3813 ) ;
#4477 = AXIS2_PLACEMENT_3D ( 'NONE', #5497, #2447, #8402 ) ;
#4478 = VECTOR ( 'NONE', #2241, 1000.000000000000000 ) ;
#4479 = PLANE ( 'NONE',  #7755 ) ;
#4480 = CARTESIAN_POINT ( 'NONE',  ( -7.999999999999965361, 145.5999999999999943, -9.000000000000000000 ) ) ;
#4481 = CARTESIAN_POINT ( 'NONE',  ( -19.89974874213239531, 30.00000000000000000, -11.00000000000000000 ) ) ;
#4482 = VERTEX_POINT ( 'NONE', #4221 ) ;
#4483 = CARTESIAN_POINT ( 'NONE',  ( -17.50000000000007105, 0.000000000000000000, 308.0000000000000000 ) ) ;
#4484 = ORIENTED_EDGE ( 'NONE', *, *, #3037, .T. ) ;
#4485 = CARTESIAN_POINT ( 'NONE',  ( -74.95632967495026833, -5.985301605787506141, -7.499879438463921133 ) ) ;
#4486 = COORDINATED_UNIVERSAL_TIME_OFFSET ( 5, 30, .AHEAD. ) ;
#4487 = ADVANCED_FACE ( 'NONE', ( #2779 ), #5067, .F. ) ;
#4488 = AXIS2_PLACEMENT_3D ( 'NONE', #2495, #4695, #4732 ) ;
#4489 = COORDINATED_UNIVERSAL_TIME_OFFSET ( 5, 30, .AHEAD. ) ;
#4490 = CARTESIAN_POINT ( 'NONE',  ( 0.000000000000000000, 0.000000000000000000, 190.0000000000000000 ) ) ;
#4491 = CIRCLE ( 'NONE', #19, 5.000000000001787903 ) ;
#4492 = ORIENTED_EDGE ( 'NONE', *, *, #2969, .F. ) ;
#4493 = DIRECTION ( 'NONE',  ( 0.000000000000000000, 0.000000000000000000, 1.000000000000000000 ) ) ;
#4494 = EDGE_LOOP ( 'NONE', ( #454, #8773, #2397, #4378 ) ) ;
#4495 = LINE ( 'NONE', #2336, #8876 ) ;
#4496 = CARTESIAN_POINT ( 'NONE',  ( 12.33259012279806655, -40.67332965720616755, 15.43209744720771681 ) ) ;
#4497 = EDGE_CURVE ( 'NONE', #7024, #2322, #3269, .T. ) ;
#4498 = EDGE_CURVE ( 'NONE', #1586, #8521, #898, .T. ) ;
#4499 = ORIENTED_EDGE ( 'NONE', *, *, #5703, .T. ) ;
#4500 = CARTESIAN_POINT ( 'NONE',  ( 0.000000000000000000, 0.000000000000000000, 82.59999999999999432 ) ) ;
#4501 = DATE_AND_TIME ( #6681, #3858 ) ;
#4502 = COORDINATED_UNIVERSAL_TIME_OFFSET ( 5, 30, .AHEAD. ) ;
#4503 = CARTESIAN_POINT ( 'NONE',  ( 34.72809071374958734, -24.49934854543381135, 9.888260814319201231 ) ) ;
#4504 = DIRECTION ( 'NONE',  ( 0.000000000000000000, -1.000000000000000000, 0.000000000000000000 ) ) ;
#4505 = CARTESIAN_POINT ( 'NONE',  ( 0.000000000000000000, 55.00000000000000000, -281.0000000000000000 ) ) ;
#4506 = ORIENTED_EDGE ( 'NONE', *, *, #5567, .F. ) ;
#4507 = DESIGN_CONTEXT ( 'detailed design', #2314, 'design' ) ;
#4508 = CARTESIAN_POINT ( 'NONE',  ( 0.000000000000000000, 0.000000000000000000, 71.00000000000000000 ) ) ;
#4509 = ORIENTED_EDGE ( 'NONE', *, *, #1979, .T. ) ;
#4510 = LINE ( 'NONE', #74, #4216 ) ;
#4511 = CARTESIAN_POINT ( 'NONE',  ( -74.76294694533464735, -62.72224103642152926, 0.000000000000000000 ) ) ;
#4512 = DIRECTION ( 'NONE',  ( 0.000000000000000000, 0.000000000000000000, 1.000000000000000000 ) ) ;
#4513 = PRODUCT_DEFINITION_SHAPE ( 'NONE', 'NONE',  #9476 ) ;
#4514 = CARTESIAN_POINT ( 'NONE',  ( -4.429790972292997786, 42.28293107361911041, 10.65228769532614805 ) ) ;
#4515 = VERTEX_POINT ( 'NONE', #5164 ) ;
#4516 = CARTESIAN_POINT ( 'NONE',  ( -3.777650932233511227, 37.81890087144946477, 49.19310526974217623 ) ) ;
#4517 = ORIENTED_EDGE ( 'NONE', *, *, #2953, .F. ) ;
#4518 = DIRECTION ( 'NONE',  ( 1.000000000000000000, 0.000000000000000000, 0.000000000000000000 ) ) ;
#4519 = EDGE_LOOP ( 'NONE', ( #7003, #5668, #9059, #7397 ) ) ;
#4520 = LINE ( 'NONE', #1628, #2299 ) ;
#4521 = DIRECTION ( 'NONE',  ( -3.083952846180989787E-16, -1.000000000000000000, 0.000000000000000000 ) ) ;
#4522 = ORIENTED_EDGE ( 'NONE', *, *, #5613, .T. ) ;
#4523 = CARTESIAN_POINT ( 'NONE',  ( -22.96217597082274509, 30.00000000000000355, 9.000000000000000000 ) ) ;
#4524 = DATE_TIME_ROLE ( 'classification_date' ) ;
#4525 = CC_DESIGN_SECURITY_CLASSIFICATION ( #1272, ( #9461 ) ) ;
#4526 = FACE_OUTER_BOUND ( 'NONE', #491, .T. ) ;
#4527 = DIRECTION ( 'NONE',  ( -0.000000000000000000, 1.000000000000000000, -0.000000000000000000 ) ) ;
#4528 = EDGE_CURVE ( 'NONE', #3854, #1385, #1966, .T. ) ;
#4529 = VECTOR ( 'NONE', #3170, 1000.000000000000000 ) ;
#4530 = FACE_BOUND ( 'NONE', #8155, .T. ) ;
#4531 = CC_DESIGN_SECURITY_CLASSIFICATION ( #4066, ( #9479 ) ) ;
#4532 = LOCAL_TIME ( 2, 39, 17.00000000000000000, #9000 ) ;
#4533 = CYLINDRICAL_SURFACE ( 'NONE', #5791, 27.00000000000000000 ) ;
#4534 = ORIENTED_EDGE ( 'NONE', *, *, #4979, .F. ) ;
#4535 = LINE ( 'NONE', #5091, #737 ) ;
#4536 = DATE_AND_TIME ( #5948, #3250 ) ;
#4537 = CC_DESIGN_APPROVAL ( #3227, ( #522 ) ) ;
#4538 = LINE ( 'NONE', #2330, #5188 ) ;
#4539 = ADVANCED_FACE ( 'NONE', ( #1617 ), #2292, .T. ) ;
#4540 = VERTEX_POINT ( 'NONE', #6791 ) ;
#4541 = DIRECTION ( 'NONE',  ( 0.2840153447039135970, 0.9588197348681957166, -0.000000000000000000 ) ) ;
#4542 = ORIENTED_EDGE ( 'NONE', *, *, #9026, .T. ) ;
#4543 = ORIENTED_EDGE ( 'NONE', *, *, #6540, .F. ) ;
#4544 = FACE_OUTER_BOUND ( 'NONE', #7797, .T. ) ;
#4545 = CARTESIAN_POINT ( 'NONE',  ( 0.000000000000000000, 0.000000000000000000, 15.00000000000000000 ) ) ;
#4546 = ORIENTED_EDGE ( 'NONE', *, *, #6924, .F. ) ;
#4547 = CARTESIAN_POINT ( 'NONE',  ( 0.000000000000000000, 0.000000000000000000, 17.50000000000000000 ) ) ;
#4548 = APPROVAL_STATUS ( 'not_yet_approved' ) ;
#4549 = APPROVAL_STATUS ( 'not_yet_approved' ) ;
#4550 = CARTESIAN_POINT ( 'NONE',  ( 36.54387243975112654, -21.70066375831244443, 14.19071077861745067 ) ) ;
#4551 = ADVANCED_FACE ( 'NONE', ( #1563 ), #5265, .T. ) ;
#4552 = DIRECTION ( 'NONE',  ( 0.000000000000000000, -0.000000000000000000, -1.000000000000000000 ) ) ;
#4553 = CARTESIAN_POINT ( 'NONE',  ( -36.00000000000000000, 0.000000000000000000, 19.00000000000000000 ) ) ;
#4554 = ADVANCED_FACE ( 'NONE', ( #3122 ), #5974, .T. ) ;
#4555 = ORIENTED_EDGE ( 'NONE', *, *, #7327, .T. ) ;
#4556 = DIRECTION ( 'NONE',  ( 1.000000000000000000, 0.000000000000000000, 0.000000000000000000 ) ) ;
#4557 = EDGE_LOOP ( 'NONE', ( #2811, #6, #8339, #2775 ) ) ;
#4558 = DIRECTION ( 'NONE',  ( 0.000000000000000000, 0.000000000000000000, 1.000000000000000000 ) ) ;
#4559 = CARTESIAN_POINT ( 'NONE',  ( -72.48241171431988050, -4.207845891540045180, -10.24027025280883052 ) ) ;
#4560 = CARTESIAN_POINT ( 'NONE',  ( 765.0258192322586410, -451.1102276301376719, 6.821963233794992476 ) ) ;
#4561 = ADVANCED_FACE ( 'NONE', ( #8062 ), #5819, .F. ) ;
#4562 = VERTEX_POINT ( 'NONE', #791 ) ;
#4563 = CARTESIAN_POINT ( 'NONE',  ( -8.075406664918878263, 37.13857540052239159, 5.986193256894805081 ) ) ;
#4564 = ORIENTED_EDGE ( 'NONE', *, *, #5635, .F. ) ;
#4565 = CARTESIAN_POINT ( 'NONE',  ( -28.61817604250834535, 25.00000000000002487, 6.755772121541173014 ) ) ;
#4566 = EDGE_LOOP ( 'NONE', ( #1220, #7602, #1551, #3086 ) ) ;
#4567 = LINE ( 'NONE', #271, #2475 ) ;
#4568 = DIRECTION ( 'NONE',  ( 1.000000000000000000, 6.982962677686266711E-15, 0.000000000000000000 ) ) ;
#4569 = ORIENTED_EDGE ( 'NONE', *, *, #8617, .T. ) ;
#4570 = CARTESIAN_POINT ( 'NONE',  ( -35.94298155222526248, 12.36389548350355838, 18.82613175749267853 ) ) ;
#4571 = PRODUCT_RELATED_PRODUCT_CATEGORY ( 'detail', '', ( #6264 ) ) ;
#4572 = APPROVAL_ROLE ( '' ) ;
#4573 = CARTESIAN_POINT ( 'NONE',  ( 0.000000000000000000, 0.000000000000000000, 228.0000000000000000 ) ) ;
#4574 = EDGE_LOOP ( 'NONE', ( #7451, #6388, #8828, #2703 ) ) ;
#4575 = DIRECTION ( 'NONE',  ( 1.000000000000000000, 6.938893903907228378E-15, 0.000000000000000000 ) ) ;
#4576 = ORIENTED_EDGE ( 'NONE', *, *, #8190, .F. ) ;
#4577 = CARTESIAN_POINT ( 'NONE',  ( 0.000000000000000000, 22.00000000000000355, 27.00000000000000000 ) ) ;
#4578 = DATE_TIME_ROLE ( 'classification_date' ) ;
#4579 = CC_DESIGN_DATE_AND_TIME_ASSIGNMENT ( #2365, #6760, ( #6040 ) ) ;
#4580 = EDGE_CURVE ( 'NONE', #8728, #8739, #8699, .T. ) ;
#4581 = APPROVAL_ROLE ( '' ) ;
#4582 = CYLINDRICAL_SURFACE ( 'NONE', #8999, 39.50000000000000000 ) ;
#4583 = AXIS2_PLACEMENT_3D ( 'NONE', #5086, #652, #4191 ) ;
#4584 = DIRECTION ( 'NONE',  ( -0.2840153447039203138, 0.9588197348681938292, 0.000000000000000000 ) ) ;
#4585 = ORIENTED_EDGE ( 'NONE', *, *, #5119, .T. ) ;
#4586 = CARTESIAN_POINT ( 'NONE',  ( -55.00000000000233058, 2.334687691915365203E-12, -281.0000000000000000 ) ) ;
#4587 = CARTESIAN_POINT ( 'NONE',  ( 20.91094112379290593, 29.99999999999999645, 9.597105262525365887 ) ) ;
#4588 = ORIENTED_EDGE ( 'NONE', *, *, #8617, .F. ) ;
#4589 = LINE ( 'NONE', #3879, #3434 ) ;
#4590 = EDGE_CURVE ( 'NONE', #8233, #282, #9158, .T. ) ;
#4591 = VECTOR ( 'NONE', #5547, 1000.000000000000000 ) ;
#4592 = PERSON_AND_ORGANIZATION ( #2940, #5543 ) ;
#4593 = ITEM_DEFINED_TRANSFORMATION ( 'NONE', 'NONE', #7052,  #8931 ) ;
#4594 = DIRECTION ( 'NONE',  ( 0.000000000000000000, 0.000000000000000000, 1.000000000000000000 ) ) ;
#4595 = DIRECTION ( 'NONE',  ( 0.000000000000000000, 1.000000000000000000, 0.000000000000000000 ) ) ;
#4596 = FACE_OUTER_BOUND ( 'NONE', #966, .T. ) ;
#4597 = VERTEX_POINT ( 'NONE', #4399 ) ;
#4598 = VECTOR ( 'NONE', #6982, 1000.000000000000000 ) ;
#4599 = AXIS2_PLACEMENT_3D ( 'NONE', #7779, #7074, #2096 ) ;
#4600 = EDGE_LOOP ( 'NONE', ( #2857, #935 ) ) ;
#4601 = DIRECTION ( 'NONE',  ( 0.000000000000000000, 0.000000000000000000, 1.000000000000000000 ) ) ;
#4602 = AXIS2_PLACEMENT_3D ( 'NONE', #7842, #4234, #8753 ) ;
#4603 = EDGE_LOOP ( 'NONE', ( #4176, #1864, #3644, #7213 ) ) ;
#4604 = DIRECTION ( 'NONE',  ( 0.000000000000000000, 0.000000000000000000, 1.000000000000000000 ) ) ;
#4605 = CARTESIAN_POINT ( 'NONE',  ( 30.57681027001822116, 22.57409901008935904, 13.33774395383518474 ) ) ;
#4606 = EDGE_CURVE ( 'NONE', #2059, #1485, #7773, .T. ) ;
#4607 = APPLICATION_PROTOCOL_DEFINITION ( 'international standard', 'config_control_design', 1994, #8033 ) ;
#4608 = AXIS2_PLACEMENT_3D ( 'NONE', #2347, #729, #5867 ) ;
#4609 = CARTESIAN_POINT ( 'NONE',  ( -12.33259012279806477, 40.67332965720616045, 15.43209744720771326 ) ) ;
#4610 = AXIS2_PLACEMENT_3D ( 'NONE', #5715, #2088, #1345 ) ;
#4611 = CARTESIAN_POINT ( 'NONE',  ( -21.71160683347552478, 31.18777343907436261, 21.04954441342001914 ) ) ;
#4612 = EDGE_LOOP ( 'NONE', ( #73, #9269, #8449, #191 ) ) ;
#4613 = CARTESIAN_POINT ( 'NONE',  ( -30.00037002404991071, 23.32506966874161236, 12.31263411384539985 ) ) ;
#4614 = AXIS2_PLACEMENT_3D ( 'NONE', #1824, #5477, #6213 ) ;
#4615 = EDGE_LOOP ( 'NONE', ( #6838, #2503 ) ) ;
#4616 = DIRECTION ( 'NONE',  ( 1.000000000000000000, -0.000000000000000000, -0.000000000000000000 ) ) ;
#4617 = CARTESIAN_POINT ( 'NONE',  ( 0.000000000000000000, 0.000000000000000000, 1.999999999999988010 ) ) ;
#4618 = EDGE_CURVE ( 'NONE', #1950, #5943, #6583, .T. ) ;
#4619 = PLANE ( 'NONE',  #2823 ) ;
#4620 = EDGE_CURVE ( 'NONE', #1485, #1456, #7353, .T. ) ;
#4621 = CIRCLE ( 'NONE', #457, 5.000000000003598899 ) ;
#4622 = ITEM_DEFINED_TRANSFORMATION ( 'NONE', 'NONE', #2009,  #8931 ) ;
#4623 = AXIS2_PLACEMENT_3D ( 'NONE', #869, #3194, #1016 ) ;
#4624 = LOCAL_TIME ( 2, 39, 17.00000000000000000, #6227 ) ;
#4625 = CIRCLE ( 'NONE', #4911, 5.000000000000268230 ) ;
#4626 = DIRECTION ( 'NONE',  ( -0.000000000000000000, -0.000000000000000000, 1.000000000000000000 ) ) ;
#4627 = VERTEX_POINT ( 'NONE', #3023 ) ;
#4628 = CARTESIAN_POINT ( 'NONE',  ( 0.000000000000000000, 0.2777589635784699640, 7.500000000000000000 ) ) ;
#4629 = CARTESIAN_POINT ( 'NONE',  ( -63.46176972075306821, -48.70938086149426027, 0.000000000000000000 ) ) ;
#4630 = COORDINATED_UNIVERSAL_TIME_OFFSET ( 5, 30, .AHEAD. ) ;
#4631 = CIRCLE ( 'NONE', #469, 2.000000000000000000 ) ;
#4632 = CARTESIAN_POINT ( 'NONE',  ( 0.000000000000000000, 0.000000000000000000, 113.9999999999999858 ) ) ;
#4633 = CC_DESIGN_DATE_AND_TIME_ASSIGNMENT ( #7288, #3018, ( #4225 ) ) ;
#4634 = FACE_BOUND ( 'NONE', #1319, .T. ) ;
#4635 = CIRCLE ( 'NONE', #479, 17.50000000000000000 ) ;
#4636 = EDGE_LOOP ( 'NONE', ( #1956, #4434, #9449, #7663 ) ) ;
#4637 = CARTESIAN_POINT ( 'NONE',  ( -37.50000000000001421, -19.99999999999999645, 15.41602615938555054 ) ) ;
#4638 = ORIENTED_EDGE ( 'NONE', *, *, #8607, .T. ) ;
#4639 = DIRECTION ( 'NONE',  ( -0.000000000000000000, -0.000000000000000000, 1.000000000000000000 ) ) ;
#4640 = PERSON_AND_ORGANIZATION_ROLE ( 'design_owner' ) ;
#4641 = DATE_AND_TIME ( #2433, #7248 ) ;
#4642 = AXIS2_PLACEMENT_3D ( 'NONE', #8152, #2384, #4387 ) ;
#4643 = DIRECTION ( 'NONE',  ( -0.9588197348681938292, 0.2840153447039202583, 0.000000000000000000 ) ) ;
#4644 =( REPRESENTATION_RELATIONSHIP ('NONE','NONE', #1222, #5525 ) REPRESENTATION_RELATIONSHIP_WITH_TRANSFORMATION ( #3960 )SHAPE_REPRESENTATION_RELATIONSHIP( ) );
#4645 = CARTESIAN_POINT ( 'NONE',  ( 16.90012179200166287, 38.99533155947211327, 28.11186698181795762 ) ) ;
#4646 = CARTESIAN_POINT ( 'NONE',  ( 0.000000000000000000, 0.000000000000000000, 80.00000000000000000 ) ) ;
#4647 = ORIENTED_EDGE ( 'NONE', *, *, #6053, .F. ) ;
#4648 = ADVANCED_FACE ( 'NONE', ( #5921, #6015 ), #8117, .F. ) ;
#4649 = LINE ( 'NONE', #5415, #4033 ) ;
#4650 = ORIENTED_EDGE ( 'NONE', *, *, #7211, .T. ) ;
#4651 = DIRECTION ( 'NONE',  ( 1.000000000000000000, 0.000000000000000000, 0.000000000000000000 ) ) ;
#4652 = CARTESIAN_POINT ( 'NONE',  ( 17.84969721258764253, 31.26321015857041985, -11.00000000000000000 ) ) ;
#4653 = DIRECTION ( 'NONE',  ( 1.000000000000000000, -1.110223024625156540E-16, 0.000000000000000000 ) ) ;
#4654 = ORIENTED_EDGE ( 'NONE', *, *, #4059, .F. ) ;
#4655 = ADVANCED_FACE ( 'NONE', ( #8891, #842 ), #3788, .T. ) ;
#4656 = FACE_OUTER_BOUND ( 'NONE', #8061, .T. ) ;
#4657 = PERSON ( 'NAUO-PER25', 'UNSPECIFIED', 'UNSPECIFIED', ('UNSPECIFIED'), ('UNSPECIFIED'), ('UNSPECIFIED') ) ;
#4658 = ORIENTED_EDGE ( 'NONE', *, *, #3262, .F. ) ;
#4659 = CARTESIAN_POINT ( 'NONE',  ( 63.46176972075376455, -48.70938086149337209, -53.00000000000000000 ) ) ;
#4660 = ADVANCED_BREP_SHAPE_REPRESENTATION ( '', ( #423, #6745, #8931 ), #4808 ) ;
#4661 = ORIENTED_EDGE ( 'NONE', *, *, #5119, .F. ) ;
#4662 = CARTESIAN_POINT ( 'NONE',  ( -17.84969721258764253, 31.26321015857041985, 11.00000000000000000 ) ) ;
#4663 = CARTESIAN_POINT ( 'NONE',  ( 0.000000000000000000, 0.000000000000000000, 71.00000000000000000 ) ) ;
#4664 = CARTESIAN_POINT ( 'NONE',  ( -74.76294694533464735, -62.72224103642152926, 0.000000000000000000 ) ) ;
#4665 = CARTESIAN_POINT ( 'NONE',  ( 17.83085835668879326, 31.62267694301682752, 9.932699684389520556 ) ) ;
#4666 = ITEM_DEFINED_TRANSFORMATION ( 'NONE', 'NONE', #6435,  #8931 ) ;
#4667 = CARTESIAN_POINT ( 'NONE',  ( 0.000000000000000000, 0.000000000000000000, -228.0000000000000000 ) ) ;
#4668 = LOCAL_TIME ( 2, 39, 17.00000000000000000, #4489 ) ;
#4669 = ADVANCED_FACE ( 'NONE', ( #4890 ), #3364, .F. ) ;
#4670 = EDGE_CURVE ( 'NONE', #6029, #3756, #1323, .T. ) ;
#4671 = CARTESIAN_POINT ( 'NONE',  ( 49.99999999999419487, -2.340810925911101204E-12, -266.0000000000000000 ) ) ;
#4672 = ORIENTED_EDGE ( 'NONE', *, *, #9315, .T. ) ;
#4673 = DIRECTION ( 'NONE',  ( -0.000000000000000000, -0.000000000000000000, -1.000000000000000000 ) ) ;
#4674 =( GEOMETRIC_REPRESENTATION_CONTEXT ( 3 ) GLOBAL_UNCERTAINTY_ASSIGNED_CONTEXT ( ( #5460 ) ) GLOBAL_UNIT_ASSIGNED_CONTEXT ( ( #9054, #4839, #8418 ) ) REPRESENTATION_CONTEXT ( 'NONE', 'WORKASPACE' ) );
#4675 = CARTESIAN_POINT ( 'NONE',  ( 30.19214044603492297, 63.60700526054102966, -38.00000000000000000 ) ) ;
#4676 = APPROVAL_PERSON_ORGANIZATION ( #519, #5145, #1183 ) ;
#4677 = APPROVAL_DATE_TIME ( #8919, #3338 ) ;
#4678 = AXIS2_PLACEMENT_3D ( 'NONE', #8315, #1762, #4697 ) ;
#4679 = CARTESIAN_POINT ( 'NONE',  ( 8.077622405275693751, 37.13810386883908166, 48.01297647813200342 ) ) ;
#4680 = LOCAL_TIME ( 2, 39, 17.00000000000000000, #6461 ) ;
#4681 = LINE ( 'NONE', #9065, #8423 ) ;
#4682 = ORIENTED_EDGE ( 'NONE', *, *, #2053, .F. ) ;
#4683 = CARTESIAN_POINT ( 'NONE',  ( -72.76294694533463314, 0.2777589635784699640, -17.50000000000000000 ) ) ;
#4684 = ORIENTED_EDGE ( 'NONE', *, *, #3487, .F. ) ;
#4685 = CARTESIAN_POINT ( 'NONE',  ( -63.76294694533463314, 0.2777589635784699640, 17.50000000000000000 ) ) ;
#4686 = LOCAL_TIME ( 2, 39, 17.00000000000000000, #1448 ) ;
#4687 = LOCAL_TIME ( 2, 39, 17.00000000000000000, #6339 ) ;
#4688 = DATE_AND_TIME ( #7675, #4016 ) ;
#4689 = COORDINATED_UNIVERSAL_TIME_OFFSET ( 5, 30, .AHEAD. ) ;
#4690 = APPROVAL ( #1933, 'UNSPECIFIED' ) ;
#4691 = CARTESIAN_POINT ( 'NONE',  ( 35.00953975440663157, -14.80058127466712037, 17.94561493170392197 ) ) ;
#4692 = CARTESIAN_POINT ( 'NONE',  ( 15.81128311745993997, 39.45003521576974492, 32.99308310778483389 ) ) ;
#4693 = LINE ( 'NONE', #3067, #8232 ) ;
#4694 = EDGE_LOOP ( 'NONE', ( #9191, #2265, #6858, #2107 ) ) ;
#4695 = DIRECTION ( 'NONE',  ( 0.000000000000000000, 0.000000000000000000, -1.000000000000000000 ) ) ;
#4696 = ORIENTED_EDGE ( 'NONE', *, *, #4990, .T. ) ;
#4697 = DIRECTION ( 'NONE',  ( 1.000000000000000000, 6.982962677686266711E-15, 0.000000000000000000 ) ) ;
#4698 = CARTESIAN_POINT ( 'NONE',  ( 17.84874032140711719, 31.28146872998132366, -10.71515223080181833 ) ) ;
#4699 = EDGE_CURVE ( 'NONE', #2916, #4721, #1235, .T. ) ;
#4700 = ORIENTED_EDGE ( 'NONE', *, *, #7479, .F. ) ;
#4701 = DIRECTION ( 'NONE',  ( 0.000000000000000000, -0.000000000000000000, 1.000000000000000000 ) ) ;
#4702 = CARTESIAN_POINT ( 'NONE',  ( -34.83320650664426665, 24.34966300051285160, 10.31019330857831839 ) ) ;
#4703 = VERTEX_POINT ( 'NONE', #7841 ) ;
#4704 = CARTESIAN_POINT ( 'NONE',  ( 31.86628220507391873, -20.71844556050584174, 15.00123142162940937 ) ) ;
#4705 = ORIENTED_EDGE ( 'NONE', *, *, #3951, .T. ) ;
#4706 = FACE_OUTER_BOUND ( 'NONE', #3553, .T. ) ;
#4707 = FACE_BOUND ( 'NONE', #7864, .T. ) ;
#4708 = CARTESIAN_POINT ( 'NONE',  ( 38.00000000000000000, 30.00000000000000000, 0.000000000000000000 ) ) ;
#4709 = DIRECTION ( 'NONE',  ( 1.000000000000000000, 0.000000000000000000, 0.000000000000000000 ) ) ;
#4710 = EDGE_CURVE ( 'NONE', #8899, #6172, #2016, .T. ) ;
#4711 = DIRECTION ( 'NONE',  ( -0.000000000000000000, -0.000000000000000000, -1.000000000000000000 ) ) ;
#4712 = LINE ( 'NONE', #6991, #8567 ) ;
#4713 = ORIENTED_EDGE ( 'NONE', *, *, #2539, .T. ) ;
#4714 = DIRECTION ( 'NONE',  ( 0.000000000000000000, 0.000000000000000000, 1.000000000000000000 ) ) ;
#4715 = DIRECTION ( 'NONE',  ( -0.5778824336925031391, 0.8161200235441045114, 0.000000000000000000 ) ) ;
#4716 = EDGE_CURVE ( 'NONE', #5312, #3726, #7709, .T. ) ;
#4717 = DATE_AND_TIME ( #9064, #9376 ) ;
#4718 =( BOUNDED_CURVE ( )  B_SPLINE_CURVE ( 3, ( #7263, #3639, #6535, #8631 ),
 .UNSPECIFIED., .F., .T. ) 
 B_SPLINE_CURVE_WITH_KNOTS ( ( 4, 4 ),
 ( 4.712388980384689674, 7.853981633974482790 ),
 .UNSPECIFIED. ) 
 CURVE ( )  GEOMETRIC_REPRESENTATION_ITEM ( )  RATIONAL_B_SPLINE_CURVE ( ( 1.000000000000000000, 0.3333333333333333703, 0.3333333333333333703, 1.000000000000000000 ) ) 
 REPRESENTATION_ITEM ( '' )  );
#4719 = CARTESIAN_POINT ( 'NONE',  ( 22.49987198501856867, 30.62279805443196068, 27.38843577045394895 ) ) ;
#4720 = CARTESIAN_POINT ( 'NONE',  ( 21.27185312515287308, -31.48935293079833286, 34.36953577922016478 ) ) ;
#4721 = VERTEX_POINT ( 'NONE', #2657 ) ;
#4722 = DIRECTION ( 'NONE',  ( 1.000000000000000000, 0.000000000000000000, 0.000000000000000000 ) ) ;
#4723 = CARTESIAN_POINT ( 'NONE',  ( -3.072503578181957353E-13, 44.00000000000000000, -113.9999999999999858 ) ) ;
#4724 = ADVANCED_FACE ( 'NONE', ( #4803 ), #3416, .T. ) ;
#4725 = COORDINATED_UNIVERSAL_TIME_OFFSET ( 5, 30, .AHEAD. ) ;
#4726 = PERSON_AND_ORGANIZATION_ROLE ( 'classification_officer' ) ;
#4727 = VECTOR ( 'NONE', #1427, 1000.000000000000000 ) ;
#4728 = CARTESIAN_POINT ( 'NONE',  ( -7.523523308067790794, -41.83171991688146107, 11.85692048348058414 ) ) ;
#4729 = CARTESIAN_POINT ( 'NONE',  ( 16.46079159474147602, 39.18298926658444259, 30.86871549155923589 ) ) ;
#4730 = CARTESIAN_POINT ( 'NONE',  ( -36.76294694533463314, 0.2777589635784699640, -17.50000000000000000 ) ) ;
#4731 = ORIENTED_EDGE ( 'NONE', *, *, #6269, .F. ) ;
#4732 = DIRECTION ( 'NONE',  ( -1.000000000000000000, 0.000000000000000000, 0.000000000000000000 ) ) ;
#4733 = CONICAL_SURFACE ( 'NONE', #5493, 16.89999999999999858, 0.7853981633974482790 ) ;
#4734 = VERTEX_POINT ( 'NONE', #9138 ) ;
#4735 = DIRECTION ( 'NONE',  ( 0.000000000000000000, -1.000000000000000000, 0.000000000000000000 ) ) ;
#4736 = CARTESIAN_POINT ( 'NONE',  ( 0.000000000000000000, 0.000000000000000000, 8.999999999999998224 ) ) ;
#4737 = DIRECTION ( 'NONE',  ( 1.232595164407830946E-32, 1.224646799147353454E-16, -1.000000000000000000 ) ) ;
#4738 = FACE_OUTER_BOUND ( 'NONE', #7441, .T. ) ;
#4739 = FACE_OUTER_BOUND ( 'NONE', #81, .T. ) ;
#4740 = CARTESIAN_POINT ( 'NONE',  ( 16.15824077874042075, 185.5423739048267464, 19.00000000000000000 ) ) ;
#4741 = CARTESIAN_POINT ( 'NONE',  ( -9.762946945334638471, 0.2777589635784699640, 17.50000000000000000 ) ) ;
#4742 = APPROVAL ( #2660, 'UNKNOWN' ) ;
#4743 = EDGE_LOOP ( 'NONE', ( #2276, #1461 ) ) ;
#4744 = EDGE_CURVE ( 'NONE', #6591, #8902, #5793, .T. ) ;
#4745 = CARTESIAN_POINT ( 'NONE',  ( 30.79577776033832492, -22.26551134511400676, 13.63940246838136261 ) ) ;
#4746 = VERTEX_POINT ( 'NONE', #5520 ) ;
#4747 = DIRECTION ( 'NONE',  ( 0.000000000000000000, 0.000000000000000000, -1.000000000000000000 ) ) ;
#4748 = DIRECTION ( 'NONE',  ( 0.000000000000000000, 0.000000000000000000, 1.000000000000000000 ) ) ;
#4749 = AXIS2_PLACEMENT_3D ( 'NONE', #8955, #8995, #129 ) ;
#4750 = CARTESIAN_POINT ( 'NONE',  ( 17.84969721258763897, 31.26321015857042696, 10.85542629633299150 ) ) ;
#4751 = CARTESIAN_POINT ( 'NONE',  ( 39.26424172350249364, 16.28759011737973950, 17.31875267503594173 ) ) ;
#4752 = AXIS2_PLACEMENT_3D ( 'NONE', #656, #2024, #8664 ) ;
#4753 = AXIS2_PLACEMENT_3D ( 'NONE', #82, #6836, #305 ) ;
#4754 = PLANE ( 'NONE',  #8105 ) ;
#4755 = CARTESIAN_POINT ( 'NONE',  ( 38.00000000000000711, 1.817062708372378710, 20.77501000800801023 ) ) ;
#4756 = EDGE_CURVE ( 'NONE', #1712, #4106, #9188, .T. ) ;
#4757 = CARTESIAN_POINT ( 'NONE',  ( 34.36931771216880094, 24.99999999999999645, 7.687535800667395058 ) ) ;
#4758 = ORIENTED_EDGE ( 'NONE', *, *, #688, .T. ) ;
#4759 = VECTOR ( 'NONE', #3673, 1000.000000000000000 ) ;
#4760 = VERTEX_POINT ( 'NONE', #3327 ) ;
#4761 = DIRECTION ( 'NONE',  ( 0.000000000000000000, 1.000000000000000000, 0.000000000000000000 ) ) ;
#4762 =( REPRESENTATION_RELATIONSHIP ('NONE','NONE', #1222, #9169 ) REPRESENTATION_RELATIONSHIP_WITH_TRANSFORMATION ( #4593 )SHAPE_REPRESENTATION_RELATIONSHIP( ) );
#4763 = DATE_AND_TIME ( #7000, #6957 ) ;
#4764 = CIRCLE ( 'NONE', #7509, 39.50000000000000000 ) ;
#4765 = LOCAL_TIME ( 2, 39, 17.00000000000000000, #3395 ) ;
#4766 = VECTOR ( 'NONE', #3860, 1000.000000000000000 ) ;
#4767 = FACE_OUTER_BOUND ( 'NONE', #5983, .T. ) ;
#4768 = EDGE_CURVE ( 'NONE', #6668, #2714, #6254, .T. ) ;
#4769 = CARTESIAN_POINT ( 'NONE',  ( 21.27533218563853268, -31.48699547379062125, 19.64064974788719553 ) ) ;
#4770 = ORIENTED_EDGE ( 'NONE', *, *, #5247, .T. ) ;
#4771 = PERSON ( 'NAUO-PER28', 'UNSPECIFIED', 'UNSPECIFIED', ('UNSPECIFIED'), ('UNSPECIFIED'), ('UNSPECIFIED') ) ;
#4772 = CARTESIAN_POINT ( 'NONE',  ( -72.00000000000000000, 8.817456953860941711E-15, -281.0000000000000000 ) ) ;
#4773 = AXIS2_PLACEMENT_3D ( 'NONE', #7829, #4218, #5906 ) ;
#4774 = B_SPLINE_CURVE_WITH_KNOTS ( 'NONE', 3,
 ( #6806, #7738, #324, #2459, #5511, #1870, #3225, #3903, #1094, #4665, #999, #8283, #9181, #3354, #4750, #3182 ),
 .UNSPECIFIED., .F., .F.,
 ( 4, 2, 2, 2, 2, 2, 2, 4 ),
 ( 7.152448122690996019E-18, 0.0008472680164192038666, 0.001270902024628811329, 0.001694536032838418575, 0.002118170041048026038, 0.002541804049257633067, 0.002965438057467240530, 0.003389072065676847993 ),
 .UNSPECIFIED. ) ;
#4775 = DIRECTION ( 'NONE',  ( 1.000000000000000000, 0.000000000000000000, 0.000000000000000000 ) ) ;
#4776 = CALENDAR_DATE ( 2026, 3, 10 ) ;
#4777 = CYLINDRICAL_SURFACE ( 'NONE', #1826, 17.50000000000007105 ) ;
#4778 = CARTESIAN_POINT ( 'NONE',  ( 14.62476062844493541, 39.90544182159179343, 18.51287116735492688 ) ) ;
#4779 = AXIS2_PLACEMENT_3D ( 'NONE', #8009, #8210, #1450 ) ;
#4780 = ADVANCED_FACE ( 'NONE', ( #4846 ), #4186, .T. ) ;
#4781 = EDGE_CURVE ( 'NONE', #1618, #2790, #8472, .T. ) ;
#4782 = VERTEX_POINT ( 'NONE', #515 ) ;
#4783 = DIRECTION ( 'NONE',  ( -1.000000000000000000, -8.759319517086517175E-15, 0.000000000000000000 ) ) ;
#4784 = ORIENTED_EDGE ( 'NONE', *, *, #1907, .T. ) ;
#4785 = CARTESIAN_POINT ( 'NONE',  ( -89.76294694533466156, -37.77160273854943995, -7.500000000000012434 ) ) ;
#4786 = LINE ( 'NONE', #3343, #7785 ) ;
#4787 = CARTESIAN_POINT ( 'NONE',  ( 1.237053054665496088, -62.72224103642152926, 4.999999999999743316 ) ) ;
#4788 = CARTESIAN_POINT ( 'NONE',  ( 17.50000000000007105, 2.143131898507876926E-15, 308.0000000000000000 ) ) ;
#4789 = DIRECTION ( 'NONE',  ( 0.000000000000000000, 0.000000000000000000, 1.000000000000000000 ) ) ;
#4790 = FACE_OUTER_BOUND ( 'NONE', #3503, .T. ) ;
#4791 = ORIENTED_EDGE ( 'NONE', *, *, #5132, .T. ) ;
#4792 = DIRECTION ( 'NONE',  ( 0.000000000000000000, 0.000000000000000000, 1.000000000000000000 ) ) ;
#4793 = ORIENTED_EDGE ( 'NONE', *, *, #895, .T. ) ;
#4794 = CYLINDRICAL_SURFACE ( 'NONE', #7855, 39.50000000000000000 ) ;
#4795 = LINE ( 'NONE', #7736, #6104 ) ;
#4796 = PRODUCT_RELATED_PRODUCT_CATEGORY ( 'detail', '', ( #2111 ) ) ;
#4797 = CARTESIAN_POINT ( 'NONE',  ( -1.216633335767241197, -5.420126799594610745, 10.24670516481531735 ) ) ;
#4798 = ORIENTED_EDGE ( 'NONE', *, *, #8825, .T. ) ;
#4799 = CARTESIAN_POINT ( 'NONE',  ( 36.00000000000000000, 2.557953848736360669E-13, 0.000000000000000000 ) ) ;
#4800 = DIRECTION ( 'NONE',  ( 1.000000000000000000, 0.000000000000000000, 0.000000000000000000 ) ) ;
#4801 = EDGE_LOOP ( 'NONE', ( #8129, #9255, #6334, #6855 ) ) ;
#4802 = ORIENTED_EDGE ( 'NONE', *, *, #8860, .F. ) ;
#4803 = FACE_OUTER_BOUND ( 'NONE', #6456, .T. ) ;
#4804 = PERSON_AND_ORGANIZATION_ROLE ( 'classification_officer' ) ;
#4805 = CARTESIAN_POINT ( 'NONE',  ( 34.36931771216882225, -24.99999999999997868, 90.00000000000001421 ) ) ;
#4806 = DATE_AND_TIME ( #4236, #8467 ) ;
#4807 = ADVANCED_FACE ( 'NONE', ( #2701 ), #1880, .F. ) ;
#4808 =( GEOMETRIC_REPRESENTATION_CONTEXT ( 3 ) GLOBAL_UNCERTAINTY_ASSIGNED_CONTEXT ( ( #256 ) ) GLOBAL_UNIT_ASSIGNED_CONTEXT ( ( #3451, #9363, #4178 ) ) REPRESENTATION_CONTEXT ( 'NONE', 'WORKASPACE' ) );
#4809 = CARTESIAN_POINT ( 'NONE',  ( 18.27317931161620024, -33.32119826063510715, 40.14747181978830071 ) ) ;
#4810 = VERTEX_POINT ( 'NONE', #8519 ) ;
#4811 = DIRECTION ( 'NONE',  ( -0.000000000000000000, -0.000000000000000000, -1.000000000000000000 ) ) ;
#4812 = SECURITY_CLASSIFICATION ( '', '', #5524 ) ;
#4813 = CARTESIAN_POINT ( 'NONE',  ( 0.000000000000000000, -44.00000000000000000, -152.0000000000000000 ) ) ;
#4814 = COORDINATED_UNIVERSAL_TIME_OFFSET ( 5, 30, .AHEAD. ) ;
#4815 = AXIS2_PLACEMENT_3D ( 'NONE', #3536, #4930, #638 ) ;
#4816 = EDGE_CURVE ( 'NONE', #9423, #649, #3079, .T. ) ;
#4817 = FACE_OUTER_BOUND ( 'NONE', #3333, .T. ) ;
#4818 = CONICAL_SURFACE ( 'NONE', #1131, 38.75000000000002842, 0.7853981633974520538 ) ;
#4819 = ORIENTED_EDGE ( 'NONE', *, *, #2730, .T. ) ;
#4820 = APPROVAL_PERSON_ORGANIZATION ( #8197, #4219, #5296 ) ;
#4821 = SECURITY_CLASSIFICATION ( '', '', #5084 ) ;
#4822 = DIRECTION ( 'NONE',  ( 1.000000000000000000, 0.000000000000000000, -0.000000000000000000 ) ) ;
#4823 = VERTEX_POINT ( 'NONE', #7084 ) ;
#4824 = CARTESIAN_POINT ( 'NONE',  ( -38.00000000000000000, -1.817062708372377600, 20.77501000800801378 ) ) ;
#4825 = CARTESIAN_POINT ( 'NONE',  ( 31.20919935692043623, 21.68222067966054212, 14.20696390824577726 ) ) ;
#4826 = PERSON_AND_ORGANIZATION_ROLE ( 'creator' ) ;
#4827 = ADVANCED_FACE ( 'NONE', ( #6357 ), #9277, .T. ) ;
#4828 = EDGE_CURVE ( 'NONE', #8890, #6407, #8569, .T. ) ;
#4829 = CARTESIAN_POINT ( 'NONE',  ( 38.89087296525944026, 38.89087296525845971, -281.0000000000000000 ) ) ;
#4830 = EDGE_LOOP ( 'NONE', ( #5447, #4705 ) ) ;
#4831 = PRODUCT ( 'piston', 'piston', '', ( #7589 ) ) ;
#4832 = DIRECTION ( 'NONE',  ( -1.000000000000000000, -6.938893903907228378E-15, 0.000000000000000000 ) ) ;
#4833 = CARTESIAN_POINT ( 'NONE',  ( 0.000000000000000000, 0.000000000000000000, -9.000000000000000000 ) ) ;
#4834 = ORIENTED_EDGE ( 'NONE', *, *, #3027, .F. ) ;
#4835 = CARTESIAN_POINT ( 'NONE',  ( 1.725022993852668420E-14, 145.5999999999999943, 6.999999999999999112 ) ) ;
#4836 = ORIENTED_EDGE ( 'NONE', *, *, #5607, .T. ) ;
#4837 = CARTESIAN_POINT ( 'NONE',  ( -34.36931771216878673, 25.00000000000000000, 0.000000000000000000 ) ) ;
#4838 = DIRECTION ( 'NONE',  ( -1.000000000000000000, 0.000000000000000000, 0.000000000000000000 ) ) ;
#4839 =( NAMED_UNIT ( * ) PLANE_ANGLE_UNIT ( ) SI_UNIT ( $, .RADIAN. ) );
#4840 = EDGE_CURVE ( 'NONE', #4873, #3638, #8547, .T. ) ;
#4841 = DIRECTION ( 'NONE',  ( -0.000000000000000000, -0.000000000000000000, 1.000000000000000000 ) ) ;
#4842 = CARTESIAN_POINT ( 'NONE',  ( -1.197593240306493501, -5.300541172123251599, 10.24618314486956905 ) ) ;
#4843 = ORIENTED_EDGE ( 'NONE', *, *, #5435, .F. ) ;
#4844 = CARTESIAN_POINT ( 'NONE',  ( -39.50000000000000000, 4.837354856632044663E-15, 66.69999999999998863 ) ) ;
#4845 = PLANE ( 'NONE',  #4972 ) ;
#4846 = FACE_OUTER_BOUND ( 'NONE', #4519, .T. ) ;
#4847 = CARTESIAN_POINT ( 'NONE',  ( 22.60623775818601899, 30.00000000000000000, 9.035876416136996880 ) ) ;
#4848 = VERTEX_POINT ( 'NONE', #5934 ) ;
#4849 = DATE_TIME_ROLE ( 'classification_date' ) ;
#4850 = CARTESIAN_POINT ( 'NONE',  ( 1.526541008103006192, 38.00000000000000711, 49.50000000000001421 ) ) ;
#4851 = CARTESIAN_POINT ( 'NONE',  ( 9.431869536579164048, -36.81247186153596829, 6.568996557234632050 ) ) ;
#4852 = VERTEX_POINT ( 'NONE', #7170 ) ;
#4853 = CYLINDRICAL_SURFACE ( 'NONE', #2316, 42.50000000000000711 ) ;
#4854 = CC_DESIGN_PERSON_AND_ORGANIZATION_ASSIGNMENT ( #8381, #1238, ( #1272 ) ) ;
#4855 = EDGE_CURVE ( 'NONE', #1311, #2556, #8394, .T. ) ;
#4856 = CYLINDRICAL_SURFACE ( 'NONE', #7694, 38.00000000000000000 ) ;
#4857 = SHAPE_DEFINITION_REPRESENTATION ( #5589, #3210 ) ;
#4858 = CARTESIAN_POINT ( 'NONE',  ( -14.34171172279173057, -40.00836291445119741, 18.04323974723345003 ) ) ;
#4859 = DIRECTION ( 'NONE',  ( 0.000000000000000000, 0.000000000000000000, -1.000000000000000000 ) ) ;
#4860 = ORIENTED_EDGE ( 'NONE', *, *, #3603, .F. ) ;
#4861 = EDGE_CURVE ( 'NONE', #5289, #5805, #647, .T. ) ;
#4862 = CARTESIAN_POINT ( 'NONE',  ( -15.41967430111112769, -34.73538468155516767, 43.40126013609447853 ) ) ;
#4863 = EDGE_LOOP ( 'NONE', ( #1655, #5628, #8615, #4433 ) ) ;
#4864 = FACE_BOUND ( 'NONE', #3534, .T. ) ;
#4865 = CARTESIAN_POINT ( 'NONE',  ( -72.39099793444934505, -4.884061088715072607, 10.24411907712521597 ) ) ;
#4866 = CALENDAR_DATE ( 2026, 3, 10 ) ;
#4867 = ITEM_DEFINED_TRANSFORMATION ( 'NONE', 'NONE', #8422,  #8931 ) ;
#4868 = CARTESIAN_POINT ( 'NONE',  ( -74.76294694533464735, -62.72224103642152926, -7.500000000000007105 ) ) ;
#4869 = DIRECTION ( 'NONE',  ( -0.2840153447039202583, 0.9588197348681938292, 0.000000000000000000 ) ) ;
#4870 = PLANE ( 'NONE',  #432 ) ;
#4871 = DIRECTION ( 'NONE',  ( 0.000000000000000000, 0.000000000000000000, -1.000000000000000000 ) ) ;
#4872 = VERTEX_POINT ( 'NONE', #7217 ) ;
#4873 = VERTEX_POINT ( 'NONE', #8132 ) ;
#4874 = ADVANCED_FACE ( 'NONE', ( #6457 ), #6538, .T. ) ;
#4875 = DIRECTION ( 'NONE',  ( -1.000000000000000000, -6.938893903907228378E-15, 0.000000000000000000 ) ) ;
#4876 = VERTEX_POINT ( 'NONE', #749 ) ;
#4877 = CARTESIAN_POINT ( 'NONE',  ( -58.76294694533423524, -59.72224103642165005, -7.500000000000000000 ) ) ;
#4878 = CARTESIAN_POINT ( 'NONE',  ( -72.76294694533463314, 0.2777589635784699640, 10.22250535117726500 ) ) ;
#4879 = VECTOR ( 'NONE', #6789, 999.9999999999998863 ) ;
#4880 = AXIS2_PLACEMENT_3D ( 'NONE', #8604, #4174, #3535 ) ;
#4881 = CARTESIAN_POINT ( 'NONE',  ( 3.626872657412256204E-16, 38.00000000000000000, 49.50000000000000000 ) ) ;
#4882 = ORIENTED_EDGE ( 'NONE', *, *, #1317, .T. ) ;
#4883 = CARTESIAN_POINT ( 'NONE',  ( 43.89087296526088267, -38.89087296526177084, -281.0000000000000000 ) ) ;
#4884 = ADVANCED_FACE ( 'NONE', ( #5177 ), #606, .T. ) ;
#4885 = CARTESIAN_POINT ( 'NONE',  ( -5.999999999999965361, 145.5999999999999943, -6.999999999999999112 ) ) ;
#4886 = AXIS2_PLACEMENT_3D ( 'NONE', #4632, #7332, #2227 ) ;
#4887 = VECTOR ( 'NONE', #6405, 1000.000000000000000 ) ;
#4888 = ADVANCED_FACE ( 'NONE', ( #85 ), #6653, .F. ) ;
#4889 = ORIENTED_EDGE ( 'NONE', *, *, #7031, .F. ) ;
#4890 = FACE_OUTER_BOUND ( 'NONE', #3166, .T. ) ;
#4891 = CARTESIAN_POINT ( 'NONE',  ( 19.98619962033026454, 30.00000000000000000, 10.55712257660836606 ) ) ;
#4892 = VERTEX_POINT ( 'NONE', #7931 ) ;
#4893 = VECTOR ( 'NONE', #7308, 1000.000000000000000 ) ;
#4894 = COORDINATED_UNIVERSAL_TIME_OFFSET ( 5, 30, .AHEAD. ) ;
#4895 = AXIS2_PLACEMENT_3D ( 'NONE', #9005, #3863, #2466 ) ;
#4896 = VECTOR ( 'NONE', #6504, 1000.000000000000000 ) ;
#4897 = CIRCLE ( 'NONE', #754, 42.50000000000000711 ) ;
#4898 = CARTESIAN_POINT ( 'NONE',  ( 0.7618195283959424691, -38.00000000000000711, 4.499999999999997335 ) ) ;
#4899 = EDGE_LOOP ( 'NONE', ( #938, #9425, #547, #9148 ) ) ;
#4900 = LINE ( 'NONE', #1537, #4909 ) ;
#4901 = AXIS2_PLACEMENT_3D ( 'NONE', #2205, #9370, #7839 ) ;
#4902 = CIRCLE ( 'NONE', #8268, 22.50000000000000355 ) ;
#4903 = CARTESIAN_POINT ( 'NONE',  ( -17.83511325744375142, 31.54148860011874689, -10.04962884287643199 ) ) ;
#4904 = PERSON_AND_ORGANIZATION ( #2940, #5543 ) ;
#4905 = CIRCLE ( 'NONE', #759, 42.50000000000000711 ) ;
#4906 = CARTESIAN_POINT ( 'NONE',  ( 0.3381283234826968354, -7.129759177382259949, 8.416666666666676733 ) ) ;
#4907 = CC_DESIGN_PERSON_AND_ORGANIZATION_ASSIGNMENT ( #5351, #8255, ( #1132 ) ) ;
#4908 = CC_DESIGN_PERSON_AND_ORGANIZATION_ASSIGNMENT ( #6337, #7867, ( #5385 ) ) ;
#4909 = VECTOR ( 'NONE', #2172, 1000.000000000000000 ) ;
#4910 = CC_DESIGN_APPROVAL ( #8350, ( #1540 ) ) ;
#4911 = AXIS2_PLACEMENT_3D ( 'NONE', #6722, #8969, #3107 ) ;
#4912 = ORIENTED_EDGE ( 'NONE', *, *, #450, .F. ) ;
#4913 = CARTESIAN_POINT ( 'NONE',  ( -17.85417482426239388, -33.55722028423325298, 40.76829528166187089 ) ) ;
#4914 = ORIENTED_EDGE ( 'NONE', *, *, #486, .T. ) ;
#4915 = DIRECTION ( 'NONE',  ( 0.000000000000000000, 0.000000000000000000, 1.000000000000000000 ) ) ;
#4916 = DIRECTION ( 'NONE',  ( -0.000000000000000000, -0.000000000000000000, -1.000000000000000000 ) ) ;
#4917 = DATE_AND_TIME ( #1988, #8417 ) ;
#4918 = DATE_AND_TIME ( #8542, #9389 ) ;
#4919 = AXIS2_PLACEMENT_3D ( 'NONE', #7972, #5270, #2250 ) ;
#4920 = AXIS2_PLACEMENT_3D ( 'NONE', #6684, #7291, #5261 ) ;
#4921 = DIRECTION ( 'NONE',  ( -0.000000000000000000, -0.000000000000000000, 1.000000000000000000 ) ) ;
#4922 = EDGE_CURVE ( 'NONE', #474, #3956, #5201, .T. ) ;
#4923 = DIRECTION ( 'NONE',  ( 1.000000000000000000, 0.000000000000000000, -0.000000000000000000 ) ) ;
#4924 = CARTESIAN_POINT ( 'NONE',  ( -36.00000000000000000, -2.557953848736360669E-13, 114.0000000000000000 ) ) ;
#4925 = DIRECTION ( 'NONE',  ( -0.2840153447039203138, -0.9588197348681938292, 0.000000000000000000 ) ) ;
#4926 = EDGE_LOOP ( 'NONE', ( #850, #4784 ) ) ;
#4927 = DIRECTION ( 'NONE',  ( -0.000000000000000000, -0.000000000000000000, -1.000000000000000000 ) ) ;
#4928 = AXIS2_PLACEMENT_3D ( 'NONE', #1851, #7596, #8397 ) ;
#4929 = ORIENTED_EDGE ( 'NONE', *, *, #6985, .F. ) ;
#4930 = DIRECTION ( 'NONE',  ( -0.000000000000000000, -0.000000000000000000, 1.000000000000000000 ) ) ;
#4931 = CARTESIAN_POINT ( 'NONE',  ( 72.00000000000000000, 0.000000000000000000, -281.0000000000000000 ) ) ;
#4932 = ADVANCED_FACE ( 'NONE', ( #2839 ), #8701, .T. ) ;
#4933 = AXIS2_PLACEMENT_3D ( 'NONE', #7085, #1696, #9237 ) ;
#4934 = CARTESIAN_POINT ( 'NONE',  ( -1.036775009346293075, -4.154030421127070660, 10.23994831031274799 ) ) ;
#4935 = VERTEX_POINT ( 'NONE', #1419 ) ;
#4936 = CARTESIAN_POINT ( 'NONE',  ( 0.000000000000000000, 0.000000000000000000, 19.00000000000000000 ) ) ;
#4937 = CARTESIAN_POINT ( 'NONE',  ( -58.76294694533423524, -59.72224103642165005, 7.500000000000000000 ) ) ;
#4938 = ORIENTED_EDGE ( 'NONE', *, *, #778, .T. ) ;
#4939 = DIRECTION ( 'NONE',  ( 1.000000000000000000, 0.000000000000000000, 0.000000000000000000 ) ) ;
#4940 = CARTESIAN_POINT ( 'NONE',  ( -17.84969721258764253, 31.26321015857041985, 9.000000000000000000 ) ) ;
#4941 = ORIENTED_EDGE ( 'NONE', *, *, #9165, .T. ) ;
#4942 = COORDINATED_UNIVERSAL_TIME_OFFSET ( 5, 30, .AHEAD. ) ;
#4943 = EDGE_CURVE ( 'NONE', #1456, #4100, #9013, .T. ) ;
#4944 = ADVANCED_FACE ( 'NONE', ( #2207 ), #8028, .T. ) ;
#4945 = CARTESIAN_POINT ( 'NONE',  ( 14.88169115733335524, 34.96996358380251735, 10.10890692263719259 ) ) ;
#4946 = DIRECTION ( 'NONE',  ( 1.000000000000000000, 0.000000000000000000, 0.000000000000000000 ) ) ;
#4947 = PLANE ( 'NONE',  #7862 ) ;
#4948 = ORIENTED_EDGE ( 'NONE', *, *, #3794, .F. ) ;
#4949 = DIRECTION ( 'NONE',  ( 1.000000000000000000, 0.000000000000000000, 0.000000000000000000 ) ) ;
#4950 = FACE_OUTER_BOUND ( 'NONE', #6232, .T. ) ;
#4951 = DATE_AND_TIME ( #5574, #7402 ) ;
#4952 = VECTOR ( 'NONE', #7342, 1000.000000000000000 ) ;
#4953 = CARTESIAN_POINT ( 'NONE',  ( -2.241659479547636113, -42.44448920766051714, 43.75999056896841211 ) ) ;
#4954 = DIRECTION ( 'NONE',  ( 0.000000000000000000, 0.000000000000000000, -1.000000000000000000 ) ) ;
#4955 = DIRECTION ( 'NONE',  ( 1.000000000000000000, -0.000000000000000000, -0.000000000000000000 ) ) ;
#4956 = LOCAL_TIME ( 2, 39, 17.00000000000000000, #7810 ) ;
#4957 = ORIENTED_EDGE ( 'NONE', *, *, #1282, .F. ) ;
#4958 = DIRECTION ( 'NONE',  ( -1.000000000000000000, 0.000000000000000000, 0.000000000000000000 ) ) ;
#4959 = CIRCLE ( 'NONE', #6317, 38.00000000000000000 ) ;
#4960 = VERTEX_POINT ( 'NONE', #4368 ) ;
#4961 = CARTESIAN_POINT ( 'NONE',  ( 42.21004886235983378, -4.976252662167370389, 20.46680582426981587 ) ) ;
#4962 = CARTESIAN_POINT ( 'NONE',  ( 1.784466780631329241, 0.6582315237321362256, 7.479995869826434607 ) ) ;
#4963 = APPROVAL ( #5661, 'UNSPECIFIED' ) ;
#4964 = SHAPE_DEFINITION_REPRESENTATION ( #9359, #1222 ) ;
#4965 = DATE_AND_TIME ( #7016, #4687 ) ;
#4966 = LOCAL_TIME ( 2, 39, 17.00000000000000000, #4894 ) ;
#4967 = DIRECTION ( 'NONE',  ( 0.000000000000000000, 0.000000000000000000, -1.000000000000000000 ) ) ;
#4968 = CARTESIAN_POINT ( 'NONE',  ( -42.50000000000000711, -20.00000000000000711, 15.41602615938555587 ) ) ;
#4969 = CARTESIAN_POINT ( 'NONE',  ( 0.000000000000000000, 0.000000000000000000, 19.00000000000000000 ) ) ;
#4970 = AXIS2_PLACEMENT_3D ( 'NONE', #1042, #7833, #8508 ) ;
#4971 = EDGE_LOOP ( 'NONE', ( #8455, #829, #8425, #4860 ) ) ;
#4972 = AXIS2_PLACEMENT_3D ( 'NONE', #7743, #473, #513 ) ;
#4973 = ORIENTED_EDGE ( 'NONE', *, *, #778, .F. ) ;
#4974 = ORIENTED_EDGE ( 'NONE', *, *, #6280, .T. ) ;
#4975 = CARTESIAN_POINT ( 'NONE',  ( -0.9290991364921891149, -3.177113891380062505, -10.23407624089394297 ) ) ;
#4976 = DIRECTION ( 'NONE',  ( 0.000000000000000000, 0.000000000000000000, -1.000000000000000000 ) ) ;
#4977 = CC_DESIGN_PERSON_AND_ORGANIZATION_ASSIGNMENT ( #5487, #2574, ( #6746 ) ) ;
#4978 = LINE ( 'NONE', #548, #3683 ) ;
#4979 = EDGE_CURVE ( 'NONE', #8915, #5603, #3703, .T. ) ;
#4980 = DATE_AND_TIME ( #6544, #6332 ) ;
#4981 = LOCAL_TIME ( 2, 39, 17.00000000000000000, #7345 ) ;
#4982 = PERSON ( 'NAUO-PER11', 'UNSPECIFIED', 'UNSPECIFIED', ('UNSPECIFIED'), ('UNSPECIFIED'), ('UNSPECIFIED') ) ;
#4983 = CARTESIAN_POINT ( 'NONE',  ( 2.756049452903653801E-15, 38.00000000000000000, 4.499999999999998224 ) ) ;
#4984 = ORIENTED_EDGE ( 'NONE', *, *, #4756, .T. ) ;
#4985 = CARTESIAN_POINT ( 'NONE',  ( 20.60954101374385061, 29.99999999999999645, -9.796834691266663953 ) ) ;
#4986 = CARTESIAN_POINT ( 'NONE',  ( 0.000000000000000000, -44.00000000000000000, 175.0000000000000000 ) ) ;
#4987 = ORIENTED_EDGE ( 'NONE', *, *, #1134, .F. ) ;
#4988 = DIRECTION ( 'NONE',  ( -0.000000000000000000, 1.000000000000000000, -0.000000000000000000 ) ) ;
#4989 = DIRECTION ( 'NONE',  ( 0.000000000000000000, 0.000000000000000000, 1.000000000000000000 ) ) ;
#4990 = EDGE_CURVE ( 'NONE', #5801, #2594, #1465, .T. ) ;
#4991 = VERTEX_POINT ( 'NONE', #3642 ) ;
#4992 = CONTEXT_DEPENDENT_SHAPE_REPRESENTATION ( #6773, #5183 ) ;
#4993 = CYLINDRICAL_SURFACE ( 'NONE', #3053, 7.999999999999983125 ) ;
#4994 = FACE_OUTER_BOUND ( 'NONE', #8533, .T. ) ;
#4995 = PLANE ( 'NONE',  #6888 ) ;
#4996 = ORIENTED_EDGE ( 'NONE', *, *, #3918, .T. ) ;
#4997 = DIRECTION ( 'NONE',  ( -0.000000000000000000, 0.000000000000000000, 1.000000000000000000 ) ) ;
#4998 = ADVANCED_FACE ( 'NONE', ( #32 ), #5884, .F. ) ;
#4999 = COORDINATED_UNIVERSAL_TIME_OFFSET ( 5, 30, .AHEAD. ) ;
#5000 = DIRECTION ( 'NONE',  ( -1.000000000000000000, 0.000000000000000000, 0.000000000000000000 ) ) ;
#5001 = VERTEX_POINT ( 'NONE', #8078 ) ;
#5002 = LINE ( 'NONE', #7010, #179 ) ;
#5003 = EDGE_CURVE ( 'NONE', #4119, #7698, #5643, .T. ) ;
#5004 = EDGE_CURVE ( 'NONE', #5356, #4810, #805, .T. ) ;
#5005 = EDGE_LOOP ( 'NONE', ( #861, #3800, #6054, #752 ) ) ;
#5006 = CARTESIAN_POINT ( 'NONE',  ( 60.00000000000114397, -2.341423249310675611E-12, -281.0000000000000000 ) ) ;
#5007 = CARTESIAN_POINT ( 'NONE',  ( -72.59162529106124850, -3.230220801314826140, 10.23438564467028833 ) ) ;
#5008 = COORDINATED_UNIVERSAL_TIME_OFFSET ( 5, 30, .AHEAD. ) ;
#5009 = ITEM_DEFINED_TRANSFORMATION ( 'NONE', 'NONE', #5823,  #8931 ) ;
#5010 = CARTESIAN_POINT ( 'NONE',  ( 0.000000000000000000, -42.50000000000000711, 27.00000000000000000 ) ) ;
#5011 = DIRECTION ( 'NONE',  ( -0.000000000000000000, -0.000000000000000000, -1.000000000000000000 ) ) ;
#5012 = DIRECTION ( 'NONE',  ( -0.9588197348681938292, 0.2840153447039202583, 0.000000000000000000 ) ) ;
#5013 = ORIENTED_EDGE ( 'NONE', *, *, #9419, .T. ) ;
#5014 = B_SPLINE_SURFACE_WITH_KNOTS ( 'NONE', 1, 3, ( 
 ( #7276, #3654, #6554, #8144, #2948, #46 ),
 ( #8819, #2373, #239, #4007, #3279, #1053 ) ),
 .UNSPECIFIED., .F., .F., .F.,
 ( 2, 2 ),
 ( 4, 2, 4 ),
 ( 0.000000000000000000, 1.000000000000000000 ),
 ( 0.000000000000000000, 0.003992780320483392022, 0.007985560640966784043 ),
 .UNSPECIFIED. ) ;
#5015 = CARTESIAN_POINT ( 'NONE',  ( -1.134895955970516068, -4.884061086999293977, -10.24411907711482250 ) ) ;
#5016 = EDGE_LOOP ( 'NONE', ( #4929, #9117, #9328, #102 ) ) ;
#5017 = DIRECTION ( 'NONE',  ( -1.000000000000000000, 0.000000000000000000, 0.000000000000000000 ) ) ;
#5018 = SHAPE_REPRESENTATION_RELATIONSHIP ( 'NONE' , 'NONE' ,  #1954, #4660 ) ;
#5019 = CARTESIAN_POINT ( 'NONE',  ( -2.237373192274333178, 42.45510338394132077, 43.78797834117207088 ) ) ;
#5020 = CIRCLE ( 'NONE', #1181, 17.50000000000007105 ) ;
#5021 = CC_DESIGN_PERSON_AND_ORGANIZATION_ASSIGNMENT ( #8342, #7480, ( #819 ) ) ;
#5022 = DIRECTION ( 'NONE',  ( 0.000000000000000000, 0.000000000000000000, -1.000000000000000000 ) ) ;
#5023 = EDGE_CURVE ( 'NONE', #1404, #8818, #4520, .T. ) ;
#5024 = CARTESIAN_POINT ( 'NONE',  ( -0.8059516465606754165, -1.927688759974883759, 10.22650849487282798 ) ) ;
#5025 = ORIENTED_EDGE ( 'NONE', *, *, #3834, .F. ) ;
#5026 = CYLINDRICAL_SURFACE ( 'NONE', #5050, 27.00000000000000000 ) ;
#5027 = FACE_OUTER_BOUND ( 'NONE', #6276, .T. ) ;
#5028 = ORIENTED_EDGE ( 'NONE', *, *, #6392, .F. ) ;
#5029 = CARTESIAN_POINT ( 'NONE',  ( -36.76294694533463314, 0.2777589635784699640, 17.50000000000000000 ) ) ;
#5030 = DIRECTION ( 'NONE',  ( -1.000000000000000000, 0.000000000000000000, 0.000000000000000000 ) ) ;
#5031 = ORIENTED_EDGE ( 'NONE', *, *, #3237, .F. ) ;
#5032 = PERSON_AND_ORGANIZATION ( #5891, #2543 ) ;
#5033 = LINE ( 'NONE', #7132, #9141 ) ;
#5034 = ADVANCED_FACE ( 'NONE', ( #6030 ), #7609, .F. ) ;
#5035 = VECTOR ( 'NONE', #8784, 1000.000000000000000 ) ;
#5036 = VECTOR ( 'NONE', #6301, 1000.000000000000000 ) ;
#5037 = DIRECTION ( 'NONE',  ( -0.000000000000000000, -0.000000000000000000, 1.000000000000000000 ) ) ;
#5038 = CARTESIAN_POINT ( 'NONE',  ( 36.00000000000000000, 0.000000000000000000, -19.00000000000000000 ) ) ;
#5039 = DIRECTION ( 'NONE',  ( -0.000000000000000000, 1.000000000000000000, -0.000000000000000000 ) ) ;
#5040 = ORIENTED_EDGE ( 'NONE', *, *, #3566, .T. ) ;
#5041 = VECTOR ( 'NONE', #3135, 1000.000000000000000 ) ;
#5042 = DIRECTION ( 'NONE',  ( 1.000000000000000000, 0.000000000000000000, 0.000000000000000000 ) ) ;
#5043 = AXIS2_PLACEMENT_3D ( 'NONE', #3144, #4715, #8293 ) ;
#5044 = PERSON_AND_ORGANIZATION_ROLE ( 'creator' ) ;
#5045 = AXIS2_PLACEMENT_3D ( 'NONE', #4508, #7410, #3835 ) ;
#5046 = CIRCLE ( 'NONE', #1364, 36.00000000000000000 ) ;
#5047 = CARTESIAN_POINT ( 'NONE',  ( -2.791025666928709459, -42.41175207998107055, 43.67713474564176579 ) ) ;
#5048 = ADVANCED_FACE ( 'NONE', ( #4706, #6699 ), #893, .T. ) ;
#5049 = AXIS2_PLACEMENT_3D ( 'NONE', #3713, #8715, #2170 ) ;
#5050 = AXIS2_PLACEMENT_3D ( 'NONE', #4323, #7214, #8749 ) ;
#5051 = EDGE_LOOP ( 'NONE', ( #8827, #3653, #1153, #7310 ) ) ;
#5052 = CARTESIAN_POINT ( 'NONE',  ( -7.360306030094096563, -37.28209278070070809, 48.26536040068678801 ) ) ;
#5053 = ORIENTED_EDGE ( 'NONE', *, *, #8723, .T. ) ;
#5054 = CARTESIAN_POINT ( 'NONE',  ( 28.61817604250839508, -25.00000000000000000, 0.000000000000000000 ) ) ;
#5055 = COORDINATED_UNIVERSAL_TIME_OFFSET ( 5, 30, .AHEAD. ) ;
#5056 = PERSON_AND_ORGANIZATION ( #5095, #5291 ) ;
#5057 = CIRCLE ( 'NONE', #462, 14.90000000000001101 ) ;
#5058 = DIRECTION ( 'NONE',  ( -0.000000000000000000, 1.000000000000000000, -0.000000000000000000 ) ) ;
#5059 = EDGE_CURVE ( 'NONE', #8739, #1627, #5871, .T. ) ;
#5060 = DIRECTION ( 'NONE',  ( 1.000000000000000000, 0.000000000000000000, 0.000000000000000000 ) ) ;
#5061 = LOCAL_TIME ( 2, 39, 17.00000000000000000, #2130 ) ;
#5062 = DIRECTION ( 'NONE',  ( -0.2840153447039202583, -0.9588197348681938292, 0.000000000000000000 ) ) ;
#5063 = EDGE_CURVE ( 'NONE', #2228, #4734, #5959, .T. ) ;
#5064 = AXIS2_PLACEMENT_3D ( 'NONE', #7804, #8619, #9381 ) ;
#5065 = ORIENTED_EDGE ( 'NONE', *, *, #3371, .T. ) ;
#5066 = VERTEX_POINT ( 'NONE', #2511 ) ;
#5067 = CYLINDRICAL_SURFACE ( 'NONE', #4880, 7.999999999999983125 ) ;
#5068 = EDGE_LOOP ( 'NONE', ( #8261, #181 ) ) ;
#5069 = CARTESIAN_POINT ( 'NONE',  ( 35.99999999999968736, 44.00000000000024869, 15.00000000000000000 ) ) ;
#5070 = CARTESIAN_POINT ( 'NONE',  ( 39.50000000000000000, 0.000000000000000000, 55.09999999999999432 ) ) ;
#5071 = AXIS2_PLACEMENT_3D ( 'NONE', #3267, #2643, #7731 ) ;
#5072 = CARTESIAN_POINT ( 'NONE',  ( -5.477071429701202199, 42.14903125518318916, 42.99761258443323442 ) ) ;
#5073 = APPROVAL_PERSON_ORGANIZATION ( #3716, #1495, #3145 ) ;
#5074 = DIRECTION ( 'NONE',  ( -1.000000000000000000, 0.000000000000000000, 0.000000000000000000 ) ) ;
#5075 = VECTOR ( 'NONE', #112, 1000.000000000000000 ) ;
#5076 = CARTESIAN_POINT ( 'NONE',  ( 0.000000000000000000, 0.000000000000000000, 11.00000000000000000 ) ) ;
#5077 = ORIENTED_EDGE ( 'NONE', *, *, #6167, .F. ) ;
#5078 = CARTESIAN_POINT ( 'NONE',  ( -74.76294694533464735, 0.2777589635784699640, 0.000000000000000000 ) ) ;
#5079 = ORIENTED_EDGE ( 'NONE', *, *, #4087, .T. ) ;
#5080 = DIRECTION ( 'NONE',  ( -1.000000000000000000, -6.982962677686266711E-15, 0.000000000000000000 ) ) ;
#5081 = CYLINDRICAL_SURFACE ( 'NONE', #9015, 16.89999999999999858 ) ;
#5082 = ORIENTED_EDGE ( 'NONE', *, *, #8298, .F. ) ;
#5083 = CC_DESIGN_PERSON_AND_ORGANIZATION_ASSIGNMENT ( #6970, #389, ( #5227 ) ) ;
#5084 = SECURITY_CLASSIFICATION_LEVEL ( 'unclassified' ) ;
#5085 = VECTOR ( 'NONE', #4954, 1000.000000000000000 ) ;
#5086 = CARTESIAN_POINT ( 'NONE',  ( 0.000000000000000000, 0.000000000000000000, 0.000000000000000000 ) ) ;
#5087 = CARTESIAN_POINT ( 'NONE',  ( -19.43475361544437874, 1.018532277898364979, -9.000000000000000000 ) ) ;
#5088 = ORIENTED_EDGE ( 'NONE', *, *, #9261, .T. ) ;
#5089 = LINE ( 'NONE', #5656, #7498 ) ;
#5090 = ORIENTED_EDGE ( 'NONE', *, *, #568, .T. ) ;
#5091 = CARTESIAN_POINT ( 'NONE',  ( 42.50000000000000711, 5.204748896376250896E-15, 90.00000000000000000 ) ) ;
#5092 = EDGE_CURVE ( 'NONE', #8106, #5693, #853, .T. ) ;
#5093 = APPROVAL_DATE_TIME ( #709, #6956 ) ;
#5094 = CYLINDRICAL_SURFACE ( 'NONE', #3669, 19.99999999999999645 ) ;
#5095 = PERSON ( 'NAUO-PER14', 'UNSPECIFIED', 'UNSPECIFIED', ('UNSPECIFIED'), ('UNSPECIFIED'), ('UNSPECIFIED') ) ;
#5096 = CARTESIAN_POINT ( 'NONE',  ( -36.76294694533463314, 0.2777589635784699640, 10.25000000000003020 ) ) ;
#5097 = VERTEX_POINT ( 'NONE', #6898 ) ;
#5098 = ADVANCED_BREP_SHAPE_REPRESENTATION ( '', ( #3678, #8931 ), #7519 ) ;
#5099 = CARTESIAN_POINT ( 'NONE',  ( 16.35051354099407916, -39.22967142166459098, 22.58356463107632095 ) ) ;
#5100 = ORIENTED_EDGE ( 'NONE', *, *, #7173, .T. ) ;
#5101 = CARTESIAN_POINT ( 'NONE',  ( -74.76294694533464735, -48.39287933429392297, -5.000000000000004441 ) ) ;
#5102 = CARTESIAN_POINT ( 'NONE',  ( -20.21622464249026763, 30.00000000000000711, -10.16713276599478810 ) ) ;
#5103 = EDGE_CURVE ( 'NONE', #5371, #716, #452, .T. ) ;
#5104 = COORDINATED_UNIVERSAL_TIME_OFFSET ( 5, 30, .AHEAD. ) ;
#5105 = CIRCLE ( 'NONE', #2668, 5.000000000004832579 ) ;
#5106 = DATE_AND_TIME ( #2185, #7714 ) ;
#5107 = DIRECTION ( 'NONE',  ( 0.000000000000000000, 0.000000000000000000, 1.000000000000000000 ) ) ;
#5108 = FACE_BOUND ( 'NONE', #7794, .T. ) ;
#5109 = LINE ( 'NONE', #7912, #3995 ) ;
#5110 = ORIENTED_EDGE ( 'NONE', *, *, #8026, .T. ) ;
#5111 = AXIS2_PLACEMENT_3D ( 'NONE', #7098, #7674, #1971 ) ;
#5112 = ORIENTED_EDGE ( 'NONE', *, *, #3070, .F. ) ;
#5113 = CARTESIAN_POINT ( 'NONE',  ( -3.072503578181957353E-13, 44.00000000000000000, 15.00000000000000000 ) ) ;
#5114 = VERTEX_POINT ( 'NONE', #2360 ) ;
#5115 =( REPRESENTATION_RELATIONSHIP ('NONE','NONE', #1222, #3210 ) REPRESENTATION_RELATIONSHIP_WITH_TRANSFORMATION ( #4666 )SHAPE_REPRESENTATION_RELATIONSHIP( ) );
#5116 = CARTESIAN_POINT ( 'NONE',  ( -75.31172488342161842, -0.3565150592913698402, -7.479895906673382555 ) ) ;
#5117 = CARTESIAN_POINT ( 'NONE',  ( 39.50000000000000000, 0.000000000000000000, 71.00000000000000000 ) ) ;
#5118 = ORGANIZATION ( 'NAUO-ORG2', 'UNSPECIFIED', 'UNSPECIFIED' ) ;
#5119 = EDGE_CURVE ( 'NONE', #1586, #4597, #5279, .T. ) ;
#5120 = DIRECTION ( 'NONE',  ( -0.9237280213470684398, -0.3830490080632378835, 0.000000000000000000 ) ) ;
#5121 = EDGE_CURVE ( 'NONE', #4782, #8482, #5799, .T. ) ;
#5122 = CARTESIAN_POINT ( 'NONE',  ( -15.80832956670131040, 39.45121606242695123, 33.00071712427718751 ) ) ;
#5123 = CARTESIAN_POINT ( 'NONE',  ( -9.092450171621432986, 36.89784804714502542, 47.58435135011327333 ) ) ;
#5124 = ORIENTED_EDGE ( 'NONE', *, *, #6052, .T. ) ;
#5125 = DIRECTION ( 'NONE',  ( 1.000000000000000000, 0.000000000000000000, 0.000000000000000000 ) ) ;
#5126 = DIRECTION ( 'NONE',  ( -1.000000000000000000, 0.000000000000000000, 0.000000000000000000 ) ) ;
#5127 = ORIENTED_EDGE ( 'NONE', *, *, #7271, .F. ) ;
#5128 = CARTESIAN_POINT ( 'NONE',  ( 0.000000000000000000, 0.000000000000000000, -19.00000000000000000 ) ) ;
#5129 = CARTESIAN_POINT ( 'NONE',  ( 0.000000000000000000, 0.000000000000000000, 4.299999999999999822 ) ) ;
#5130 = ORGANIZATION ( 'NAUO-ORG24', 'UNSPECIFIED', 'UNSPECIFIED' ) ;
#5131 = ORGANIZATION ( 'NAUO-ORG7', 'UNSPECIFIED', 'UNSPECIFIED' ) ;
#5132 = EDGE_CURVE ( 'NONE', #7265, #7461, #7422, .T. ) ;
#5133 = ORIENTED_EDGE ( 'NONE', *, *, #6763, .F. ) ;
#5134 = CARTESIAN_POINT ( 'NONE',  ( -36.96394467130284767, 8.987740813618813718, 19.79176779471302083 ) ) ;
#5135 = DIRECTION ( 'NONE',  ( 0.000000000000000000, 0.000000000000000000, 1.000000000000000000 ) ) ;
#5136 = CARTESIAN_POINT ( 'NONE',  ( 0.000000000000000000, -42.50000000000000711, 27.00000000000000000 ) ) ;
#5137 = EDGE_LOOP ( 'NONE', ( #1525, #713, #2338, #2127 ) ) ;
#5138 = DIRECTION ( 'NONE',  ( 0.000000000000000000, -1.000000000000000000, 0.000000000000000000 ) ) ;
#5139 = DIRECTION ( 'NONE',  ( -0.000000000000000000, -0.000000000000000000, -1.000000000000000000 ) ) ;
#5140 = ORIENTED_EDGE ( 'NONE', *, *, #3795, .T. ) ;
#5141 = DIRECTION ( 'NONE',  ( 0.000000000000000000, 0.000000000000000000, -1.000000000000000000 ) ) ;
#5142 = COORDINATED_UNIVERSAL_TIME_OFFSET ( 5, 30, .AHEAD. ) ;
#5143 = PERSON_AND_ORGANIZATION ( #2940, #5543 ) ;
#5144 = CARTESIAN_POINT ( 'NONE',  ( 8.000000000000000000, 145.5999999999999943, 9.000000000000000000 ) ) ;
#5145 = APPROVAL ( #2741, 'UNKNOWN' ) ;
#5146 = VERTEX_POINT ( 'NONE', #8280 ) ;
#5147 = EDGE_CURVE ( 'NONE', #6356, #8656, #3681, .T. ) ;
#5148 = FACE_BOUND ( 'NONE', #2664, .T. ) ;
#5149 = EDGE_LOOP ( 'NONE', ( #31, #9058, #2426, #6756 ) ) ;
#5150 = ORIENTED_EDGE ( 'NONE', *, *, #645, .T. ) ;
#5151 = DIRECTION ( 'NONE',  ( 0.000000000000000000, 0.000000000000000000, -1.000000000000000000 ) ) ;
#5152 = CARTESIAN_POINT ( 'NONE',  ( 12.70915371069153288, -40.55688057658768741, 38.15287069247226981 ) ) ;
#5153 = ORIENTED_EDGE ( 'NONE', *, *, #2122, .F. ) ;
#5154 = DIRECTION ( 'NONE',  ( 1.000000000000000000, 0.000000000000000000, 0.000000000000000000 ) ) ;
#5155 = CARTESIAN_POINT ( 'NONE',  ( -20.10506545612091500, 30.00000000000001066, -10.31399656829433020 ) ) ;
#5156 = APPROVAL_ROLE ( '' ) ;
#5157 = APPROVAL_ROLE ( '' ) ;
#5158 = DIRECTION ( 'NONE',  ( -0.000000000000000000, -0.000000000000000000, -1.000000000000000000 ) ) ;
#5159 = DIRECTION ( 'NONE',  ( 0.000000000000000000, 0.000000000000000000, 1.000000000000000000 ) ) ;
#5160 = CARTESIAN_POINT ( 'NONE',  ( -34.36931771216882225, -25.00000000000000000, 0.000000000000000000 ) ) ;
#5161 = ORIENTED_EDGE ( 'NONE', *, *, #8797, .F. ) ;
#5162 = EDGE_CURVE ( 'NONE', #7954, #8507, #4567, .T. ) ;
#5163 = ORIENTED_EDGE ( 'NONE', *, *, #7260, .F. ) ;
#5164 = CARTESIAN_POINT ( 'NONE',  ( -36.00000000000000000, -2.557953848736360669E-13, 76.00000000000000000 ) ) ;
#5165 = ORIENTED_EDGE ( 'NONE', *, *, #4059, .T. ) ;
#5166 = CARTESIAN_POINT ( 'NONE',  ( -75.30035219681609249, -0.9902242784090989902, -7.480756372256124997 ) ) ;
#5167 = CARTESIAN_POINT ( 'NONE',  ( -72.36123854566336888, -5.085300419672171834, -10.24514961479569841 ) ) ;
#5168 = DIRECTION ( 'NONE',  ( 1.000000000000000222, 0.000000000000000000, 0.000000000000000000 ) ) ;
#5169 = PRODUCT_DEFINITION_SHAPE ( 'NONE', 'NONE',  #9479 ) ;
#5170 = EDGE_LOOP ( 'NONE', ( #4506, #3734, #2311, #6622 ) ) ;
#5171 = EDGE_CURVE ( 'NONE', #704, #6776, #3588, .T. ) ;
#5172 = CARTESIAN_POINT ( 'NONE',  ( -19.06698510399216673, 32.87344423244358893, 38.96741115857041393 ) ) ;
#5173 = EDGE_LOOP ( 'NONE', ( #6487, #2000, #3600, #8501 ) ) ;
#5174 = CARTESIAN_POINT ( 'NONE',  ( 20.21622157840936040, 30.00000000000000355, -10.16712601812749561 ) ) ;
#5175 = LINE ( 'NONE', #3752, #281 ) ;
#5176 = VERTEX_POINT ( 'NONE', #1092 ) ;
#5177 = FACE_OUTER_BOUND ( 'NONE', #6430, .T. ) ;
#5178 = CARTESIAN_POINT ( 'NONE',  ( 0.000000000000000000, -42.50000000000000711, 43.89999999999999147 ) ) ;
#5179 = ORIENTED_EDGE ( 'NONE', *, *, #6880, .T. ) ;
#5180 = DIRECTION ( 'NONE',  ( 0.000000000000000000, 0.000000000000000000, 1.000000000000000000 ) ) ;
#5181 = APPROVAL_ROLE ( '' ) ;
#5182 = CARTESIAN_POINT ( 'NONE',  ( 0.000000000000000000, 0.000000000000000000, -113.9999999999999858 ) ) ;
#5183 = PRODUCT_DEFINITION_SHAPE ( 'NONE', 'NONE',  #9464 ) ;
#5184 = ADVANCED_FACE ( 'NONE', ( #7652 ), #6207, .T. ) ;
#5185 = EDGE_CURVE ( 'NONE', #7351, #6726, #7789, .T. ) ;
#5186 = DIRECTION ( 'NONE',  ( -0.000000000000000000, -0.000000000000000000, 1.000000000000000000 ) ) ;
#5187 = DIRECTION ( 'NONE',  ( -0.000000000000000000, -0.000000000000000000, 1.000000000000000000 ) ) ;
#5188 = VECTOR ( 'NONE', #8148, 1000.000000000000114 ) ;
#5189 = VERTEX_POINT ( 'NONE', #6945 ) ;
#5190 = DIRECTION ( 'NONE',  ( 0.000000000000000000, 0.000000000000000000, -1.000000000000000000 ) ) ;
#5191 = ITEM_DEFINED_TRANSFORMATION ( 'NONE', 'NONE', #7190,  #8931 ) ;
#5192 = CALENDAR_DATE ( 2026, 3, 10 ) ;
#5193 = VECTOR ( 'NONE', #113, 999.9999999999998863 ) ;
#5194 = AXIS2_PLACEMENT_3D ( 'NONE', #746, #8130, #2408 ) ;
#5195 = DIRECTION ( 'NONE',  ( 1.000000000000000000, 0.000000000000000000, 0.000000000000000000 ) ) ;
#5196 = DIRECTION ( 'NONE',  ( 0.000000000000000000, -0.000000000000000000, 1.000000000000000000 ) ) ;
#5197 = ORIENTED_EDGE ( 'NONE', *, *, #7517, .T. ) ;
#5198 = PLANE ( 'NONE',  #4217 ) ;
#5199 = CARTESIAN_POINT ( 'NONE',  ( 14.64608709459679581, -39.90187619569670119, 18.49697180096580951 ) ) ;
#5200 = AXIS2_PLACEMENT_3D ( 'NONE', #1703, #4594, #6058 ) ;
#5201 = CIRCLE ( 'NONE', #3670, 16.89999999999999503 ) ;
#5202 = EDGE_LOOP ( 'NONE', ( #1564, #5294, #9177, #5644 ) ) ;
#5203 = CARTESIAN_POINT ( 'NONE',  ( -37.50000000000001421, 20.00000000000000000, 15.41602615938556475 ) ) ;
#5204 = DIRECTION ( 'NONE',  ( 0.000000000000000000, 0.000000000000000000, 1.000000000000000000 ) ) ;
#5205 = APPROVAL_DATE_TIME ( #4501, #8178 ) ;
#5206 = AXIS2_PLACEMENT_3D ( 'NONE', #1420, #4989, #3704 ) ;
#5207 = CC_DESIGN_DATE_AND_TIME_ASSIGNMENT ( #8110, #8783, ( #661 ) ) ;
#5208 = CALENDAR_DATE ( 2026, 3, 10 ) ;
#5209 = CC_DESIGN_PERSON_AND_ORGANIZATION_ASSIGNMENT ( #5913, #1447, ( #604 ) ) ;
#5210 = CARTESIAN_POINT ( 'NONE',  ( -72.06617275178625448, -6.770804553812070026, 10.25000000000003020 ) ) ;
#5211 = CIRCLE ( 'NONE', #1065, 14.90000000000002345 ) ;
#5212 = LINE ( 'NONE', #7347, #2166 ) ;
#5213 = CARTESIAN_POINT ( 'NONE',  ( -39.50000000000000000, 4.837354856632044663E-15, 59.39999999999999147 ) ) ;
#5214 = VECTOR ( 'NONE', #6993, 1000.000000000000000 ) ;
#5215 = EDGE_LOOP ( 'NONE', ( #9092, #8802, #1006, #8726 ) ) ;
#5216 = AXIS2_PLACEMENT_3D ( 'NONE', #4736, #5584, #6840 ) ;
#5217 = CARTESIAN_POINT ( 'NONE',  ( -74.76294694533464735, 0.2777589635784699640, 0.000000000000000000 ) ) ;
#5218 = EDGE_LOOP ( 'NONE', ( #6024, #3549 ) ) ;
#5219 = DIRECTION ( 'NONE',  ( 0.000000000000000000, -0.000000000000000000, -1.000000000000000000 ) ) ;
#5220 = LINE ( 'NONE', #8122, #4006 ) ;
#5221 = AXIS2_PLACEMENT_3D ( 'NONE', #1694, #3922, #3964 ) ;
#5222 = EDGE_CURVE ( 'NONE', #4464, #8789, #7501, .T. ) ;
#5223 = VERTEX_POINT ( 'NONE', #5038 ) ;
#5224 = CARTESIAN_POINT ( 'NONE',  ( 37.50000000000000711, 20.00000000000000000, 15.41602615938556120 ) ) ;
#5225 = VERTEX_POINT ( 'NONE', #7942 ) ;
#5226 = FACE_OUTER_BOUND ( 'NONE', #7750, .T. ) ;
#5227 = PRODUCT_DEFINITION_FORMATION_WITH_SPECIFIED_SOURCE ( 'ANY', '', #4831, .NOT_KNOWN. ) ;
#5228 = AXIS2_PLACEMENT_3D ( 'NONE', #7123, #8608, #2058 ) ;
#5229 = VERTEX_POINT ( 'NONE', #7273 ) ;
#5230 = DIRECTION ( 'NONE',  ( 0.000000000000000000, 0.000000000000000000, -1.000000000000000000 ) ) ;
#5231 = DIRECTION ( 'NONE',  ( 0.2840153447039202583, -0.9588197348681938292, 0.000000000000000000 ) ) ;
#5232 = VERTEX_POINT ( 'NONE', #6666 ) ;
#5233 = CARTESIAN_POINT ( 'NONE',  ( -20.10502122021157945, 29.99999999999999645, 10.31400335607015961 ) ) ;
#5234 = EDGE_CURVE ( 'NONE', #1712, #2981, #1883, .T. ) ;
#5235 = APPROVAL_STATUS ( 'not_yet_approved' ) ;
#5236 = CC_DESIGN_APPROVAL ( #8584, ( #4021 ) ) ;
#5237 = AXIS2_PLACEMENT_3D ( 'NONE', #6887, #7601, #1715 ) ;
#5238 = CLOSED_SHELL ( 'NONE', ( #7086, #525, #3604, #3510, #1010, #8200, #4807, #4884, #4561, #4554, #9115, #5847, #8551, #1852, #1767, #1459, #4197, #6255, #2105, #3040, #1634, #6210, #8737, #6113 ) ) ;
#5239 = FACE_OUTER_BOUND ( 'NONE', #4574, .T. ) ;
#5240 = CARTESIAN_POINT ( 'NONE',  ( -35.30553202143224922, 0.000000000000000000, -5.869645329989859661 ) ) ;
#5241 = FACE_OUTER_BOUND ( 'NONE', #4801, .T. ) ;
#5242 = EDGE_LOOP ( 'NONE', ( #6163, #8012, #6848, #7989 ) ) ;
#5243 = LINE ( 'NONE', #4424, #3857 ) ;
#5244 = AXIS2_PLACEMENT_3D ( 'NONE', #4068, #1155, #257 ) ;
#5245 = EDGE_CURVE ( 'NONE', #8030, #3638, #8761, .T. ) ;
#5246 = PERSON_AND_ORGANIZATION ( #2940, #5543 ) ;
#5247 = EDGE_CURVE ( 'NONE', #8493, #2190, #8557, .T. ) ;
#5248 = CARTESIAN_POINT ( 'NONE',  ( 0.000000000000000000, 0.000000000000000000, 78.29999999999999716 ) ) ;
#5249 =( REPRESENTATION_RELATIONSHIP ('NONE','NONE', #1222, #9169 ) REPRESENTATION_RELATIONSHIP_WITH_TRANSFORMATION ( #47 )SHAPE_REPRESENTATION_RELATIONSHIP( ) );
#5250 = CARTESIAN_POINT ( 'NONE',  ( 0.000000000000000000, 0.000000000000000000, 0.000000000000000000 ) ) ;
#5251 = ORIENTED_EDGE ( 'NONE', *, *, #1786, .T. ) ;
#5252 = ORIENTED_EDGE ( 'NONE', *, *, #2362, .F. ) ;
#5253 = DIRECTION ( 'NONE',  ( -0.000000000000000000, -0.000000000000000000, -1.000000000000000000 ) ) ;
#5254 = CARTESIAN_POINT ( 'NONE',  ( 13.73115691286508344, -40.22200551456979412, 17.13262097777232640 ) ) ;
#5255 = ORIENTED_EDGE ( 'NONE', *, *, #2053, .T. ) ;
#5256 = DIRECTION ( 'NONE',  ( 1.000000000000000000, -0.000000000000000000, -0.000000000000000000 ) ) ;
#5257 = PRODUCT_DEFINITION_SHAPE ( 'NONE', 'NONE',  #9481 ) ;
#5258 = CALENDAR_DATE ( 2026, 3, 10 ) ;
#5259 = DATE_AND_TIME ( #2239, #9099 ) ;
#5260 = DIRECTION ( 'NONE',  ( 1.000000000000000000, 0.000000000000000000, 0.000000000000000000 ) ) ;
#5261 = DIRECTION ( 'NONE',  ( 0.000000000000000000, 2.891205793294678326E-16, 1.000000000000000000 ) ) ;
#5262 = DIRECTION ( 'NONE',  ( 0.000000000000000000, 0.000000000000000000, -1.000000000000000000 ) ) ;
#5263 = ORIENTED_EDGE ( 'NONE', *, *, #4457, .T. ) ;
#5264 = CC_DESIGN_PERSON_AND_ORGANIZATION_ASSIGNMENT ( #1334, #5044, ( #2983 ) ) ;
#5265 = CYLINDRICAL_SURFACE ( 'NONE', #6245, 36.00000000000000000 ) ;
#5266 = AXIS2_PLACEMENT_3D ( 'NONE', #7240, #7957, #671 ) ;
#5267 = ORIENTED_EDGE ( 'NONE', *, *, #7973, .F. ) ;
#5268 = FACE_OUTER_BOUND ( 'NONE', #6359, .T. ) ;
#5269 = CARTESIAN_POINT ( 'NONE',  ( -72.32830065036267797, -5.300541172123873324, -10.24618314486979642 ) ) ;
#5270 = DIRECTION ( 'NONE',  ( 2.663143172277182926E-16, -1.301029338457609082E-16, 1.000000000000000000 ) ) ;
#5271 = ORIENTED_EDGE ( 'NONE', *, *, #7687, .T. ) ;
#5272 = CARTESIAN_POINT ( 'NONE',  ( -22.46095728568397831, 30.65149856937851069, 25.47458911661509973 ) ) ;
#5273 = APPROVAL ( #7428, 'UNKNOWN' ) ;
#5274 = VERTEX_POINT ( 'NONE', #1476 ) ;
#5275 = ADVANCED_FACE ( 'NONE', ( #3606, #2886 ), #8714, .T. ) ;
#5276 = APPROVAL_PERSON_ORGANIZATION ( #196, #863, #6774 ) ;
#5277 = DIRECTION ( 'NONE',  ( -1.000000000000000000, 0.000000000000000000, 0.000000000000000000 ) ) ;
#5278 = ORIENTED_EDGE ( 'NONE', *, *, #5092, .F. ) ;
#5279 = LINE ( 'NONE', #184, #6563 ) ;
#5280 = LINE ( 'NONE', #5178, #4137 ) ;
#5281 = ORIENTED_EDGE ( 'NONE', *, *, #4022, .F. ) ;
#5282 = CARTESIAN_POINT ( 'NONE',  ( -21.56664044360766397, 29.99999999999999289, 9.295640781210343206 ) ) ;
#5283 = AXIS2_PLACEMENT_3D ( 'NONE', #2294, #5219, #4454 ) ;
#5284 = APPROVAL_DATE_TIME ( #6706, #5456 ) ;
#5285 = ORGANIZATION ( 'NAUO-ORG3', 'UNSPECIFIED', 'UNSPECIFIED' ) ;
#5286 = FACE_OUTER_BOUND ( 'NONE', #2049, .T. ) ;
#5287 = CIRCLE ( 'NONE', #5431, 27.00000000000000000 ) ;
#5288 = CYLINDRICAL_SURFACE ( 'NONE', #2922, 16.89999999999999503 ) ;
#5289 = VERTEX_POINT ( 'NONE', #1957 ) ;
#5290 = CC_DESIGN_APPROVAL ( #7478, ( #4066 ) ) ;
#5291 = ORGANIZATION ( 'NAUO-ORG14', 'UNSPECIFIED', 'UNSPECIFIED' ) ;
#5292 = EDGE_CURVE ( 'NONE', #8482, #4782, #6110, .T. ) ;
#5293 = DIRECTION ( 'NONE',  ( 0.000000000000000000, -0.000000000000000000, 1.000000000000000000 ) ) ;
#5294 = ORIENTED_EDGE ( 'NONE', *, *, #3345, .T. ) ;
#5295 = LINE ( 'NONE', #8964, #6101 ) ;
#5296 = APPROVAL_ROLE ( '' ) ;
#5297 = PERSON_AND_ORGANIZATION ( #736, #5710 ) ;
#5298 = CC_DESIGN_APPROVAL ( #7544, ( #1917 ) ) ;
#5299 = LOCAL_TIME ( 2, 39, 17.00000000000000000, #4302 ) ;
#5300 = CARTESIAN_POINT ( 'NONE',  ( 0.000000000000000000, 0.000000000000000000, 10.99999999999999822 ) ) ;
#5301 = ADVANCED_FACE ( 'NONE', ( #8374 ), #3322, .T. ) ;
#5302 = LINE ( 'NONE', #2528, #8721 ) ;
#5303 = VERTEX_POINT ( 'NONE', #4883 ) ;
#5304 = DIRECTION ( 'NONE',  ( -1.000000000000000000, 0.000000000000000000, 0.000000000000000000 ) ) ;
#5305 = VERTEX_POINT ( 'NONE', #4799 ) ;
#5306 = CARTESIAN_POINT ( 'NONE',  ( -42.34760458245317949, 3.624412210528726419, 20.61305540028134686 ) ) ;
#5307 = APPROVAL_STATUS ( 'not_yet_approved' ) ;
#5308 = DATE_TIME_ROLE ( 'classification_date' ) ;
#5309 = CARTESIAN_POINT ( 'NONE',  ( 37.73720313182703023, -4.552613726551740569, 20.52541653000462674 ) ) ;
#5310 = FACE_OUTER_BOUND ( 'NONE', #7623, .T. ) ;
#5311 = CARTESIAN_POINT ( 'NONE',  ( 22.49999999999999645, 201.1999999999999886, 19.00000000000000000 ) ) ;
#5312 = VERTEX_POINT ( 'NONE', #6399 ) ;
#5313 = EDGE_CURVE ( 'NONE', #2143, #118, #3379, .T. ) ;
#5314 = EDGE_CURVE ( 'NONE', #1936, #6766, #8426, .T. ) ;
#5315 = CARTESIAN_POINT ( 'NONE',  ( -5.999999999999992895, 55.59999999999998010, 4.999999999999999112 ) ) ;
#5316 = ORIENTED_EDGE ( 'NONE', *, *, #5774, .T. ) ;
#5317 = CARTESIAN_POINT ( 'NONE',  ( -89.76294694533466156, -37.77160273854943995, 7.500000000000015099 ) ) ;
#5318 = CARTESIAN_POINT ( 'NONE',  ( -72.76294694533461893, -0.7486430513127745323, -10.22250680138273005 ) ) ;
#5319 = CARTESIAN_POINT ( 'NONE',  ( 766.4917328678894819, -111.0459258667418396, 120.8219632337982574 ) ) ;
#5320 = ORIENTED_EDGE ( 'NONE', *, *, #873, .T. ) ;
#5321 = CARTESIAN_POINT ( 'NONE',  ( -22.30791728154982678, 30.76305890670600007, 23.97042789952116593 ) ) ;
#5322 = EDGE_LOOP ( 'NONE', ( #9403, #428, #9276, #925 ) ) ;
#5323 = DIRECTION ( 'NONE',  ( -1.000000000000000000, -6.938893903907228378E-15, 0.000000000000000000 ) ) ;
#5324 = ORIENTED_EDGE ( 'NONE', *, *, #6610, .T. ) ;
#5325 = CARTESIAN_POINT ( 'NONE',  ( -17.84969721258764963, 31.26321015857042696, 10.85594872988616011 ) ) ;
#5326 = DIRECTION ( 'NONE',  ( -3.083952846180989787E-16, -1.000000000000000000, 0.000000000000000000 ) ) ;
#5327 = CARTESIAN_POINT ( 'NONE',  ( -35.33655303035774153, 14.00328012728879301, 18.25382967455812988 ) ) ;
#5328 = PERSON_AND_ORGANIZATION ( #730, #6647 ) ;
#5329 = CC_DESIGN_PERSON_AND_ORGANIZATION_ASSIGNMENT ( #2534, #8349, ( #522 ) ) ;
#5330 = CC_DESIGN_DATE_AND_TIME_ASSIGNMENT ( #9301, #5585, ( #2809 ) ) ;
#5331 = CARTESIAN_POINT ( 'NONE',  ( -38.89087296526409432, -38.89087296525845971, -281.0000000000000000 ) ) ;
#5332 = DIRECTION ( 'NONE',  ( 0.000000000000000000, 0.000000000000000000, -1.000000000000000000 ) ) ;
#5333 = ORIENTED_EDGE ( 'NONE', *, *, #6318, .F. ) ;
#5334 = CARTESIAN_POINT ( 'NONE',  ( 0.000000000000000000, -59.72224103642152926, 7.500000000000000000 ) ) ;
#5335 = EDGE_LOOP ( 'NONE', ( #8905, #3832, #8289, #7933 ) ) ;
#5336 = CARTESIAN_POINT ( 'NONE',  ( 49.99999999999419487, -2.340810925911101204E-12, -281.0000000000000000 ) ) ;
#5337 = DATE_AND_TIME ( #8917, #1765 ) ;
#5338 = PERSON_AND_ORGANIZATION_ROLE ( 'classification_officer' ) ;
#5339 = EDGE_CURVE ( 'NONE', #8549, #2912, #954, .T. ) ;
#5340 = DIRECTION ( 'NONE',  ( 0.000000000000000000, 0.000000000000000000, 1.000000000000000000 ) ) ;
#5341 = VECTOR ( 'NONE', #2614, 1000.000000000000000 ) ;
#5342 = DIRECTION ( 'NONE',  ( 1.000000000000000000, 6.982962677686266711E-15, 0.000000000000000000 ) ) ;
#5343 = EDGE_LOOP ( 'NONE', ( #4400, #3662, #4638, #6183, #5616, #2274, #1782, #5683, #4228, #3013 ) ) ;
#5344 = CARTESIAN_POINT ( 'NONE',  ( 0.000000000000000000, 0.000000000000000000, -11.00000000000000000 ) ) ;
#5345 = PLANE ( 'NONE',  #7065 ) ;
#5346 = ORIENTED_EDGE ( 'NONE', *, *, #7571, .F. ) ;
#5347 = DIRECTION ( 'NONE',  ( 0.000000000000000000, 0.000000000000000000, -1.000000000000000000 ) ) ;
#5348 = VECTOR ( 'NONE', #1084, 1000.000000000000000 ) ;
#5349 = DATE_TIME_ROLE ( 'classification_date' ) ;
#5350 = VECTOR ( 'NONE', #4792, 1000.000000000000000 ) ;
#5351 = PERSON_AND_ORGANIZATION ( #8512, #8337 ) ;
#5352 = EDGE_CURVE ( 'NONE', #8830, #2219, #593, .T. ) ;
#5353 = FACE_OUTER_BOUND ( 'NONE', #2449, .T. ) ;
#5354 = CARTESIAN_POINT ( 'NONE',  ( 16.34795332444398142, 39.23074206589455315, 22.57421222821820095 ) ) ;
#5355 = DIRECTION ( 'NONE',  ( -0.2840153447039203138, 0.9588197348681938292, 0.000000000000000000 ) ) ;
#5356 = VERTEX_POINT ( 'NONE', #6953 ) ;
#5357 = AXIS2_PLACEMENT_3D ( 'NONE', #6385, #8456, #9305 ) ;
#5358 = CIRCLE ( 'NONE', #7317, 36.00000000000000000 ) ;
#5359 = AXIS2_PLACEMENT_3D ( 'NONE', #7462, #891, #3848 ) ;
#5360 = CARTESIAN_POINT ( 'NONE',  ( 60.00000000000114397, -2.341423249310675611E-12, -266.0000000000000000 ) ) ;
#5361 = CARTESIAN_POINT ( 'NONE',  ( -18.27278481602213489, -33.32143750893039424, 13.85183420196561599 ) ) ;
#5362 = TOROIDAL_SURFACE ( 'NONE', #436, 38.00000000000000000, 2.000000000000000000 ) ;
#5363 = VERTEX_POINT ( 'NONE', #9186 ) ;
#5364 = DIRECTION ( 'NONE',  ( 0.000000000000000000, 0.000000000000000000, -1.000000000000000000 ) ) ;
#5365 = CARTESIAN_POINT ( 'NONE',  ( -72.24529298764332452, -5.807078394770328167, -10.24821013872538522 ) ) ;
#5366 = CARTESIAN_POINT ( 'NONE',  ( 765.0258192322580726, -217.5102276301373649, -107.1780367662017284 ) ) ;
#5367 = AXIS2_PLACEMENT_3D ( 'NONE', #4628, #3000, #5293 ) ;
#5368 = EDGE_CURVE ( 'NONE', #3478, #8411, #9168, .T. ) ;
#5369 = EDGE_CURVE ( 'NONE', #3193, #622, #2602, .T. ) ;
#5370 = DIRECTION ( 'NONE',  ( -0.2840153447039135415, -0.9588197348681957166, 0.000000000000000000 ) ) ;
#5371 = VERTEX_POINT ( 'NONE', #3458 ) ;
#5372 = CIRCLE ( 'NONE', #1204, 39.50000000000000000 ) ;
#5373 = CARTESIAN_POINT ( 'NONE',  ( 36.00000000000000000, 0.000000000000000000, 19.00000000000000000 ) ) ;
#5374 = ORIENTED_EDGE ( 'NONE', *, *, #617, .F. ) ;
#5375 = AXIS2_PLACEMENT_3D ( 'NONE', #9275, #644, #6494 ) ;
#5376 = CARTESIAN_POINT ( 'NONE',  ( -35.30553202143224922, 0.000000000000000000, -5.869645329989859661 ) ) ;
#5377 = AXIS2_PLACEMENT_3D ( 'NONE', #2559, #7522, #3087 ) ;
#5378 = VERTEX_POINT ( 'NONE', #5559 ) ;
#5379 = CARTESIAN_POINT ( 'NONE',  ( 54.99999999999766942, -2.341423249310675611E-12, -281.0000000000000000 ) ) ;
#5380 = CARTESIAN_POINT ( 'NONE',  ( -5.999999999999992895, 55.59999999999998010, 4.999999999999999112 ) ) ;
#5381 = DIRECTION ( 'NONE',  ( 0.2840153447039269752, -0.9588197348681917198, 0.000000000000000000 ) ) ;
#5382 = AXIS2_PLACEMENT_3D ( 'NONE', #3357, #4127, #1046 ) ;
#5383 = PERSON_AND_ORGANIZATION_ROLE ( 'classification_officer' ) ;
#5384 = AXIS2_PLACEMENT_3D ( 'NONE', #1333, #4101, #5611 ) ;
#5385 = SECURITY_CLASSIFICATION ( '', '', #8637 ) ;
#5386 = AXIS2_PLACEMENT_3D ( 'NONE', #9265, #1218, #3009 ) ;
#5387 = CARTESIAN_POINT ( 'NONE',  ( 36.00000000000000000, 2.513866563967056016E-13, 114.0000000000000000 ) ) ;
#5388 = ORIENTED_EDGE ( 'NONE', *, *, #4590, .T. ) ;
#5389 = CYLINDRICAL_SURFACE ( 'NONE', #1980, 17.50000000000000000 ) ;
#5390 = EDGE_LOOP ( 'NONE', ( #7227, #5088, #4325 ) ) ;
#5391 = DIRECTION ( 'NONE',  ( 1.000000000000000000, 0.000000000000000000, 0.000000000000000000 ) ) ;
#5392 = CONTEXT_DEPENDENT_SHAPE_REPRESENTATION ( #3972, #2355 ) ;
#5393 = CC_DESIGN_PERSON_AND_ORGANIZATION_ASSIGNMENT ( #9023, #4640, ( #4831 ) ) ;
#5394 = APPROVAL_PERSON_ORGANIZATION ( #8431, #8584, #7703 ) ;
#5395 = AXIS2_PLACEMENT_3D ( 'NONE', #9081, #8317, #1764 ) ;
#5396 = DATE_AND_TIME ( #6086, #5861 ) ;
#5397 = CIRCLE ( 'NONE', #6436, 27.00000000000000000 ) ;
#5398 =( BOUNDED_CURVE ( )  B_SPLINE_CURVE ( 3, ( #7171, #2879, #3551, #1280 ),
 .UNSPECIFIED., .F., .T. ) 
 B_SPLINE_CURVE_WITH_KNOTS ( ( 4, 4 ),
 ( 4.712388980384689674, 7.853981633974482790 ),
 .UNSPECIFIED. ) 
 CURVE ( )  GEOMETRIC_REPRESENTATION_ITEM ( )  RATIONAL_B_SPLINE_CURVE ( ( 1.000000000000000000, 0.3333333333333333703, 0.3333333333333333703, 1.000000000000000000 ) ) 
 REPRESENTATION_ITEM ( '' )  );
#5399 = CARTESIAN_POINT ( 'NONE',  ( -45.07812899334826540, 13.35275013547070877, 0.000000000000000000 ) ) ;
#5400 = AXIS2_PLACEMENT_3D ( 'NONE', #8627, #4859, #1731 ) ;
#5401 = ORIENTED_EDGE ( 'NONE', *, *, #8672, .T. ) ;
#5402 = FACE_BOUND ( 'NONE', #7521, .T. ) ;
#5403 = EDGE_CURVE ( 'NONE', #8373, #2018, #5517, .T. ) ;
#5404 = ORIENTED_EDGE ( 'NONE', *, *, #5466, .F. ) ;
#5405 = CYLINDRICAL_SURFACE ( 'NONE', #4200, 40.00000000000000711 ) ;
#5406 = B_SPLINE_CURVE_WITH_KNOTS ( 'NONE', 3,
 ( #6048, #3192, #8244, #9016, #2478, #8344, #3467, #5528, #1062, #3375, #4193, #3285, #1837, #1886, #9284, #6364, #6182, #2706, #4099, #5446, #4809, #481, #1789, #3422, #4720, #1145, #7622, #5483, #7805, #4013, #6917, #6275, #8524, #1928, #6319, #6962, #7710, #4769, #1244, #8383, #9245, #337, #7002, #9106, #427, #5610, #7093, #7670, #2570, #1104, #4054, #385, #3332, #4851, #526, #1187, #6223, #1968, #9147, #2617, #4898, #8436 ),
 .UNSPECIFIED., .F., .F.,
 ( 4, 2, 2, 2, 2, 2, 2, 2, 2, 2, 2, 2, 2, 2, 2, 2, 2, 2, 2, 2, 2, 2, 2, 2, 2, 2, 2, 2, 2, 2, 4 ),
 ( 0.07212878807459097152, 0.07662826753690822612, 0.07775313740248754324, 0.07887800726806684648, 0.08112774699922548072, 0.08337748673038411495, 0.08450235659596343207, 0.08562722646154273531, 0.09012670592385996216, 0.09237644565501856864, 0.09462618538617717512, 0.09912566484849438808, 0.1013754045796529946, 0.1036251443108115872, 0.1058748840419701798, 0.1081246237731287585, 0.1126241032354459437, 0.1137489731010252469, 0.1148738429666045363, 0.1171235826977631289, 0.1193733224289217354, 0.1216230621600803141, 0.1261225416223974993, 0.1283722813535561058, 0.1306220210847147123, 0.1328717608158732910, 0.1339966306814525665, 0.1351215005470318697, 0.1396209800093490550, 0.1418707197405076337, 0.1441204594716662124 ),
 .UNSPECIFIED. ) ;
#5407 = PERSON_AND_ORGANIZATION_ROLE ( 'creator' ) ;
#5408 = CONTEXT_DEPENDENT_SHAPE_REPRESENTATION ( #4762, #6693 ) ;
#5409 = CIRCLE ( 'NONE', #1245, 5.000000000001787903 ) ;
#5410 = LINE ( 'NONE', #8443, #2753 ) ;
#5411 = CARTESIAN_POINT ( 'NONE',  ( 12.73774154832743832, 40.55439881655480150, 15.83864227853063689 ) ) ;
#5412 = LINE ( 'NONE', #1754, #9006 ) ;
#5413 = EDGE_LOOP ( 'NONE', ( #8037, #7192, #670, #2803 ) ) ;
#5414 = EDGE_CURVE ( 'NONE', #7698, #2427, #6354, .T. ) ;
#5415 = CARTESIAN_POINT ( 'NONE',  ( -50.00000000000059686, 2.334687691915365203E-12, -281.0000000000000000 ) ) ;
#5416 = ORIENTED_EDGE ( 'NONE', *, *, #5621, .T. ) ;
#5417 = CARTESIAN_POINT ( 'NONE',  ( 1.237053054665496088, -62.72224103642152926, -2.636779683484746784E-13 ) ) ;
#5418 = DIRECTION ( 'NONE',  ( -0.000000000000000000, -0.000000000000000000, -1.000000000000000000 ) ) ;
#5419 = CARTESIAN_POINT ( 'NONE',  ( 765.0258192322586410, -205.9102276301386212, 6.821963233796271453 ) ) ;
#5420 = CARTESIAN_POINT ( 'NONE',  ( -2.221576701792557174, 42.44553049146482238, 10.23737463914860690 ) ) ;
#5421 = ORIENTED_EDGE ( 'NONE', *, *, #701, .T. ) ;
#5422 = DIRECTION ( 'NONE',  ( 0.000000000000000000, 0.000000000000000000, -1.000000000000000000 ) ) ;
#5423 = CARTESIAN_POINT ( 'NONE',  ( -37.30624711280325556, 20.36328666349393401, 15.20628250642434232 ) ) ;
#5424 = ORIENTED_EDGE ( 'NONE', *, *, #5435, .T. ) ;
#5425 = EDGE_CURVE ( 'NONE', #5312, #8840, #2735, .T. ) ;
#5426 = DIRECTION ( 'NONE',  ( 1.000000000000000000, 0.000000000000000000, 0.000000000000000000 ) ) ;
#5427 = ORIENTED_EDGE ( 'NONE', *, *, #864, .F. ) ;
#5428 = CARTESIAN_POINT ( 'NONE',  ( 16.89999999999999858, 2.069653090559026923E-15, 80.00000000000000000 ) ) ;
#5429 = CARTESIAN_POINT ( 'NONE',  ( 0.000000000000000000, -44.00000000000000000, 175.0000000000000000 ) ) ;
#5430 = CARTESIAN_POINT ( 'NONE',  ( -63.46176972075306821, -48.70938086149426027, 15.00000000000000000 ) ) ;
#5431 = AXIS2_PLACEMENT_3D ( 'NONE', #8729, #7, #626 ) ;
#5432 = CC_DESIGN_APPROVAL ( #3338, ( #4203 ) ) ;
#5433 = DIRECTION ( 'NONE',  ( -0.000000000000000000, -0.000000000000000000, 1.000000000000000000 ) ) ;
#5434 = ORIENTED_EDGE ( 'NONE', *, *, #3339, .F. ) ;
#5435 = EDGE_CURVE ( 'NONE', #7265, #6483, #4129, .T. ) ;
#5436 = DIRECTION ( 'NONE',  ( 0.000000000000000000, 0.000000000000000000, 1.000000000000000000 ) ) ;
#5437 = VECTOR ( 'NONE', #5660, 1000.000000000000000 ) ;
#5438 = ADVANCED_FACE ( 'NONE', ( #3359 ), #2654, .T. ) ;
#5439 = ORIENTED_EDGE ( 'NONE', *, *, #3847, .F. ) ;
#5440 = DIRECTION ( 'NONE',  ( -0.000000000000000000, -0.000000000000000000, 1.000000000000000000 ) ) ;
#5441 = CALENDAR_DATE ( 2026, 3, 10 ) ;
#5442 = LOCAL_TIME ( 2, 39, 17.00000000000000000, #8476 ) ;
#5443 = CALENDAR_DATE ( 2026, 3, 10 ) ;
#5444 = VECTOR ( 'NONE', #5463, 1000.000000000000000 ) ;
#5445 = CARTESIAN_POINT ( 'NONE',  ( 22.19481856373295159, 30.84515590047827516, 30.76797456806793463 ) ) ;
#5446 = CARTESIAN_POINT ( 'NONE',  ( 17.84406236288096181, -33.55377749239114848, 40.72451902541487101 ) ) ;
#5447 = ORIENTED_EDGE ( 'NONE', *, *, #3027, .T. ) ;
#5448 = FACE_OUTER_BOUND ( 'NONE', #6992, .T. ) ;
#5449 = CARTESIAN_POINT ( 'NONE',  ( -39.88091939373823891, 14.71342375406486447, 17.98055153849071885 ) ) ;
#5450 = APPROVAL_PERSON_ORGANIZATION ( #2964, #6784, #10 ) ;
#5451 = CC_DESIGN_APPROVAL ( #1316, ( #7576 ) ) ;
#5452 = APPROVAL_ROLE ( '' ) ;
#5453 = DATE_TIME_ROLE ( 'classification_date' ) ;
#5454 = PERSON ( 'NAUO-PER20', 'UNSPECIFIED', 'UNSPECIFIED', ('UNSPECIFIED'), ('UNSPECIFIED'), ('UNSPECIFIED') ) ;
#5455 = DIRECTION ( 'NONE',  ( -1.000000000000000000, 0.000000000000000000, 0.000000000000000000 ) ) ;
#5456 = APPROVAL ( #1901, 'UNKNOWN' ) ;
#5457 = ADVANCED_FACE ( 'NONE', ( #5828, #1320 ), #3750, .F. ) ;
#5458 = DIRECTION ( 'NONE',  ( -0.000000000000000000, -0.000000000000000000, 1.000000000000000000 ) ) ;
#5459 = ORIENTED_EDGE ( 'NONE', *, *, #2499, .T. ) ;
#5460 = UNCERTAINTY_MEASURE_WITH_UNIT (LENGTH_MEASURE( 1.000000000000000082E-05 ), #9054, 'distance_accuracy_value', 'NONE');
#5461 = CARTESIAN_POINT ( 'NONE',  ( -21.71019434633868528, -31.18877292502477871, 21.04386313043413992 ) ) ;
#5462 = ORIENTED_EDGE ( 'NONE', *, *, #3081, .T. ) ;
#5463 = DIRECTION ( 'NONE',  ( 0.000000000000000000, 0.000000000000000000, -1.000000000000000000 ) ) ;
#5464 = CARTESIAN_POINT ( 'NONE',  ( 17.79770258068585420, 32.25532683691665170, -9.366171386167348345 ) ) ;
#5465 = CARTESIAN_POINT ( 'NONE',  ( -5.999999999999965361, 145.5999999999999943, 6.999999999999999112 ) ) ;
#5466 = EDGE_CURVE ( 'NONE', #7389, #4760, #8717, .T. ) ;
#5467 = DIRECTION ( 'NONE',  ( 1.000000000000000000, 0.000000000000000000, 0.000000000000000000 ) ) ;
#5468 = DIRECTION ( 'NONE',  ( -0.000000000000000000, -0.000000000000000000, -1.000000000000000000 ) ) ;
#5469 = EDGE_LOOP ( 'NONE', ( #8292, #415, #8224 ) ) ;
#5470 = DIRECTION ( 'NONE',  ( 1.000000000000000000, 0.000000000000000000, 0.000000000000000000 ) ) ;
#5471 = ORIENTED_EDGE ( 'NONE', *, *, #3147, .F. ) ;
#5472 = DIRECTION ( 'NONE',  ( 1.000000000000000000, 0.000000000000000000, 0.000000000000000000 ) ) ;
#5473 = DIRECTION ( 'NONE',  ( 1.000000000000000000, 0.000000000000000000, 0.000000000000000000 ) ) ;
#5474 = ADVANCED_FACE ( 'NONE', ( #7883, #8610 ), #9369, .F. ) ;
#5475 = FACE_BOUND ( 'NONE', #254, .T. ) ;
#5476 = ORIENTED_EDGE ( 'NONE', *, *, #5313, .F. ) ;
#5477 = DIRECTION ( 'NONE',  ( 0.000000000000000000, 0.000000000000000000, 1.000000000000000000 ) ) ;
#5478 = CARTESIAN_POINT ( 'NONE',  ( 36.73016580209659310, 21.39250402686659669, 14.49168859958867905 ) ) ;
#5479 = DIRECTION ( 'NONE',  ( -0.000000000000000000, 0.000000000000000000, 1.000000000000000000 ) ) ;
#5480 = EDGE_CURVE ( 'NONE', #1368, #4106, #3744, .T. ) ;
#5481 = ADVANCED_FACE ( 'NONE', ( #5694 ), #7165, .F. ) ;
#5482 = ORIENTED_EDGE ( 'NONE', *, *, #643, .T. ) ;
#5483 = CARTESIAN_POINT ( 'NONE',  ( 22.19436403495975796, -30.84548107515491822, 30.77036491797597151 ) ) ;
#5484 = VERTEX_POINT ( 'NONE', #2104 ) ;
#5485 = CARTESIAN_POINT ( 'NONE',  ( 2.754861143330236021E-15, -38.00000000000000000, 49.50000000000000000 ) ) ;
#5486 = CYLINDRICAL_SURFACE ( 'NONE', #8464, 8.999999999999998224 ) ;
#5487 = PERSON_AND_ORGANIZATION ( #2940, #5543 ) ;
#5488 = CARTESIAN_POINT ( 'NONE',  ( 35.94298155222526248, -12.36389548350354239, 18.82613175749267498 ) ) ;
#5489 = CARTESIAN_POINT ( 'NONE',  ( 8.507252113884215206, 41.65024895822372031, 41.64348194593392805 ) ) ;
#5490 = EDGE_LOOP ( 'NONE', ( #3837, #7109, #8854, #8135 ) ) ;
#5491 = DIRECTION ( 'NONE',  ( 0.000000000000000000, -0.000000000000000000, -1.000000000000000000 ) ) ;
#5492 = CARTESIAN_POINT ( 'NONE',  ( -19.47822543995624756, -32.64123441426581707, 15.64550974938804728 ) ) ;
#5493 = AXIS2_PLACEMENT_3D ( 'NONE', #8736, #2968, #4349 ) ;
#5494 = ORIENTED_EDGE ( 'NONE', *, *, #3094, .F. ) ;
#5495 = DIRECTION ( 'NONE',  ( -0.000000000000000000, -0.000000000000000000, -1.000000000000000000 ) ) ;
#5496 = CARTESIAN_POINT ( 'NONE',  ( 42.50000000000000711, 5.204748896376250896E-15, 4.299999999999999822 ) ) ;
#5497 = CARTESIAN_POINT ( 'NONE',  ( 0.000000000000000000, 0.000000000000000000, 0.000000000000000000 ) ) ;
#5498 = CARTESIAN_POINT ( 'NONE',  ( -7.999999999999965361, 145.5999999999999943, 4.999999999999999112 ) ) ;
#5499 = CIRCLE ( 'NONE', #6878, 17.50000000000007105 ) ;
#5500 = DIRECTION ( 'NONE',  ( 0.000000000000000000, 0.000000000000000000, -1.000000000000000000 ) ) ;
#5501 = AXIS2_PLACEMENT_3D ( 'NONE', #7367, #6697, #5323 ) ;
#5502 = CARTESIAN_POINT ( 'NONE',  ( 1.785830365129827291, 0.2777589635713955674, 7.479888939724678387 ) ) ;
#5503 = ORIENTED_EDGE ( 'NONE', *, *, #8607, .F. ) ;
#5504 = CARTESIAN_POINT ( 'NONE',  ( 36.00000000000000000, 0.000000000000000000, -228.0000000000000000 ) ) ;
#5505 = EDGE_LOOP ( 'NONE', ( #4241, #2465, #3890, #6459 ) ) ;
#5506 = DIRECTION ( 'NONE',  ( -1.000000000000000000, 0.000000000000000000, 0.000000000000000000 ) ) ;
#5507 = DIRECTION ( 'NONE',  ( 0.000000000000000000, 0.000000000000000000, -1.000000000000000000 ) ) ;
#5508 = ADVANCED_FACE ( 'NONE', ( #7304 ), #5026, .T. ) ;
#5509 = VECTOR ( 'NONE', #5391, 1000.000000000000000 ) ;
#5510 = AXIS2_PLACEMENT_3D ( 'NONE', #1373, #5741, #5831 ) ;
#5511 = CARTESIAN_POINT ( 'NONE',  ( 17.78449077871800910, 32.50742303615641760, 9.233281589822283308 ) ) ;
#5512 = CARTESIAN_POINT ( 'NONE',  ( 42.50000000000000711, 5.204750289390564684E-15, 20.77501000800801023 ) ) ;
#5513 = AXIS2_PLACEMENT_3D ( 'NONE', #8914, #960, #1735 ) ;
#5514 = AXIS2_PLACEMENT_3D ( 'NONE', #3547, #29, #1416 ) ;
#5515 = DIRECTION ( 'NONE',  ( 0.000000000000000000, -0.000000000000000000, 1.000000000000000000 ) ) ;
#5516 = VERTEX_POINT ( 'NONE', #3592 ) ;
#5517 = LINE ( 'NONE', #4844, #2761 ) ;
#5518 = DIRECTION ( 'NONE',  ( 0.000000000000000000, 0.000000000000000000, 1.000000000000000000 ) ) ;
#5519 = ORIENTED_EDGE ( 'NONE', *, *, #478, .F. ) ;
#5520 = CARTESIAN_POINT ( 'NONE',  ( 34.36931771216882225, -24.99999999999997868, 6.755772121541200548 ) ) ;
#5521 = CALENDAR_DATE ( 2026, 3, 10 ) ;
#5522 = DIRECTION ( 'NONE',  ( 0.000000000000000000, 0.000000000000000000, 1.000000000000000000 ) ) ;
#5523 = EDGE_CURVE ( 'NONE', #1358, #4173, #2876, .T. ) ;
#5524 = SECURITY_CLASSIFICATION_LEVEL ( 'unclassified' ) ;
#5525 = SHAPE_REPRESENTATION ( 'connecting_rod', ( #8931 ), #1593 ) ;
#5526 = SECURITY_CLASSIFICATION ( '', '', #7344 ) ;
#5527 = AXIS2_PLACEMENT_3D ( 'NONE', #3456, #1367, #2152 ) ;
#5528 = CARTESIAN_POINT ( 'NONE',  ( 7.379009953339005889, -37.28375914103542499, 48.26879614049897071 ) ) ;
#5529 = ORIENTED_EDGE ( 'NONE', *, *, #2186, .T. ) ;
#5530 = CARTESIAN_POINT ( 'NONE',  ( 42.50000000000000711, 5.204748896376250896E-15, 55.09999999999999432 ) ) ;
#5531 = EDGE_CURVE ( 'NONE', #1897, #8030, #1362, .T. ) ;
#5532 = EDGE_CURVE ( 'NONE', #5189, #6346, #4718, .T. ) ;
#5533 = VECTOR ( 'NONE', #3313, 1000.000000000000000 ) ;
#5534 = FACE_BOUND ( 'NONE', #2985, .T. ) ;
#5535 = CALENDAR_DATE ( 2026, 3, 10 ) ;
#5536 = CARTESIAN_POINT ( 'NONE',  ( -5.485772332905008319, -42.15715850573645440, 10.97680416745298437 ) ) ;
#5537 = ORIENTED_EDGE ( 'NONE', *, *, #8153, .T. ) ;
#5538 = CARTESIAN_POINT ( 'NONE',  ( -7.377967697204782738, -37.28399881622001999, 5.730780761528639466 ) ) ;
#5539 = EDGE_CURVE ( 'NONE', #2683, #5693, #4363, .T. ) ;
#5540 = VERTEX_POINT ( 'NONE', #1758 ) ;
#5541 = DIRECTION ( 'NONE',  ( -0.000000000000000000, -0.000000000000000000, 1.000000000000000000 ) ) ;
#5542 = DIRECTION ( 'NONE',  ( 1.000000000000000000, 0.000000000000000000, 0.000000000000000000 ) ) ;
#5543 = ORGANIZATION ( 'UNSPECIFIED', 'UNSPECIFIED', '' ) ;
#5544 = APPROVAL_STATUS ( 'not_yet_approved' ) ;
#5545 = CIRCLE ( 'NONE', #5686, 36.00000000000000000 ) ;
#5546 = COORDINATED_UNIVERSAL_TIME_OFFSET ( 5, 30, .AHEAD. ) ;
#5547 = DIRECTION ( 'NONE',  ( 1.000000000000000000, 0.000000000000000000, 0.000000000000000000 ) ) ;
#5548 = APPROVAL ( #3336, 'UNSPECIFIED' ) ;
#5549 = DIRECTION ( 'NONE',  ( 1.000000000000000000, 6.982962677686266711E-15, 0.000000000000000000 ) ) ;
#5550 = ORIENTED_EDGE ( 'NONE', *, *, #1892, .F. ) ;
#5551 = CARTESIAN_POINT ( 'NONE',  ( 29.64746461102430786, -23.77201966113993592, 11.57626703964772474 ) ) ;
#5552 = EDGE_LOOP ( 'NONE', ( #8202, #3412, #824, #4386 ) ) ;
#5553 = CARTESIAN_POINT ( 'NONE',  ( 0.000000000000000000, 55.00000000000000000, -281.0000000000000000 ) ) ;
#5554 = CARTESIAN_POINT ( 'NONE',  ( 30.19214044603492297, 63.60700526054102966, -99.00000000000000000 ) ) ;
#5555 = DIRECTION ( 'NONE',  ( 0.000000000000000000, 0.000000000000000000, 1.000000000000000000 ) ) ;
#5556 = CC_DESIGN_PERSON_AND_ORGANIZATION_ASSIGNMENT ( #580, #2817, ( #8790 ) ) ;
#5557 = ADVANCED_FACE ( 'NONE', ( #255 ), #7549, .F. ) ;
#5558 = CARTESIAN_POINT ( 'NONE',  ( 0.000000000000000000, 0.000000000000000000, 66.69999999999998863 ) ) ;
#5559 = CARTESIAN_POINT ( 'NONE',  ( -33.89087296526049897, -38.89087296525845971, -281.0000000000000000 ) ) ;
#5560 = CARTESIAN_POINT ( 'NONE',  ( 17.50000000000000000, 2.143131898507868248E-15, 0.000000000000000000 ) ) ;
#5561 = CARTESIAN_POINT ( 'NONE',  ( 38.00000000000000000, 0.000000000000000000, 0.000000000000000000 ) ) ;
#5562 = CALENDAR_DATE ( 2026, 3, 10 ) ;
#5563 = CARTESIAN_POINT ( 'NONE',  ( 2.069844123451367999E-15, -42.50000000000001421, 10.10000000000000142 ) ) ;
#5564 = ORIENTED_EDGE ( 'NONE', *, *, #2902, .T. ) ;
#5565 = APPROVAL_STATUS ( 'not_yet_approved' ) ;
#5566 = DIRECTION ( 'NONE',  ( -0.000000000000000000, -0.000000000000000000, -1.000000000000000000 ) ) ;
#5567 = EDGE_CURVE ( 'NONE', #9107, #1047, #6928, .T. ) ;
#5568 = CIRCLE ( 'NONE', #5111, 19.99999999999999645 ) ;
#5569 = DIRECTION ( 'NONE',  ( -0.000000000000000000, -0.000000000000000000, -1.000000000000000000 ) ) ;
#5570 = ORIENTED_EDGE ( 'NONE', *, *, #7211, .F. ) ;
#5571 = CARTESIAN_POINT ( 'NONE',  ( -30.19214044603581115, 63.60700526054061044, -113.9999999999999858 ) ) ;
#5572 = LOCAL_TIME ( 2, 39, 17.00000000000000000, #7131 ) ;
#5573 = CARTESIAN_POINT ( 'NONE',  ( 0.000000000000000000, 0.000000000000000000, -152.0000000000000000 ) ) ;
#5574 = CALENDAR_DATE ( 2026, 3, 10 ) ;
#5575 = AXIS2_PLACEMENT_3D ( 'NONE', #218, #3207, #3838 ) ;
#5576 = CARTESIAN_POINT ( 'NONE',  ( 8.000000000000000000, 145.5999999999999943, 9.000000000000000000 ) ) ;
#5577 = ADVANCED_FACE ( 'NONE', ( #3934 ), #8985, .T. ) ;
#5578 = ORIENTED_EDGE ( 'NONE', *, *, #6361, .T. ) ;
#5579 = VECTOR ( 'NONE', #2943, 1000.000000000000000 ) ;
#5580 = SECURITY_CLASSIFICATION ( '', '', #9167 ) ;
#5581 = CARTESIAN_POINT ( 'NONE',  ( -14.88169115733335524, -34.96996358380251735, 43.89109307736279675 ) ) ;
#5582 = ORIENTED_EDGE ( 'NONE', *, *, #595, .T. ) ;
#5583 = DIRECTION ( 'NONE',  ( 1.000000000000000000, 0.000000000000000000, -0.000000000000000000 ) ) ;
#5584 = DIRECTION ( 'NONE',  ( -0.000000000000000000, -0.000000000000000000, -1.000000000000000000 ) ) ;
#5585 = DATE_TIME_ROLE ( 'creation_date' ) ;
#5586 = COORDINATED_UNIVERSAL_TIME_OFFSET ( 5, 30, .AHEAD. ) ;
#5587 = PLANE ( 'NONE',  #9146 ) ;
#5588 = EDGE_CURVE ( 'NONE', #2219, #8830, #6889, .T. ) ;
#5589 = PRODUCT_DEFINITION_SHAPE ( 'NONE', 'NONE',  #1685 ) ;
#5590 = DIRECTION ( 'NONE',  ( 0.000000000000000000, 0.000000000000000000, 1.000000000000000000 ) ) ;
#5591 = EDGE_CURVE ( 'NONE', #3756, #5711, #6735, .T. ) ;
#5592 = CARTESIAN_POINT ( 'NONE',  ( 1.691951596658988644, -2.888951519604670004, 7.486211324111344823 ) ) ;
#5593 = EDGE_LOOP ( 'NONE', ( #3460, #6471, #2558, #947 ) ) ;
#5594 = EDGE_LOOP ( 'NONE', ( #7268, #3057, #6004 ) ) ;
#5595 = CARTESIAN_POINT ( 'NONE',  ( 33.89087296525765680, 38.89087296525845971, -281.0000000000000000 ) ) ;
#5596 = ORIENTED_EDGE ( 'NONE', *, *, #4756, .F. ) ;
#5597 = DIRECTION ( 'NONE',  ( -0.2840153447039203138, -0.9588197348681938292, 0.000000000000000000 ) ) ;
#5598 =( REPRESENTATION_RELATIONSHIP ('NONE','NONE', #1222, #3210 ) REPRESENTATION_RELATIONSHIP_WITH_TRANSFORMATION ( #4867 )SHAPE_REPRESENTATION_RELATIONSHIP( ) );
#5599 = DIRECTION ( 'NONE',  ( -1.000000000000000000, 0.000000000000000000, 0.000000000000000000 ) ) ;
#5600 = ORIENTED_EDGE ( 'NONE', *, *, #2514, .F. ) ;
#5601 = CARTESIAN_POINT ( 'NONE',  ( 37.47191857518324554, 6.329423423227186873, 20.27366850721283598 ) ) ;
#5602 = LINE ( 'NONE', #1139, #1361 ) ;
#5603 = VERTEX_POINT ( 'NONE', #5360 ) ;
#5604 = DIRECTION ( 'NONE',  ( -0.000000000000000000, 0.000000000000000000, 1.000000000000000000 ) ) ;
#5605 = CARTESIAN_POINT ( 'NONE',  ( 20.60869318846333798, 29.99999999999999645, 9.797456295090199774 ) ) ;
#5606 = ORIENTED_EDGE ( 'NONE', *, *, #4590, .F. ) ;
#5607 = EDGE_CURVE ( 'NONE', #7565, #1644, #5971, .T. ) ;
#5608 = ITEM_DEFINED_TRANSFORMATION ( 'NONE', 'NONE', #2787,  #8931 ) ;
#5609 = CARTESIAN_POINT ( 'NONE',  ( 1.522028990061628395, 37.97140089607541569, 4.548329066872723203 ) ) ;
#5610 = CARTESIAN_POINT ( 'NONE',  ( 15.41920309097342034, -34.73563422125066324, 10.59815279115164977 ) ) ;
#5611 = DIRECTION ( 'NONE',  ( -1.000000000000000000, -6.982962677686266711E-15, 0.000000000000000000 ) ) ;
#5612 = LINE ( 'NONE', #1150, #3758 ) ;
#5613 = EDGE_CURVE ( 'NONE', #2026, #3179, #2542, .T. ) ;
#5614 = APPROVAL_ROLE ( '' ) ;
#5615 = FACE_OUTER_BOUND ( 'NONE', #2244, .T. ) ;
#5616 = ORIENTED_EDGE ( 'NONE', *, *, #1134, .T. ) ;
#5617 = DIRECTION ( 'NONE',  ( 0.000000000000000000, 0.000000000000000000, -1.000000000000000000 ) ) ;
#5618 = ORIENTED_EDGE ( 'NONE', *, *, #6280, .F. ) ;
#5619 = CARTESIAN_POINT ( 'NONE',  ( -16.89999999999999858, 0.000000000000000000, 1.999999999999988010 ) ) ;
#5620 = CARTESIAN_POINT ( 'NONE',  ( -72.66189100558153768, -2.422459413805423178, 10.23000922358218645 ) ) ;
#5621 = EDGE_CURVE ( 'NONE', #8507, #8850, #4148, .T. ) ;
#5622 = DATE_AND_TIME ( #1900, #7947 ) ;
#5623 = CARTESIAN_POINT ( 'NONE',  ( 2.069844123451367999E-15, -42.50000000000001421, 10.10000000000000142 ) ) ;
#5624 = CARTESIAN_POINT ( 'NONE',  ( 39.50000000000000711, 4.837354856632045452E-15, 4.299999999999999822 ) ) ;
#5625 = PLANE ( 'NONE',  #1348 ) ;
#5626 = CIRCLE ( 'NONE', #3818, 5.000000000001731948 ) ;
#5627 = DIRECTION ( 'NONE',  ( 1.000000000000000000, 0.000000000000000000, 0.000000000000000000 ) ) ;
#5628 = ORIENTED_EDGE ( 'NONE', *, *, #6382, .T. ) ;
#5629 = ORIENTED_EDGE ( 'NONE', *, *, #8284, .F. ) ;
#5630 = CARTESIAN_POINT ( 'NONE',  ( -0.7729972448241563265, -0.7569523800127023749, -10.22350682021591339 ) ) ;
#5631 = EDGE_LOOP ( 'NONE', ( #4793, #2855, #6541, #3317, #5013, #6688, #2824 ) ) ;
#5632 = CARTESIAN_POINT ( 'NONE',  ( 54.99999999999766942, -2.341423249310675611E-12, -266.0000000000000000 ) ) ;
#5633 = CARTESIAN_POINT ( 'NONE',  ( 1.725022993852668420E-14, 145.5999999999999943, 4.999999999999999112 ) ) ;
#5634 = ADVANCED_FACE ( 'NONE', ( #9433 ), #3666, .T. ) ;
#5635 = EDGE_CURVE ( 'NONE', #6515, #4515, #4, .T. ) ;
#5636 = VECTOR ( 'NONE', #7733, 1000.000000000000000 ) ;
#5637 = CARTESIAN_POINT ( 'NONE',  ( -0.9399986349222970716, -3.288255557430318721, 10.23473251210485913 ) ) ;
#5638 = ORIENTED_EDGE ( 'NONE', *, *, #3037, .F. ) ;
#5639 = CARTESIAN_POINT ( 'NONE',  ( 38.00000000000000000, 0.000000000000000000, 5.918580100757921514 ) ) ;
#5640 = VECTOR ( 'NONE', #6939, 1000.000000000000000 ) ;
#5641 = DIRECTION ( 'NONE',  ( 1.000000000000000000, 0.000000000000000000, 0.000000000000000000 ) ) ;
#5642 = CIRCLE ( 'NONE', #7634, 38.00000000000000000 ) ;
#5643 = CIRCLE ( 'NONE', #2755, 5.869645329989859661 ) ;
#5644 = ORIENTED_EDGE ( 'NONE', *, *, #1328, .F. ) ;
#5645 = DIRECTION ( 'NONE',  ( 1.000000000000000000, 0.000000000000000000, 0.000000000000000000 ) ) ;
#5646 = CARTESIAN_POINT ( 'NONE',  ( 1.111644448602208124, -42.48908928611800917, 10.12738139321291087 ) ) ;
#5647 = VERTEX_POINT ( 'NONE', #6005 ) ;
#5648 = CIRCLE ( 'NONE', #4602, 38.75000000000000711 ) ;
#5649 = APPROVAL_DATE_TIME ( #3464, #8950 ) ;
#5650 = CIRCLE ( 'NONE', #3370, 36.00000000000000000 ) ;
#5651 = VECTOR ( 'NONE', #981, 1000.000000000000000 ) ;
#5652 = CARTESIAN_POINT ( 'NONE',  ( 10.11807185495149142, 36.65507576010495683, 6.848755182352760151 ) ) ;
#5653 = VECTOR ( 'NONE', #639, 1000.000000000000000 ) ;
#5654 = FACE_OUTER_BOUND ( 'NONE', #386, .T. ) ;
#5655 = PRODUCT_RELATED_PRODUCT_CATEGORY ( 'detail', '', ( #2699 ) ) ;
#5656 = CARTESIAN_POINT ( 'NONE',  ( 6.000000000000000000, 145.5999999999999943, 4.999999999999999112 ) ) ;
#5657 = EDGE_LOOP ( 'NONE', ( #1278, #2202, #3045, #6897 ) ) ;
#5658 = DIRECTION ( 'NONE',  ( 1.000000000000000000, 0.000000000000000000, 0.000000000000000000 ) ) ;
#5659 = VECTOR ( 'NONE', #4146, 999.9999999999998863 ) ;
#5660 = DIRECTION ( 'NONE',  ( -0.000000000000000000, -0.000000000000000000, 1.000000000000000000 ) ) ;
#5661 = APPROVAL_STATUS ( 'not_yet_approved' ) ;
#5662 = VECTOR ( 'NONE', #3139, 1000.000000000000000 ) ;
#5663 = CARTESIAN_POINT ( 'NONE',  ( -16.32315097036171281, -39.24073801430259323, 31.41276145834673272 ) ) ;
#5664 = DIRECTION ( 'NONE',  ( 0.000000000000000000, 2.891205793294678326E-16, 1.000000000000000000 ) ) ;
#5665 = ADVANCED_FACE ( 'NONE', ( #6513, #2232 ), #5198, .F. ) ;
#5666 = LOCAL_TIME ( 2, 39, 17.00000000000000000, #3880 ) ;
#5667 = AXIS2_PLACEMENT_3D ( 'NONE', #3897, #6160, #227 ) ;
#5668 = ORIENTED_EDGE ( 'NONE', *, *, #6540, .T. ) ;
#5669 = CARTESIAN_POINT ( 'NONE',  ( -13.76545215998594962, -35.42422069129914064, 44.81252603876063745 ) ) ;
#5670 = ORIENTED_EDGE ( 'NONE', *, *, #9264, .T. ) ;
#5671 = CARTESIAN_POINT ( 'NONE',  ( 38.95058146157608547, -17.08778759322672869, 16.98213847384165831 ) ) ;
#5672 = CARTESIAN_POINT ( 'NONE',  ( -72.59679475417703998, -3.177113891380296096, 10.23407624089369428 ) ) ;
#5673 = APPLICATION_PROTOCOL_DEFINITION ( 'international standard', 'config_control_design', 1994, #6810 ) ;
#5674 = APPROVAL_PERSON_ORGANIZATION ( #240, #383, #1784 ) ;
#5675 = ITEM_DEFINED_TRANSFORMATION ( 'NONE', 'NONE', #7666,  #8931 ) ;
#5676 = AXIS2_PLACEMENT_3D ( 'NONE', #1082, #4073, #1856 ) ;
#5677 = AXIS2_PLACEMENT_3D ( 'NONE', #8640, #541, #4923 ) ;
#5678 = DIRECTION ( 'NONE',  ( 0.000000000000000000, 0.000000000000000000, 1.000000000000000000 ) ) ;
#5679 = LINE ( 'NONE', #1214, #6914 ) ;
#5680 = FACE_OUTER_BOUND ( 'NONE', #1091, .T. ) ;
#5681 = VERTEX_POINT ( 'NONE', #1487 ) ;
#5682 = EDGE_CURVE ( 'NONE', #1264, #9404, #1074, .T. ) ;
#5683 = ORIENTED_EDGE ( 'NONE', *, *, #1109, .T. ) ;
#5684 = ORIENTED_EDGE ( 'NONE', *, *, #4716, .F. ) ;
#5685 = CARTESIAN_POINT ( 'NONE',  ( 0.000000000000000000, 0.000000000000000000, 59.39999999999999147 ) ) ;
#5686 = AXIS2_PLACEMENT_3D ( 'NONE', #411, #9134, #2600 ) ;
#5687 = ORIENTED_EDGE ( 'NONE', *, *, #2472, .F. ) ;
#5688 = CARTESIAN_POINT ( 'NONE',  ( 38.00000000000000000, 0.000000000000000000, 0.000000000000000000 ) ) ;
#5689 = CARTESIAN_POINT ( 'NONE',  ( -43.89087296526769677, -38.89087296525845971, -266.0000000000000000 ) ) ;
#5690 = CARTESIAN_POINT ( 'NONE',  ( -5.000000000000000000, 55.00000000000000000, -281.0000000000000000 ) ) ;
#5691 = EDGE_CURVE ( 'NONE', #7574, #6835, #4764, .T. ) ;
#5692 = CARTESIAN_POINT ( 'NONE',  ( -42.50000000000000711, 25.00000000000000000, 0.000000000000000000 ) ) ;
#5693 = VERTEX_POINT ( 'NONE', #776 ) ;
#5694 = FACE_OUTER_BOUND ( 'NONE', #4145, .T. ) ;
#5695 = CARTESIAN_POINT ( 'NONE',  ( -42.50000000000000711, 0.000000000000000000, 4.299999999999999822 ) ) ;
#5696 = EDGE_LOOP ( 'NONE', ( #471, #7472, #5529, #843 ) ) ;
#5697 = CARTESIAN_POINT ( 'NONE',  ( -38.00000000000000000, 30.00000000000000000, 0.000000000000000000 ) ) ;
#5698 = CARTESIAN_POINT ( 'NONE',  ( -34.36931771216882225, -24.99999999999997868, 6.755772121541200548 ) ) ;
#5699 = ORIENTED_EDGE ( 'NONE', *, *, #1597, .F. ) ;
#5700 = CONTEXT_DEPENDENT_SHAPE_REPRESENTATION ( #7375, #2278 ) ;
#5701 = CARTESIAN_POINT ( 'NONE',  ( 5.939992542135363429, 37.53982451484246496, 5.285468442046144411 ) ) ;
#5702 = EDGE_CURVE ( 'NONE', #5371, #2046, #4495, .T. ) ;
#5703 = EDGE_CURVE ( 'NONE', #54, #5225, #3724, .T. ) ;
#5704 = CARTESIAN_POINT ( 'NONE',  ( -1.459721138882923208, -6.770804553811577975, -10.25000000000000178 ) ) ;
#5705 = DIRECTION ( 'NONE',  ( -1.000000000000000000, -6.938893903907228378E-15, 0.000000000000000000 ) ) ;
#5706 = FACE_OUTER_BOUND ( 'NONE', #5593, .T. ) ;
#5707 = PERSON_AND_ORGANIZATION_ROLE ( 'classification_officer' ) ;
#5708 = CARTESIAN_POINT ( 'NONE',  ( 63.46176972075341638, 48.70938086149381974, 175.0000000000000000 ) ) ;
#5709 = CARTESIAN_POINT ( 'NONE',  ( 0.000000000000000000, 0.000000000000000000, -281.0000000000000000 ) ) ;
#5710 = ORGANIZATION ( 'NAUO-ORG1', 'UNSPECIFIED', 'UNSPECIFIED' ) ;
#5711 = VERTEX_POINT ( 'NONE', #55 ) ;
#5712 = CARTESIAN_POINT ( 'NONE',  ( -11.39366558150019237, -36.27383364168952795, 46.45550176089580674 ) ) ;
#5713 = ORIENTED_EDGE ( 'NONE', *, *, #2233, .F. ) ;
#5714 = CARTESIAN_POINT ( 'NONE',  ( -37.54535021681135021, -5.878242991177453192, 20.34334208390913545 ) ) ;
#5715 = CARTESIAN_POINT ( 'NONE',  ( 0.000000000000000000, 0.000000000000000000, 19.00000000000000000 ) ) ;
#5716 = CALENDAR_DATE ( 2026, 3, 10 ) ;
#5717 = CC_DESIGN_PERSON_AND_ORGANIZATION_ASSIGNMENT ( #755, #2991, ( #3766 ) ) ;
#5718 = CONTEXT_DEPENDENT_SHAPE_REPRESENTATION ( #2992, #7395 ) ;
#5719 = EDGE_CURVE ( 'NONE', #7364, #3022, #3011, .T. ) ;
#5720 = CC_DESIGN_APPROVAL ( #8950, ( #9385 ) ) ;
#5721 = DIRECTION ( 'NONE',  ( 0.2840153447039135970, 0.9588197348681957166, 0.000000000000000000 ) ) ;
#5722 = DIRECTION ( 'NONE',  ( -0.000000000000000000, -0.000000000000000000, -1.000000000000000000 ) ) ;
#5723 = VECTOR ( 'NONE', #3583, 1000.000000000000000 ) ;
#5724 = ORGANIZATION ( 'NAUO-ORG25', 'UNSPECIFIED', 'UNSPECIFIED' ) ;
#5725 = EDGE_LOOP ( 'NONE', ( #3671, #7587, #1356, #8643 ) ) ;
#5726 = SECURITY_CLASSIFICATION ( '', '', #5890 ) ;
#5727 = ORIENTED_EDGE ( 'NONE', *, *, #368, .F. ) ;
#5728 = FACE_OUTER_BOUND ( 'NONE', #780, .T. ) ;
#5729 = ORIENTED_EDGE ( 'NONE', *, *, #8134, .T. ) ;
#5730 = DIRECTION ( 'NONE',  ( -1.000000000000000000, 0.000000000000000000, 0.000000000000000000 ) ) ;
#5731 = LINE ( 'NONE', #5768, #5653 ) ;
#5732 =( NAMED_UNIT ( * ) SI_UNIT ( $, .STERADIAN. ) SOLID_ANGLE_UNIT ( ) );
#5733 = DIRECTION ( 'NONE',  ( 0.000000000000000000, 0.000000000000000000, -1.000000000000000000 ) ) ;
#5734 = CC_DESIGN_APPROVAL ( #1148, ( #3310 ) ) ;
#5735 = ADVANCED_FACE ( 'NONE', ( #4544 ), #757, .F. ) ;
#5736 = DIRECTION ( 'NONE',  ( -1.000000000000000000, 0.000000000000000000, 0.000000000000000000 ) ) ;
#5737 = ORIENTED_EDGE ( 'NONE', *, *, #934, .T. ) ;
#5738 = CARTESIAN_POINT ( 'NONE',  ( 19.89974874213239531, 30.00000000000000000, -11.00000000000000000 ) ) ;
#5739 = DIRECTION ( 'NONE',  ( -3.083952846180989787E-16, -1.000000000000000000, -0.000000000000000000 ) ) ;
#5740 = EDGE_LOOP ( 'NONE', ( #3001, #4682, #292, #801 ) ) ;
#5741 = DIRECTION ( 'NONE',  ( 0.000000000000000000, 0.000000000000000000, 1.000000000000000000 ) ) ;
#5742 = FACE_OUTER_BOUND ( 'NONE', #5552, .T. ) ;
#5743 = EDGE_LOOP ( 'NONE', ( #9108, #9021, #245, #2209 ) ) ;
#5744 = EDGE_CURVE ( 'NONE', #897, #682, #918, .T. ) ;
#5745 = APPROVAL_DATE_TIME ( #9375, #1438 ) ;
#5746 = CARTESIAN_POINT ( 'NONE',  ( 2.756049452903653801E-15, 38.00000000000000000, 4.499999999999998224 ) ) ;
#5747 = DIRECTION ( 'NONE',  ( -0.000000000000000000, 1.000000000000000000, -0.000000000000000000 ) ) ;
#5748 = DIRECTION ( 'NONE',  ( 0.7071067811865474617, 8.659560562354932858E-17, -0.7071067811865474617 ) ) ;
#5749 = CARTESIAN_POINT ( 'NONE',  ( 45.07812899334808776, 13.35275013547133760, 15.00000000000000000 ) ) ;
#5750 = EDGE_CURVE ( 'NONE', #8818, #5693, #1546, .T. ) ;
#5751 = APPROVAL_STATUS ( 'not_yet_approved' ) ;
#5752 = EDGE_CURVE ( 'NONE', #1950, #6584, #6964, .T. ) ;
#5753 = CARTESIAN_POINT ( 'NONE',  ( -13.42285379118175292, -40.32985166688251866, 37.32678637595393667 ) ) ;
#5754 = ORIENTED_EDGE ( 'NONE', *, *, #9165, .F. ) ;
#5755 = CARTESIAN_POINT ( 'NONE',  ( -19.06493353252009726, -32.87465524329588362, 38.97080564561886007 ) ) ;
#5756 = VERTEX_POINT ( 'NONE', #5530 ) ;
#5757 = DIRECTION ( 'NONE',  ( -0.000000000000000000, -0.000000000000000000, -1.000000000000000000 ) ) ;
#5758 = CARTESIAN_POINT ( 'NONE',  ( -7.999999999999965361, 145.5999999999999943, 6.999999999999999112 ) ) ;
#5759 = DATE_AND_TIME ( #5962, #8573 ) ;
#5760 = DIRECTION ( 'NONE',  ( 0.000000000000000000, 0.000000000000000000, 1.000000000000000000 ) ) ;
#5761 = DIRECTION ( 'NONE',  ( -1.000000000000000000, 0.000000000000000000, 0.000000000000000000 ) ) ;
#5762 = CARTESIAN_POINT ( 'NONE',  ( 19.43475361544437874, 1.018532277898364979, 9.000000000000000000 ) ) ;
#5763 = ORIENTED_EDGE ( 'NONE', *, *, #7289, .F. ) ;
#5764 = ORIENTED_EDGE ( 'NONE', *, *, #277, .F. ) ;
#5765 = APPROVAL ( #3365, 'UNKNOWN' ) ;
#5766 = EDGE_CURVE ( 'NONE', #2644, #3218, #1366, .T. ) ;
#5767 = CYLINDRICAL_SURFACE ( 'NONE', #2837, 36.00000000000000000 ) ;
#5768 = CARTESIAN_POINT ( 'NONE',  ( 0.000000000000000000, -22.00000000000000355, 4.499999999999997335 ) ) ;
#5769 = CARTESIAN_POINT ( 'NONE',  ( -16.02669835496351425, 39.36506178217974394, 21.52284558481910537 ) ) ;
#5770 = AXIS2_PLACEMENT_3D ( 'NONE', #5182, #2553, #7560 ) ;
#5771 = CARTESIAN_POINT ( 'NONE',  ( -1.015991510650630758, -3.985689413941630566, 10.23893710086446518 ) ) ;
#5772 = ORIENTED_EDGE ( 'NONE', *, *, #9429, .T. ) ;
#5773 = DIRECTION ( 'NONE',  ( 1.000000000000000000, 0.000000000000000000, 0.000000000000000000 ) ) ;
#5774 = EDGE_CURVE ( 'NONE', #8291, #3582, #9149, .T. ) ;
#5775 = FACE_BOUND ( 'NONE', #7026, .T. ) ;
#5776 = VERTEX_POINT ( 'NONE', #8346 ) ;
#5777 = CARTESIAN_POINT ( 'NONE',  ( 0.000000000000000000, 0.000000000000000000, -99.00000000000000000 ) ) ;
#5778 = DIRECTION ( 'NONE',  ( -1.000000000000000000, -6.938893903907228378E-15, 0.000000000000000000 ) ) ;
#5779 = VECTOR ( 'NONE', #7728, 1000.000000000000000 ) ;
#5780 = ORIENTED_EDGE ( 'NONE', *, *, #1213, .T. ) ;
#5781 = DATE_AND_TIME ( #2212, #982 ) ;
#5782 = CYLINDRICAL_SURFACE ( 'NONE', #1045, 22.49999999999999645 ) ;
#5783 = VECTOR ( 'NONE', #7531, 1000.000000000000000 ) ;
#5784 = VECTOR ( 'NONE', #8552, 1000.000000000000000 ) ;
#5785 = CARTESIAN_POINT ( 'NONE',  ( -3.072503578181957353E-13, 44.00000000000000000, -99.00000000000000000 ) ) ;
#5786 = EDGE_LOOP ( 'NONE', ( #6749, #4499, #1693, #3131 ) ) ;
#5787 = ADVANCED_FACE ( 'NONE', ( #2428 ), #9109, .F. ) ;
#5788 = DIRECTION ( 'NONE',  ( 3.083952846180989787E-16, 1.000000000000000000, -0.000000000000000000 ) ) ;
#5789 = CONICAL_SURFACE ( 'NONE', #2907, 16.89999999999999858, 0.7853981633974482790 ) ;
#5790 = DIRECTION ( 'NONE',  ( -0.000000000000000000, -0.000000000000000000, 1.000000000000000000 ) ) ;
#5791 = AXIS2_PLACEMENT_3D ( 'NONE', #906, #7433, #860 ) ;
#5792 = DATE_AND_TIME ( #8821, #1591 ) ;
#5793 = CIRCLE ( 'NONE', #1678, 27.00000000000000000 ) ;
#5794 = VECTOR ( 'NONE', #7014, 1000.000000000000000 ) ;
#5795 = CARTESIAN_POINT ( 'NONE',  ( -0.5642508784307066483, -42.50000000000001421, 43.89999999999999147 ) ) ;
#5796 = AXIS2_PLACEMENT_3D ( 'NONE', #6355, #3593, #5641 ) ;
#5797 = EDGE_CURVE ( 'NONE', #2683, #1404, #5057, .T. ) ;
#5798 = CARTESIAN_POINT ( 'NONE',  ( -38.89087296526079740, 38.89087296526176374, -281.0000000000000000 ) ) ;
#5799 = CIRCLE ( 'NONE', #8708, 42.50000000000000711 ) ;
#5800 = ADVANCED_FACE ( 'NONE', ( #2572 ), #1530, .F. ) ;
#5801 = VERTEX_POINT ( 'NONE', #921 ) ;
#5802 = DIRECTION ( 'NONE',  ( 0.000000000000000000, 0.000000000000000000, -1.000000000000000000 ) ) ;
#5803 = CARTESIAN_POINT ( 'NONE',  ( 11.57233450786630868, -40.89611569767925658, 39.32835495495545786 ) ) ;
#5804 = VECTOR ( 'NONE', #3764, 1000.000000000000000 ) ;
#5805 = VERTEX_POINT ( 'NONE', #5485 ) ;
#5806 = DIRECTION ( 'NONE',  ( 0.000000000000000000, 0.000000000000000000, -1.000000000000000000 ) ) ;
#5807 = CARTESIAN_POINT ( 'NONE',  ( -72.37756188165016624, -4.975743566040571331, 10.24459447773691601 ) ) ;
#5808 = PERSON_AND_ORGANIZATION ( #2940, #5543 ) ;
#5809 = CONTEXT_DEPENDENT_SHAPE_REPRESENTATION ( #8706, #5941 ) ;
#5810 = CIRCLE ( 'NONE', #1692, 16.89999999999999858 ) ;
#5811 = DIRECTION ( 'NONE',  ( 1.000000000000000000, 8.881784197001252323E-16, 0.000000000000000000 ) ) ;
#5812 = B_SPLINE_CURVE_WITH_KNOTS ( 'NONE', 3,
 ( #7041, #1961, #7492, #6828, #4891, #2658, #922, #1646, #5605, #4587, #1236, #6358, #6311, #4847, #8520, #2608 ),
 .UNSPECIFIED., .F., .F.,
 ( 4, 2, 2, 2, 2, 2, 2, 4 ),
 ( 0.000000000000000000, 0.0002703513272624587238, 0.0005407026545249174476, 0.001081405309049839666, 0.001622107963574761884, 0.002162810618099684102, 0.003244215927149528538, 0.004325621236199373408 ),
 .UNSPECIFIED. ) ;
#5813 = DIRECTION ( 'NONE',  ( -0.000000000000000000, -0.000000000000000000, -1.000000000000000000 ) ) ;
#5814 = CC_DESIGN_SECURITY_CLASSIFICATION ( #7185, ( #5227 ) ) ;
#5815 = DIRECTION ( 'NONE',  ( 1.000000000000000000, 0.000000000000000000, 0.000000000000000000 ) ) ;
#5816 = VERTEX_POINT ( 'NONE', #4683 ) ;
#5817 = ADVANCED_FACE ( 'NONE', ( #967, #1839, #6142, #3876, #6091, #5402, #7624, #8246, #4015, #339 ), #1791, .F. ) ;
#5818 = VERTEX_POINT ( 'NONE', #4772 ) ;
#5819 = CYLINDRICAL_SURFACE ( 'NONE', #6403, 26.99999999999999645 ) ;
#5820 = ORIENTED_EDGE ( 'NONE', *, *, #6328, .T. ) ;
#5821 = DIRECTION ( 'NONE',  ( 0.2840153447039202583, -0.9588197348681938292, 0.000000000000000000 ) ) ;
#5822 = CYLINDRICAL_SURFACE ( 'NONE', #2913, 7.999999999999983125 ) ;
#5823 = AXIS2_PLACEMENT_3D ( 'NONE', #397, #6067, #4653 ) ;
#5824 = CIRCLE ( 'NONE', #1707, 79.99999999999998579 ) ;
#5825 = CIRCLE ( 'NONE', #6596, 183.1249999999999147 ) ;
#5826 = CARTESIAN_POINT ( 'NONE',  ( -22.34948696607404983, 30.73492001726058831, 30.00191137194881819 ) ) ;
#5827 = ORIENTED_EDGE ( 'NONE', *, *, #5132, .F. ) ;
#5828 = FACE_BOUND ( 'NONE', #9045, .T. ) ;
#5829 = DIRECTION ( 'NONE',  ( -0.000000000000000000, -0.000000000000000000, -1.000000000000000000 ) ) ;
#5830 = ORIENTED_EDGE ( 'NONE', *, *, #1710, .T. ) ;
#5831 = DIRECTION ( 'NONE',  ( 1.000000000000000000, 0.000000000000000000, 0.000000000000000000 ) ) ;
#5832 = DIRECTION ( 'NONE',  ( -0.000000000000000000, -0.000000000000000000, -1.000000000000000000 ) ) ;
#5833 = ORIENTED_EDGE ( 'NONE', *, *, #4699, .T. ) ;
#5834 = CARTESIAN_POINT ( 'NONE',  ( -33.96235869357219173, 17.13063079698938651, 16.96044622678660119 ) ) ;
#5835 = VECTOR ( 'NONE', #5522, 1000.000000000000000 ) ;
#5836 = CC_DESIGN_DATE_AND_TIME_ASSIGNMENT ( #5106, #5308, ( #1917 ) ) ;
#5837 = EDGE_CURVE ( 'NONE', #8754, #2444, #4458, .T. ) ;
#5838 = CYLINDRICAL_SURFACE ( 'NONE', #420, 5.000000000003598899 ) ;
#5839 = CARTESIAN_POINT ( 'NONE',  ( 0.000000000000000000, 0.000000000000000000, 9.000000000000000000 ) ) ;
#5840 = ORIENTED_EDGE ( 'NONE', *, *, #4352, .T. ) ;
#5841 = CARTESIAN_POINT ( 'NONE',  ( 1.740355867502264120, -2.257144374283887700, -7.483649591403789714 ) ) ;
#5842 = LINE ( 'NONE', #8576, #6556 ) ;
#5843 = VERTEX_POINT ( 'NONE', #246 ) ;
#5844 = FACE_OUTER_BOUND ( 'NONE', #5242, .T. ) ;
#5845 = APPROVAL_STATUS ( 'not_yet_approved' ) ;
#5846 = APPROVAL_DATE_TIME ( #2951, #9334 ) ;
#5847 = ADVANCED_FACE ( 'NONE', ( #3287 ), #9018, .F. ) ;
#5848 = DIRECTION ( 'NONE',  ( -1.000000000000000000, 0.000000000000000000, 0.000000000000000000 ) ) ;
#5849 = CARTESIAN_POINT ( 'NONE',  ( 1.237053054665496088, 0.2777589635784699640, -2.636779683484746784E-13 ) ) ;
#5850 = ORIENTED_EDGE ( 'NONE', *, *, #5876, .T. ) ;
#5851 = ORIENTED_EDGE ( 'NONE', *, *, #6490, .F. ) ;
#5852 = PRODUCT_DEFINITION_SHAPE ( 'NONE', 'NONE',  #9467 ) ;
#5853 = CARTESIAN_POINT ( 'NONE',  ( 15.17359475340192887, -39.70162405033929787, 34.52193997846824658 ) ) ;
#5854 = EDGE_LOOP ( 'NONE', ( #6649, #5416 ) ) ;
#5855 = CARTESIAN_POINT ( 'NONE',  ( -63.46176972075341638, 48.70938086149381974, -167.0000000000000000 ) ) ;
#5856 = DIRECTION ( 'NONE',  ( -0.000000000000000000, -0.000000000000000000, -1.000000000000000000 ) ) ;
#5857 = APPROVAL_STATUS ( 'not_yet_approved' ) ;
#5858 = PERSON_AND_ORGANIZATION_ROLE ( 'classification_officer' ) ;
#5859 = EDGE_CURVE ( 'NONE', #8106, #8642, #3386, .T. ) ;
#5860 = LINE ( 'NONE', #8597, #3362 ) ;
#5861 = LOCAL_TIME ( 2, 39, 17.00000000000000000, #3816 ) ;
#5862 = CARTESIAN_POINT ( 'NONE',  ( 45.07812899334808776, 13.35275013547133760, -38.00000000000000000 ) ) ;
#5863 = CARTESIAN_POINT ( 'NONE',  ( -28.61817604250839153, -24.99999999999997868, 6.755772121541173014 ) ) ;
#5864 = ORIENTED_EDGE ( 'NONE', *, *, #5621, .F. ) ;
#5865 = AXIS2_PLACEMENT_3D ( 'NONE', #1526, #5733, #2597 ) ;
#5866 = ORIENTED_EDGE ( 'NONE', *, *, #4012, .T. ) ;
#5867 = DIRECTION ( 'NONE',  ( 0.000000000000000000, 0.000000000000000000, -1.000000000000000000 ) ) ;
#5868 = ORIENTED_EDGE ( 'NONE', *, *, #1953, .F. ) ;
#5869 = DIRECTION ( 'NONE',  ( 0.000000000000000000, -0.000000000000000000, -1.000000000000000000 ) ) ;
#5870 = CARTESIAN_POINT ( 'NONE',  ( -72.58589525574693369, -3.288255557430683762, -10.23473251210633705 ) ) ;
#5871 = B_SPLINE_CURVE_WITH_KNOTS ( 'NONE', 3,
 ( #231, #8225, #6849, #3852 ),
 .UNSPECIFIED., .F., .F.,
 ( 4, 4 ),
 ( 0.000000000000000000, 1.000000000000000000 ),
 .UNSPECIFIED. ) ;
#5872 = CC_DESIGN_SECURITY_CLASSIFICATION ( #9385, ( #9463 ) ) ;
#5873 = DIRECTION ( 'NONE',  ( 0.9941712653548628875, -0.1078123144298031438, -8.247462371756840190E-18 ) ) ;
#5874 = ADVANCED_FACE ( 'NONE', ( #5448 ), #7673, .F. ) ;
#5875 = VECTOR ( 'NONE', #4401, 1000.000000000000000 ) ;
#5876 = EDGE_CURVE ( 'NONE', #1599, #2110, #3236, .T. ) ;
#5877 = CARTESIAN_POINT ( 'NONE',  ( -15.17359475340193420, 39.70162405033929076, 34.52193997846824658 ) ) ;
#5878 = LOCAL_TIME ( 2, 39, 17.00000000000000000, #1160 ) ;
#5879 = CARTESIAN_POINT ( 'NONE',  ( -21.27185312515286597, 31.48935293079833286, 19.63046422077982456 ) ) ;
#5880 = ORIENTED_EDGE ( 'NONE', *, *, #3248, .T. ) ;
#5881 = CARTESIAN_POINT ( 'NONE',  ( 21.39667252950029663, 30.00000000000000355, -9.360410336245807983 ) ) ;
#5882 = CARTESIAN_POINT ( 'NONE',  ( 1.237053054665496088, -48.39287933429384481, -7.500000000000140332 ) ) ;
#5883 = ORIENTED_EDGE ( 'NONE', *, *, #957, .F. ) ;
#5884 = CYLINDRICAL_SURFACE ( 'NONE', #3514, 5.000000000001787903 ) ;
#5885 = FACE_OUTER_BOUND ( 'NONE', #5972, .T. ) ;
#5886 = CC_DESIGN_APPROVAL ( #4219, ( #3158 ) ) ;
#5887 = CC_DESIGN_SECURITY_CLASSIFICATION ( #8790, ( #9474 ) ) ;
#5888 = ORIENTED_EDGE ( 'NONE', *, *, #3237, .T. ) ;
#5889 = CARTESIAN_POINT ( 'NONE',  ( -21.06963267185232525, 30.00000000000000355, 9.510913547310680727 ) ) ;
#5890 = SECURITY_CLASSIFICATION_LEVEL ( 'unclassified' ) ;
#5891 = PERSON ( 'NAUO-PER9', 'UNSPECIFIED', 'UNSPECIFIED', ('UNSPECIFIED'), ('UNSPECIFIED'), ('UNSPECIFIED') ) ;
#5892 = CARTESIAN_POINT ( 'NONE',  ( 0.000000000000000000, -59.72224103642152926, 7.500000000000000000 ) ) ;
#5893 = FACE_BOUND ( 'NONE', #1430, .T. ) ;
#5894 = DIRECTION ( 'NONE',  ( 1.000000000000000000, 0.000000000000000000, 0.000000000000000000 ) ) ;
#5895 = ORIENTED_EDGE ( 'NONE', *, *, #5147, .F. ) ;
#5896 = CARTESIAN_POINT ( 'NONE',  ( 0.000000000000000000, 0.000000000000000000, 4.299999999999999822 ) ) ;
#5897 = ORIENTED_EDGE ( 'NONE', *, *, #5682, .F. ) ;
#5898 = DIRECTION ( 'NONE',  ( 1.000000000000000000, -0.000000000000000000, -0.000000000000000000 ) ) ;
#5899 = SECURITY_CLASSIFICATION_LEVEL ( 'unclassified' ) ;
#5900 = CC_DESIGN_DATE_AND_TIME_ASSIGNMENT ( #2575, #7590, ( #4066 ) ) ;
#5901 = EDGE_CURVE ( 'NONE', #2556, #1311, #5810, .T. ) ;
#5902 = APPROVAL_STATUS ( 'not_yet_approved' ) ;
#5903 = DIRECTION ( 'NONE',  ( 0.000000000000000000, 0.000000000000000000, -1.000000000000000000 ) ) ;
#5904 = APPLICATION_CONTEXT ( 'configuration controlled 3d designs of mechanical parts and assemblies' ) ;
#5905 = ORIENTED_EDGE ( 'NONE', *, *, #2197, .T. ) ;
#5906 = DIRECTION ( 'NONE',  ( 1.000000000000000000, 0.000000000000000000, 0.000000000000000000 ) ) ;
#5907 = ORIENTED_EDGE ( 'NONE', *, *, #5539, .T. ) ;
#5908 = ADVANCED_FACE ( 'NONE', ( #2027 ), #6465, .T. ) ;
#5909 = CARTESIAN_POINT ( 'NONE',  ( 16.87282210245880520, -39.00719858913195992, 25.88898990822288226 ) ) ;
#5910 = ORIENTED_EDGE ( 'NONE', *, *, #5901, .F. ) ;
#5911 = DIRECTION ( 'NONE',  ( 0.000000000000000000, 0.000000000000000000, 1.000000000000000000 ) ) ;
#5912 = CARTESIAN_POINT ( 'NONE',  ( -19.95403797262715528, 30.00000000000000355, -10.64353578223257912 ) ) ;
#5913 = PERSON_AND_ORGANIZATION ( #2940, #5543 ) ;
#5914 = ITEM_DEFINED_TRANSFORMATION ( 'NONE', 'NONE', #6912,  #8931 ) ;
#5915 = CARTESIAN_POINT ( 'NONE',  ( 36.73243031067846687, -21.38052015231712488, 14.46713570837794904 ) ) ;
#5916 = FACE_OUTER_BOUND ( 'NONE', #994, .T. ) ;
#5917 = CARTESIAN_POINT ( 'NONE',  ( 0.000000000000000000, 0.000000000000000000, 20.00000000000000000 ) ) ;
#5918 = ORIENTED_EDGE ( 'NONE', *, *, #5103, .T. ) ;
#5919 = UNCERTAINTY_MEASURE_WITH_UNIT (LENGTH_MEASURE( 1.000000000000000082E-05 ), #310, 'distance_accuracy_value', 'NONE');
#5920 = EDGE_CURVE ( 'NONE', #8030, #8754, #1848, .T. ) ;
#5921 = FACE_BOUND ( 'NONE', #2417, .T. ) ;
#5922 = ORIENTED_EDGE ( 'NONE', *, *, #9144, .T. ) ;
#5923 = DIRECTION ( 'NONE',  ( 0.000000000000000000, -1.000000000000000000, 2.891205793294678326E-16 ) ) ;
#5924 = DIRECTION ( 'NONE',  ( -0.000000000000000000, -0.000000000000000000, 1.000000000000000000 ) ) ;
#5925 = DIRECTION ( 'NONE',  ( 1.000000000000000000, -1.110223024625156540E-16, 0.000000000000000000 ) ) ;
#5926 = PRODUCT_DEFINITION_SHAPE ( 'NONE', 'NONE',  #9478 ) ;
#5927 = ORIENTED_EDGE ( 'NONE', *, *, #6453, .T. ) ;
#5928 = CARTESIAN_POINT ( 'NONE',  ( -10.09248388807089825, 36.64138493624500370, 6.877199518968526881 ) ) ;
#5929 = VERTEX_POINT ( 'NONE', #2708 ) ;
#5930 = EDGE_CURVE ( 'NONE', #128, #5289, #4902, .T. ) ;
#5931 = CARTESIAN_POINT ( 'NONE',  ( 2.069653090559026528E-15, 22.00000000000000355, 10.10000000000000497 ) ) ;
#5932 = ADVANCED_FACE ( 'NONE', ( #7807 ), #615, .T. ) ;
#5933 = ORIENTED_EDGE ( 'NONE', *, *, #6307, .F. ) ;
#5934 = CARTESIAN_POINT ( 'NONE',  ( -74.76294694533464735, -7.309236489168396744, -7.500000000000007105 ) ) ;
#5935 = CARTESIAN_POINT ( 'NONE',  ( 1.237053054665496088, -48.39287933429384481, 7.500000000000000000 ) ) ;
#5936 = EDGE_LOOP ( 'NONE', ( #4277, #8992, #2960, #6082 ) ) ;
#5937 = CARTESIAN_POINT ( 'NONE',  ( 0.000000000000000000, 0.000000000000000000, -11.00000000000000000 ) ) ;
#5938 = VECTOR ( 'NONE', #6618, 1000.000000000000000 ) ;
#5939 = DATE_AND_TIME ( #2460, #3159 ) ;
#5940 = DIRECTION ( 'NONE',  ( -0.000000000000000000, -0.000000000000000000, 1.000000000000000000 ) ) ;
#5941 = PRODUCT_DEFINITION_SHAPE ( 'NONE', 'NONE',  #9475 ) ;
#5942 = LINE ( 'NONE', #8863, #2476 ) ;
#5943 = VERTEX_POINT ( 'NONE', #1246 ) ;
#5944 = CARTESIAN_POINT ( 'NONE',  ( 1.785830365129840835, 0.2777589635784701860, -7.479888939725204189 ) ) ;
#5945 = DIRECTION ( 'NONE',  ( 1.000000000000000000, 0.000000000000000000, 0.000000000000000000 ) ) ;
#5946 = ORIENTED_EDGE ( 'NONE', *, *, #6242, .F. ) ;
#5947 = CARTESIAN_POINT ( 'NONE',  ( -36.00000000000029843, 43.99999999999974420, -228.0000000000000000 ) ) ;
#5948 = CALENDAR_DATE ( 2026, 3, 10 ) ;
#5949 = CALENDAR_DATE ( 2026, 3, 10 ) ;
#5950 = VECTOR ( 'NONE', #6437, 1000.000000000000000 ) ;
#5951 = CIRCLE ( 'NONE', #9454, 79.99999999999998579 ) ;
#5952 = DIRECTION ( 'NONE',  ( -1.000000000000000000, 0.000000000000000000, 0.000000000000000000 ) ) ;
#5953 = APPROVAL ( #3292, 'UNSPECIFIED' ) ;
#5954 = ORIENTED_EDGE ( 'NONE', *, *, #5003, .F. ) ;
#5955 = CARTESIAN_POINT ( 'NONE',  ( 0.000000000000000000, 0.000000000000000000, 228.0000000000000000 ) ) ;
#5957 = DIRECTION ( 'NONE',  ( 0.000000000000000000, -1.000000000000000000, 0.000000000000000000 ) ) ;
#5956 = AXIS2_PLACEMENT_3D ( 'NONE', #8377, #4761, #7665 ) ;
#5958 = AXIS2_PLACEMENT_3D ( 'NONE', #770, #5903, #5952 ) ;
#5959 = CIRCLE ( 'NONE', #1834, 42.50000000000000711 ) ;
#5960 = ORIENTED_EDGE ( 'NONE', *, *, #7558, .T. ) ;
#5961 = CARTESIAN_POINT ( 'NONE',  ( 26.99999999999969091, 44.00000000000018474, -99.00000000000000000 ) ) ;
#5962 = CALENDAR_DATE ( 2026, 3, 10 ) ;
#5963 = CIRCLE ( 'NONE', #2131, 26.99999999999999645 ) ;
#5964 = APPROVAL_ROLE ( '' ) ;
#5965 = DIRECTION ( 'NONE',  ( 0.000000000000000000, 0.000000000000000000, -1.000000000000000000 ) ) ;
#5966 = PRODUCT_RELATED_PRODUCT_CATEGORY ( 'detail', '', ( #4831 ) ) ;
#5967 = ADVANCED_FACE ( 'NONE', ( #7004, #2748 ), #430, .T. ) ;
#5968 = CIRCLE ( 'NONE', #8870, 39.50000000000000711 ) ;
#5969 = CARTESIAN_POINT ( 'NONE',  ( 0.000000000000000000, 0.000000000000000000, 10.99999999999999822 ) ) ;
#5970 = LINE ( 'NONE', #1560, #3659 ) ;
#5971 = CIRCLE ( 'NONE', #2920, 36.00000000000000000 ) ;
#5972 = EDGE_LOOP ( 'NONE', ( #2571, #3628, #3523, #7967 ) ) ;
#5973 = AXIS2_PLACEMENT_3D ( 'NONE', #6932, #7554, #1855 ) ;
#5974 = CYLINDRICAL_SURFACE ( 'NONE', #4140, 36.00000000000000711 ) ;
#5975 = ORIENTED_EDGE ( 'NONE', *, *, #9143, .F. ) ;
#5976 = CARTESIAN_POINT ( 'NONE',  ( -43.89087296526106030, 38.89087296526176374, -266.0000000000000000 ) ) ;
#5977 = CARTESIAN_POINT ( 'NONE',  ( 28.61817604250834535, 25.00000000000002487, 6.755772121541173014 ) ) ;
#5978 = AXIS2_PLACEMENT_3D ( 'NONE', #8386, #1744, #6779 ) ;
#5979 = DIRECTION ( 'NONE',  ( -9.904464327468048252E-17, 1.043152416251036375E-16, 1.000000000000000000 ) ) ;
#5980 = CC_DESIGN_APPROVAL ( #1925, ( #604 ) ) ;
#5981 = EDGE_CURVE ( 'NONE', #6790, #2308, #527, .T. ) ;
#5982 = CARTESIAN_POINT ( 'NONE',  ( -22.19436403495976151, 30.84548107515491111, 23.22963508202401783 ) ) ;
#5983 = EDGE_LOOP ( 'NONE', ( #2726, #9078, #3908, #6768 ) ) ;
#5984 = CARTESIAN_POINT ( 'NONE',  ( -35.99999999999999289, -44.00000000000000000, 190.0000000000000000 ) ) ;
#5985 = VERTEX_POINT ( 'NONE', #3470 ) ;
#5986 = DIRECTION ( 'NONE',  ( -0.2840153447039203138, 0.9588197348681938292, 0.000000000000000000 ) ) ;
#5987 = CARTESIAN_POINT ( 'NONE',  ( 0.000000000000000000, 0.000000000000000000, 0.000000000000000000 ) ) ;
#5988 = ORIENTED_EDGE ( 'NONE', *, *, #3965, .T. ) ;
#5989 = CARTESIAN_POINT ( 'NONE',  ( -37.96758759075180478, 1.815470040561431686, 20.74421424303664807 ) ) ;
#5990 = EDGE_CURVE ( 'NONE', #9238, #3391, #3561, .T. ) ;
#5991 = CLOSED_SHELL ( 'NONE', ( #1292, #2731, #3055, #78, #1734, #3261 ) ) ;
#5992 = CARTESIAN_POINT ( 'NONE',  ( 63.46176972075376455, -48.70938086149337209, 61.00000000000000000 ) ) ;
#5993 = DIRECTION ( 'NONE',  ( -0.000000000000000000, -0.000000000000000000, 1.000000000000000000 ) ) ;
#5994 = ORIENTED_EDGE ( 'NONE', *, *, #4699, .F. ) ;
#5995 = DIRECTION ( 'NONE',  ( 0.000000000000000000, 0.000000000000000000, 1.000000000000000000 ) ) ;
#5996 = EDGE_LOOP ( 'NONE', ( #5851, #5729, #8164, #2252 ) ) ;
#5997 = LINE ( 'NONE', #5336, #1673 ) ;
#5998 = PERSON_AND_ORGANIZATION_ROLE ( 'classification_officer' ) ;
#5999 = AXIS2_PLACEMENT_3D ( 'NONE', #3636, #6532, #9455 ) ;
#6000 = ADVANCED_FACE ( 'NONE', ( #8578, #9202 ), #4853, .T. ) ;
#6001 = EDGE_CURVE ( 'NONE', #943, #3010, #3529, .T. ) ;
#6002 = DIRECTION ( 'NONE',  ( 1.000000000000000000, 0.000000000000000000, 0.000000000000000000 ) ) ;
#6003 = LINE ( 'NONE', #2425, #6579 ) ;
#6004 = ORIENTED_EDGE ( 'NONE', *, *, #1021, .T. ) ;
#6005 = CARTESIAN_POINT ( 'NONE',  ( 42.50000000000000711, 5.204750289390564684E-15, 20.77501000800801023 ) ) ;
#6006 = CARTESIAN_POINT ( 'NONE',  ( 16.32195228891180960, -39.24124001508850768, 31.41740831937803335 ) ) ;
#6007 = ORIENTED_EDGE ( 'NONE', *, *, #1061, .T. ) ;
#6008 = DIRECTION ( 'NONE',  ( -0.000000000000000000, -0.000000000000000000, 1.000000000000000000 ) ) ;
#6009 = DATE_AND_TIME ( #3161, #5666 ) ;
#6010 = PERSON_AND_ORGANIZATION_ROLE ( 'classification_officer' ) ;
#6011 = DIRECTION ( 'NONE',  ( 0.2840153447039269752, -0.9588197348681917198, 0.000000000000000000 ) ) ;
#6012 = DIRECTION ( 'NONE',  ( -0.000000000000000000, 1.000000000000000000, -0.000000000000000000 ) ) ;
#6013 = DIRECTION ( 'NONE',  ( 1.000000000000000000, -0.000000000000000000, -0.000000000000000000 ) ) ;
#6014 = ORIENTED_EDGE ( 'NONE', *, *, #1021, .F. ) ;
#6015 = FACE_OUTER_BOUND ( 'NONE', #8126, .T. ) ;
#6016 = CIRCLE ( 'NONE', #5266, 38.00000000000000000 ) ;
#6017 = VERTEX_POINT ( 'NONE', #5571 ) ;
#6018 = CARTESIAN_POINT ( 'NONE',  ( 6.000000000000000000, 145.5999999999999943, -6.999999999999999112 ) ) ;
#6019 = CC_DESIGN_DATE_AND_TIME_ASSIGNMENT ( #8341, #1881, ( #4021 ) ) ;
#6020 = CARTESIAN_POINT ( 'NONE',  ( 29.16285176210242369, 24.36467701155948973, 10.38167718183462362 ) ) ;
#6021 = CC_DESIGN_PERSON_AND_ORGANIZATION_ASSIGNMENT ( #2719, #9351, ( #3539 ) ) ;
#6022 = DIRECTION ( 'NONE',  ( 0.9935191052393668176, 0.1136652432556592290, -2.498001805406614049E-16 ) ) ;
#6023 = CARTESIAN_POINT ( 'NONE',  ( -72.76294694533463314, 0.2777589635784699640, 17.50000000000000000 ) ) ;
#6024 = ORIENTED_EDGE ( 'NONE', *, *, #8488, .F. ) ;
#6025 = CARTESIAN_POINT ( 'NONE',  ( -21.70545444164869409, 31.19112212496762027, 32.93832347425170326 ) ) ;
#6026 = VERTEX_POINT ( 'NONE', #1930 ) ;
#6027 = LOCAL_TIME ( 2, 39, 17.00000000000000000, #285 ) ;
#6028 = CARTESIAN_POINT ( 'NONE',  ( -32.31098884280702777, 19.99999999999999645, 15.41602615938556120 ) ) ;
#6029 = VERTEX_POINT ( 'NONE', #2805 ) ;
#6030 = FACE_OUTER_BOUND ( 'NONE', #774, .T. ) ;
#6031 = CARTESIAN_POINT ( 'NONE',  ( -5.000000000009500845, -55.00000000000000000, -266.0000000000000000 ) ) ;
#6032 = EDGE_CURVE ( 'NONE', #4627, #6549, #8622, .T. ) ;
#6033 = FACE_OUTER_BOUND ( 'NONE', #6064, .T. ) ;
#6034 = AXIS2_PLACEMENT_3D ( 'NONE', #6018, #4735, #2546 ) ;
#6035 = DATE_AND_TIME ( #8285, #7100 ) ;
#6036 = LINE ( 'NONE', #5992, #3882 ) ;
#6037 = AXIS2_PLACEMENT_3D ( 'NONE', #1986, #4915, #3014 ) ;
#6038 = CARTESIAN_POINT ( 'NONE',  ( -35.30553202143224922, 30.00000000000000000, 5.869645329989859661 ) ) ;
#6039 = ORGANIZATION ( 'NAUO-ORG20', 'UNSPECIFIED', 'UNSPECIFIED' ) ;
#6040 = SECURITY_CLASSIFICATION ( '', '', #7727 ) ;
#6041 = FACE_OUTER_BOUND ( 'NONE', #5469, .T. ) ;
#6042 = ORIENTED_EDGE ( 'NONE', *, *, #2645, .F. ) ;
#6043 = DIRECTION ( 'NONE',  ( 1.000000000000000000, 0.000000000000000000, 0.000000000000000000 ) ) ;
#6044 = DATE_AND_TIME ( #6670, #2390 ) ;
#6045 = ADVANCED_FACE ( 'NONE', ( #5706 ), #1189, .T. ) ;
#6046 = DATE_TIME_ROLE ( 'classification_date' ) ;
#6047 = PLANE ( 'NONE',  #6088 ) ;
#6048 = CARTESIAN_POINT ( 'NONE',  ( 2.754861143330236021E-15, -38.00000000000000000, 49.50000000000000000 ) ) ;
#6049 = ORIENTED_EDGE ( 'NONE', *, *, #2175, .T. ) ;
#6050 = DIRECTION ( 'NONE',  ( 1.000000000000000000, 0.000000000000000000, 0.000000000000000000 ) ) ;
#6051 = CARTESIAN_POINT ( 'NONE',  ( 5.999999999999972466, 55.59999999999998010, -4.999999999999999112 ) ) ;
#6052 = EDGE_CURVE ( 'NONE', #7058, #2467, #9247, .T. ) ;
#6053 = EDGE_CURVE ( 'NONE', #8264, #4760, #4900, .T. ) ;
#6054 = ORIENTED_EDGE ( 'NONE', *, *, #3149, .F. ) ;
#6055 = CARTESIAN_POINT ( 'NONE',  ( -72.06617275178622606, -6.770804553812162396, -10.25000000000001599 ) ) ;
#6056 = CALENDAR_DATE ( 2026, 3, 10 ) ;
#6057 = DATE_AND_TIME ( #3162, #373 ) ;
#6058 = DIRECTION ( 'NONE',  ( -1.000000000000000000, -6.982962677686266711E-15, 0.000000000000000000 ) ) ;
#6059 = DIRECTION ( 'NONE',  ( 0.000000000000000000, 0.000000000000000000, -1.000000000000000000 ) ) ;
#6060 = DIRECTION ( 'NONE',  ( -0.000000000000000000, -0.000000000000000000, -1.000000000000000000 ) ) ;
#6061 = ORIENTED_EDGE ( 'NONE', *, *, #5876, .F. ) ;
#6062 = ORIENTED_EDGE ( 'NONE', *, *, #1907, .F. ) ;
#6063 = CARTESIAN_POINT ( 'NONE',  ( -16.44216744192645763, -34.26317648449636977, 11.62410897261320208 ) ) ;
#6064 = EDGE_LOOP ( 'NONE', ( #6224, #3520, #3824, #554 ) ) ;
#6065 = CARTESIAN_POINT ( 'NONE',  ( -74.76294694533464735, -48.39287933429392297, 7.500000000000012434 ) ) ;
#6066 = CARTESIAN_POINT ( 'NONE',  ( -72.35030059919203893, -5.157615897671171012, -10.24550555293173559 ) ) ;
#6067 = DIRECTION ( 'NONE',  ( 1.232595164407830946E-32, 1.224646799147353454E-16, -1.000000000000000000 ) ) ;
#6068 = PRODUCT_DEFINITION ( 'UNKNOWN', '', #2983, #8792 ) ;
#6069 = DIRECTION ( 'NONE',  ( -1.000000000000000000, 0.000000000000000000, 0.000000000000000000 ) ) ;
#6070 = ORIENTED_EDGE ( 'NONE', *, *, #3658, .T. ) ;
#6071 = CARTESIAN_POINT ( 'NONE',  ( -28.64792046032368589, 24.96606083414426536, 7.701737560465629073 ) ) ;
#6072 = ORIENTED_EDGE ( 'NONE', *, *, #1019, .T. ) ;
#6073 = CARTESIAN_POINT ( 'NONE',  ( -17.79770258068585420, 32.25532683691665170, 9.366171386167348345 ) ) ;
#6074 = DIRECTION ( 'NONE',  ( 0.000000000000000000, 0.000000000000000000, -1.000000000000000000 ) ) ;
#6075 = DIRECTION ( 'NONE',  ( 1.000000000000000000, 1.387778780781445873E-15, 0.000000000000000000 ) ) ;
#6076 = CALENDAR_DATE ( 2026, 3, 10 ) ;
#6077 = CARTESIAN_POINT ( 'NONE',  ( 0.000000000000000000, 0.000000000000000000, 228.0000000000000000 ) ) ;
#6078 = EDGE_CURVE ( 'NONE', #1761, #4338, #3715, .T. ) ;
#6079 = DIRECTION ( 'NONE',  ( -1.000000000000000000, -6.938893903907228378E-15, 0.000000000000000000 ) ) ;
#6080 = ORIENTED_EDGE ( 'NONE', *, *, #8146, .F. ) ;
#6081 = DIRECTION ( 'NONE',  ( 0.000000000000000000, 0.000000000000000000, 1.000000000000000000 ) ) ;
#6082 = ORIENTED_EDGE ( 'NONE', *, *, #916, .F. ) ;
#6083 = DIRECTION ( 'NONE',  ( 1.000000000000000000, 0.000000000000000000, 0.000000000000000000 ) ) ;
#6084 = COORDINATED_UNIVERSAL_TIME_OFFSET ( 5, 30, .AHEAD. ) ;
#6085 =( REPRESENTATION_RELATIONSHIP ('NONE','NONE', #1222, #9169 ) REPRESENTATION_RELATIONSHIP_WITH_TRANSFORMATION ( #343 )SHAPE_REPRESENTATION_RELATIONSHIP( ) );
#6086 = CALENDAR_DATE ( 2026, 3, 10 ) ;
#6087 = EDGE_CURVE ( 'NONE', #3854, #826, #7228, .T. ) ;
#6088 = AXIS2_PLACEMENT_3D ( 'NONE', #8967, #1482, #5340 ) ;
#6089 = DIRECTION ( 'NONE',  ( -0.000000000000000000, -0.000000000000000000, 1.000000000000000000 ) ) ;
#6090 = ORIENTED_EDGE ( 'NONE', *, *, #392, .F. ) ;
#6091 = FACE_BOUND ( 'NONE', #3608, .T. ) ;
#6092 = ORIENTED_EDGE ( 'NONE', *, *, #177, .T. ) ;
#6093 = CARTESIAN_POINT ( 'NONE',  ( 0.000000000000000000, 0.000000000000000000, 20.00000000000000000 ) ) ;
#6094 = AXIS2_PLACEMENT_3D ( 'NONE', #4646, #1797, #3253 ) ;
#6095 = APPLICATION_PROTOCOL_DEFINITION ( 'international standard', 'config_control_design', 1994, #7757 ) ;
#6096 = AXIS2_PLACEMENT_3D ( 'NONE', #3178, #2358, #5277 ) ;
#6097 = CARTESIAN_POINT ( 'NONE',  ( 17.72660153117763926, 33.61201568122404382, -9.000000000000000000 ) ) ;
#6098 = EDGE_CURVE ( 'NONE', #2707, #7127, #3092, .T. ) ;
#6099 = DIRECTION ( 'NONE',  ( -1.000000000000000000, 0.000000000000000000, 0.000000000000000000 ) ) ;
#6100 = ORIENTED_EDGE ( 'NONE', *, *, #4620, .F. ) ;
#6101 = VECTOR ( 'NONE', #6043, 1000.000000000000000 ) ;
#6102 = AXIS2_PLACEMENT_3D ( 'NONE', #5010, #7910, #5107 ) ;
#6103 = DIRECTION ( 'NONE',  ( -0.000000000000000000, 1.000000000000000000, -0.000000000000000000 ) ) ;
#6104 = VECTOR ( 'NONE', #2596, 1000.000000000000000 ) ;
#6105 = VERTEX_POINT ( 'NONE', #96 ) ;
#6106 = CARTESIAN_POINT ( 'NONE',  ( 36.00000000000000000, 2.513866563967056016E-13, -152.0000000000000000 ) ) ;
#6107 = CARTESIAN_POINT ( 'NONE',  ( 1.237053054665496088, -48.39287933429384481, 4.999999999999743316 ) ) ;
#6108 = DIRECTION ( 'NONE',  ( -1.110223024625156540E-16, -1.000000000000000000, -2.705679627742444356E-16 ) ) ;
#6109 = CIRCLE ( 'NONE', #3229, 7.999999999999983125 ) ;
#6110 = CIRCLE ( 'NONE', #9020, 42.50000000000000711 ) ;
#6111 = EDGE_CURVE ( 'NONE', #1486, #3499, #8414, .T. ) ;
#6112 = CARTESIAN_POINT ( 'NONE',  ( 0.000000000000000000, 0.000000000000000000, 308.0000000000000000 ) ) ;
#6113 = ADVANCED_FACE ( 'NONE', ( #7945 ), #7899, .T. ) ;
#6114 = CARTESIAN_POINT ( 'NONE',  ( -34.88992150064375863, 24.26838863017689363, 10.51684294597052194 ) ) ;
#6115 = VERTEX_POINT ( 'NONE', #144 ) ;
#6116 = CIRCLE ( 'NONE', #1686, 5.000000000004757972 ) ;
#6117 = DIRECTION ( 'NONE',  ( -0.000000000000000000, 0.000000000000000000, 1.000000000000000000 ) ) ;
#6118 = AXIS2_PLACEMENT_3D ( 'NONE', #5344, #7537, #7489 ) ;
#6119 = ORIENTED_EDGE ( 'NONE', *, *, #352, .F. ) ;
#6120 = CARTESIAN_POINT ( 'NONE',  ( -17.75627199172503268, 33.04586956793137631, 9.044032844953276751 ) ) ;
#6121 = DIRECTION ( 'NONE',  ( -1.000000000000000000, 0.000000000000000000, 0.000000000000000000 ) ) ;
#6122 = DIRECTION ( 'NONE',  ( -0.000000000000000000, 1.000000000000000000, -0.000000000000000000 ) ) ;
#6123 = DIRECTION ( 'NONE',  ( -0.000000000000000000, -0.000000000000000000, 1.000000000000000000 ) ) ;
#6124 = CIRCLE ( 'NONE', #7038, 79.99999999999998579 ) ;
#6125 = AXIS2_PLACEMENT_3D ( 'NONE', #1216, #401, #3347 ) ;
#6126 = DIRECTION ( 'NONE',  ( 0.000000000000000000, 0.000000000000000000, -1.000000000000000000 ) ) ;
#6127 = SECURITY_CLASSIFICATION ( '', '', #832 ) ;
#6128 = DIRECTION ( 'NONE',  ( 1.000000000000000000, 0.000000000000000000, -0.000000000000000000 ) ) ;
#6129 = EDGE_LOOP ( 'NONE', ( #1137, #3074 ) ) ;
#6130 = CARTESIAN_POINT ( 'NONE',  ( 38.00000000000000000, 0.000000000000000000, -5.918580100757921514 ) ) ;
#6131 = ORIENTED_EDGE ( 'NONE', *, *, #9211, .F. ) ;
#6132 = CARTESIAN_POINT ( 'NONE',  ( 0.000000000000000000, 0.000000000000000000, 19.00000000000000000 ) ) ;
#6133 = CC_DESIGN_PERSON_AND_ORGANIZATION_ASSIGNMENT ( #196, #5338, ( #2681 ) ) ;
#6134 = ADVANCED_FACE ( 'NONE', ( #5844 ), #1479, .F. ) ;
#6135 = AXIS2_PLACEMENT_3D ( 'NONE', #353, #6108, #3939 ) ;
#6136 = DATE_AND_TIME ( #5443, #6027 ) ;
#6137 = VECTOR ( 'NONE', #6788, 1000.000000000000000 ) ;
#6138 = CARTESIAN_POINT ( 'NONE',  ( 21.71019434633868528, 31.18877292502478227, 32.95613686956586008 ) ) ;
#6139 = DIRECTION ( 'NONE',  ( 1.000000000000000000, 0.000000000000000000, 0.000000000000000000 ) ) ;
#6140 = AXIS2_PLACEMENT_3D ( 'NONE', #4667, #3228, #3043 ) ;
#6141 = ORIENTED_EDGE ( 'NONE', *, *, #6098, .F. ) ;
#6142 = FACE_BOUND ( 'NONE', #3423, .T. ) ;
#6143 = CARTESIAN_POINT ( 'NONE',  ( -41.92388111310908272, 7.201336038707680132, 20.16242792411862084 ) ) ;
#6144 = ADVANCED_FACE ( 'NONE', ( #3812 ), #1433, .T. ) ;
#6145 = PERSON_AND_ORGANIZATION_ROLE ( 'creator' ) ;
#6146 = APPROVAL_ROLE ( '' ) ;
#6147 = AXIS2_PLACEMENT_3D ( 'NONE', #1882, #3877, #204 ) ;
#6148 = DIRECTION ( 'NONE',  ( 0.000000000000000000, 0.000000000000000000, 1.000000000000000000 ) ) ;
#6149 = FACE_OUTER_BOUND ( 'NONE', #4971, .T. ) ;
#6150 = ORIENTED_EDGE ( 'NONE', *, *, #1510, .F. ) ;
#6151 = DIRECTION ( 'NONE',  ( -0.000000000000000000, -0.000000000000000000, 1.000000000000000000 ) ) ;
#6152 = ORIENTED_EDGE ( 'NONE', *, *, #5859, .F. ) ;
#6153 = CYLINDRICAL_SURFACE ( 'NONE', #8624, 7.500000000000017764 ) ;
#6154 = DIRECTION ( 'NONE',  ( 0.000000000000000000, 0.000000000000000000, -1.000000000000000000 ) ) ;
#6155 = EDGE_CURVE ( 'NONE', #7664, #3803, #5243, .T. ) ;
#6156 = DIRECTION ( 'NONE',  ( -1.110223024625156540E-16, -1.000000000000000000, -2.705679627742444356E-16 ) ) ;
#6157 = CYLINDRICAL_SURFACE ( 'NONE', #7915, 2.000000000000000000 ) ;
#6158 = FACE_OUTER_BOUND ( 'NONE', #2510, .T. ) ;
#6159 = DIRECTION ( 'NONE',  ( 0.000000000000000000, 0.000000000000000000, 1.000000000000000000 ) ) ;
#6160 = DIRECTION ( 'NONE',  ( 0.000000000000000000, 0.000000000000000000, -1.000000000000000000 ) ) ;
#6161 = ORIENTED_EDGE ( 'NONE', *, *, #3262, .T. ) ;
#6162 = CARTESIAN_POINT ( 'NONE',  ( 30.58881743660582231, -22.54849862006556549, 13.32857542894196712 ) ) ;
#6163 = ORIENTED_EDGE ( 'NONE', *, *, #4340, .F. ) ;
#6164 = DIRECTION ( 'NONE',  ( 0.000000000000000000, 0.000000000000000000, 1.000000000000000000 ) ) ;
#6165 = CYLINDRICAL_SURFACE ( 'NONE', #3917, 42.50000000000000711 ) ;
#6166 = LINE ( 'NONE', #1129, #3998 ) ;
#6167 = EDGE_CURVE ( 'NONE', #2404, #7487, #8843, .T. ) ;
#6168 =( LENGTH_UNIT ( ) NAMED_UNIT ( * ) SI_UNIT ( .MILLI., .METRE. ) );
#6169 = EDGE_CURVE ( 'NONE', #2644, #3851, #4535, .T. ) ;
#6170 = SECURITY_CLASSIFICATION ( '', '', #865 ) ;
#6171 = DIRECTION ( 'NONE',  ( -1.000000000000000000, -6.982962677686266711E-15, 0.000000000000000000 ) ) ;
#6172 = VERTEX_POINT ( 'NONE', #7435 ) ;
#6173 = FACE_OUTER_BOUND ( 'NONE', #8864, .T. ) ;
#6174 = CIRCLE ( 'NONE', #2830, 36.00000000000000000 ) ;
#6175 = DIRECTION ( 'NONE',  ( -0.000000000000000000, -0.000000000000000000, -1.000000000000000000 ) ) ;
#6176 = LOCAL_TIME ( 2, 39, 17.00000000000000000, #8661 ) ;
#6177 = APPROVAL_DATE_TIME ( #7533, #2749 ) ;
#6178 = CIRCLE ( 'NONE', #2062, 5.000000000000268230 ) ;
#6179 = CARTESIAN_POINT ( 'NONE',  ( 22.34787908493932918, 30.73607140472754651, 23.98949762720726042 ) ) ;
#6180 = CC_DESIGN_SECURITY_CLASSIFICATION ( #4821, ( #9467 ) ) ;
#6181 = CC_DESIGN_DATE_AND_TIME_ASSIGNMENT ( #7015, #6291, ( #5385 ) ) ;
#6182 = CARTESIAN_POINT ( 'NONE',  ( 14.92255179617520078, -34.96516061427787747, 43.90047939954487077 ) ) ;
#6183 = ORIENTED_EDGE ( 'NONE', *, *, #1301, .T. ) ;
#6184 = DIRECTION ( 'NONE',  ( -0.000000000000000000, -0.000000000000000000, 1.000000000000000000 ) ) ;
#6185 = LINE ( 'NONE', #8156, #8158 ) ;
#6186 = ORIENTED_EDGE ( 'NONE', *, *, #197, .F. ) ;
#6187 = SECURITY_CLASSIFICATION ( '', '', #3730 ) ;
#6188 = APPROVAL_STATUS ( 'not_yet_approved' ) ;
#6189 = CALENDAR_DATE ( 2026, 3, 10 ) ;
#6190 = CARTESIAN_POINT ( 'NONE',  ( 33.17642388690965305, -18.60184689729128493, 16.22325022960274055 ) ) ;
#6191 = CARTESIAN_POINT ( 'NONE',  ( 16.32315097036171281, 39.24073801430259323, 31.41276145834673272 ) ) ;
#6192 = EDGE_CURVE ( 'NONE', #1467, #8809, #136, .T. ) ;
#6193 = CARTESIAN_POINT ( 'NONE',  ( -7.999999999999965361, 145.5999999999999943, -4.999999999999999112 ) ) ;
#6194 = CARTESIAN_POINT ( 'NONE',  ( -17.83880277392317737, -33.55654765213328972, 13.26878184657529580 ) ) ;
#6195 = ORIENTED_EDGE ( 'NONE', *, *, #4781, .F. ) ;
#6196 = DIRECTION ( 'NONE',  ( -1.000000000000000000, 0.000000000000000000, 0.000000000000000000 ) ) ;
#6197 = CARTESIAN_POINT ( 'NONE',  ( -27.00000000000000000, -44.00000000000000000, -167.0000000000000000 ) ) ;
#6198 =( NAMED_UNIT ( * ) SI_UNIT ( $, .STERADIAN. ) SOLID_ANGLE_UNIT ( ) );
#6199 = LINE ( 'NONE', #3400, #5348 ) ;
#6200 = DIRECTION ( 'NONE',  ( 0.000000000000000000, 0.000000000000000000, -1.000000000000000000 ) ) ;
#6201 = DIRECTION ( 'NONE',  ( 1.000000000000000000, 0.000000000000000000, 0.000000000000000000 ) ) ;
#6202 = ADVANCED_FACE ( 'NONE', ( #764 ), #3609, .T. ) ;
#6203 = DIRECTION ( 'NONE',  ( 0.000000000000000000, -0.000000000000000000, -1.000000000000000000 ) ) ;
#6204 = ORIENTED_EDGE ( 'NONE', *, *, #7077, .T. ) ;
#6205 = CARTESIAN_POINT ( 'NONE',  ( 28.84508341260873365, -24.73839438735293683, 9.073146825426647410 ) ) ;
#6206 = ORIENTED_EDGE ( 'NONE', *, *, #8797, .T. ) ;
#6207 = CYLINDRICAL_SURFACE ( 'NONE', #148, 36.00000000000000000 ) ;
#6208 = CARTESIAN_POINT ( 'NONE',  ( 45.07812899334817303, -13.35275013547102319, 129.0000000000000000 ) ) ;
#6209 = FACE_OUTER_BOUND ( 'NONE', #7877, .T. ) ;
#6210 = ADVANCED_FACE ( 'NONE', ( #3002 ), #5014, .T. ) ;
#6211 = EDGE_CURVE ( 'NONE', #1404, #2683, #2124, .T. ) ;
#6212 = CARTESIAN_POINT ( 'NONE',  ( -1.409433487410337138, -6.518935316791463208, 10.24996625947261997 ) ) ;
#6213 = DIRECTION ( 'NONE',  ( 1.000000000000000000, 0.000000000000000000, 0.000000000000000000 ) ) ;
#6214 = DIRECTION ( 'NONE',  ( 0.000000000000000000, 1.000000000000000000, -0.000000000000000000 ) ) ;
#6215 = ORIENTED_EDGE ( 'NONE', *, *, #2041, .F. ) ;
#6216 = ORIENTED_EDGE ( 'NONE', *, *, #3822, .F. ) ;
#6217 = DIRECTION ( 'NONE',  ( 1.000000000000000000, 0.000000000000000000, 0.000000000000000000 ) ) ;
#6218 = APPROVAL_ROLE ( '' ) ;
#6219 = CARTESIAN_POINT ( 'NONE',  ( -35.66624513607087721, -23.11425383132413813, 12.61611060081675895 ) ) ;
#6220 = PERSON ( 'NAUO-PER15', 'UNSPECIFIED', 'UNSPECIFIED', ('UNSPECIFIED'), ('UNSPECIFIED'), ('UNSPECIFIED') ) ;
#6221 = CARTESIAN_POINT ( 'NONE',  ( 5.943168432376798371, 37.53944224483486636, 48.71388595667659871 ) ) ;
#6222 = EDGE_CURVE ( 'NONE', #1969, #1647, #1683, .T. ) ;
#6223 = CARTESIAN_POINT ( 'NONE',  ( 5.966446137428361496, -37.55743813481518600, 5.254430501644420382 ) ) ;
#6224 = ORIENTED_EDGE ( 'NONE', *, *, #3116, .T. ) ;
#6225 = CARTESIAN_POINT ( 'NONE',  ( 0.000000000000000000, 0.000000000000000000, 1.999999999999988010 ) ) ;
#6226 = FACE_OUTER_BOUND ( 'NONE', #816, .T. ) ;
#6227 = COORDINATED_UNIVERSAL_TIME_OFFSET ( 5, 30, .AHEAD. ) ;
#6228 = CC_DESIGN_DATE_AND_TIME_ASSIGNMENT ( #342, #5349, ( #6746 ) ) ;
#6229 = TOROIDAL_SURFACE ( 'NONE', #3652, 38.00000000000000000, 2.000000000000000000 ) ;
#6230 = CARTESIAN_POINT ( 'NONE',  ( -9.877549498808438244, -41.33885870813460883, 13.27616145336033249 ) ) ;
#6231 = CARTESIAN_POINT ( 'NONE',  ( 2.225868829142346517, 42.44533098726366660, 10.23787907052082602 ) ) ;
#6232 = EDGE_LOOP ( 'NONE', ( #4376, #2345, #404, #8014, #4882, #2380, #8302, #4204, #6206, #5570 ) ) ;
#6233 = DIRECTION ( 'NONE',  ( 0.000000000000000000, 0.000000000000000000, 1.000000000000000000 ) ) ;
#6234 = CARTESIAN_POINT ( 'NONE',  ( 0.000000000000000000, 0.000000000000000000, -213.0000000000000000 ) ) ;
#6235 = AXIS2_PLACEMENT_3D ( 'NONE', #4075, #399, #6243 ) ;
#6236 = VERTEX_POINT ( 'NONE', #4629 ) ;
#6237 = CARTESIAN_POINT ( 'NONE',  ( -33.15305636553758006, -18.58963237883276420, 16.20249016383077389 ) ) ;
#6238 = CARTESIAN_POINT ( 'NONE',  ( 17.80404945567861930, 32.13422124763975063, -9.444033677782689651 ) ) ;
#6239 = DIRECTION ( 'NONE',  ( -5.551115123125782702E-17, -1.000000000000000000, -2.661928512450523353E-16 ) ) ;
#6240 = CC_DESIGN_DATE_AND_TIME_ASSIGNMENT ( #9239, #9142, ( #9385 ) ) ;
#6241 = APPROVAL_ROLE ( '' ) ;
#6242 = EDGE_CURVE ( 'NONE', #5363, #8656, #961, .T. ) ;
#6243 = DIRECTION ( 'NONE',  ( 1.000000000000000000, 0.000000000000000000, 0.000000000000000000 ) ) ;
#6244 = CARTESIAN_POINT ( 'NONE',  ( 0.000000000000000000, 0.000000000000000000, 66.69999999999998863 ) ) ;
#6245 = AXIS2_PLACEMENT_3D ( 'NONE', #937, #3889, #7295 ) ;
#6246 = CARTESIAN_POINT ( 'NONE',  ( 1.774458306146854181, -0.9902242779443992671, 7.480756372255874531 ) ) ;
#6247 = AXIS2_PLACEMENT_3D ( 'NONE', #1869, #9053, #1912 ) ;
#6248 = ORIENTED_EDGE ( 'NONE', *, *, #2969, .T. ) ;
#6249 = DIRECTION ( 'NONE',  ( -1.000000000000000000, -8.759319517086517175E-15, 0.000000000000000000 ) ) ;
#6250 = ORIENTED_EDGE ( 'NONE', *, *, #9144, .F. ) ;
#6251 = CARTESIAN_POINT ( 'NONE',  ( -35.30553202143224922, 30.00000000000000000, -5.869645329989859661 ) ) ;
#6252 = CARTESIAN_POINT ( 'NONE',  ( -75.27937062287384151, -2.003494210298013112, 7.482758067407736746 ) ) ;
#6253 = AXIS2_PLACEMENT_3D ( 'NONE', #7578, #9062, #1828 ) ;
#6254 = CIRCLE ( 'NONE', #2613, 7.999999999999983125 ) ;
#6255 = ADVANCED_FACE ( 'NONE', ( #4050, #8196 ), #1100, .F. ) ;
#6256 = AXIS2_PLACEMENT_3D ( 'NONE', #3026, #5924, #2402 ) ;
#6257 = APPLICATION_CONTEXT ( 'configuration controlled 3d designs of mechanical parts and assemblies' ) ;
#6258 = CARTESIAN_POINT ( 'NONE',  ( -42.50000000000000711, 0.000000000000000000, 71.00000000000000000 ) ) ;
#6259 = AXIS2_PLACEMENT_3D ( 'NONE', #8865, #1681, #2321 ) ;
#6260 = AXIS2_PLACEMENT_3D ( 'NONE', #6881, #5491, #347 ) ;
#6261 = LINE ( 'NONE', #4003, #6901 ) ;
#6262 = DIRECTION ( 'NONE',  ( 1.000000000000000000, 0.000000000000000000, -0.000000000000000000 ) ) ;
#6263 = CARTESIAN_POINT ( 'NONE',  ( 35.99999999999999289, -44.00000000000000000, -228.0000000000000000 ) ) ;
#6264 = PRODUCT ( 'piston_pin', 'piston_pin', '', ( #6922 ) ) ;
#6265 = VECTOR ( 'NONE', #5186, 1000.000000000000000 ) ;
#6266 = DIRECTION ( 'NONE',  ( 0.000000000000000000, -1.000000000000000000, 0.000000000000000000 ) ) ;
#6267 = LINE ( 'NONE', #1922, #5835 ) ;
#6268 = ORIENTED_EDGE ( 'NONE', *, *, #1109, .F. ) ;
#6269 = EDGE_CURVE ( 'NONE', #8090, #7777, #583, .T. ) ;
#6270 = SECURITY_CLASSIFICATION_LEVEL ( 'unclassified' ) ;
#6271 = AXIS2_PLACEMENT_3D ( 'NONE', #6225, #6184, #4722 ) ;
#6272 = CC_DESIGN_APPROVAL ( #8044, ( #6746 ) ) ;
#6273 = CIRCLE ( 'NONE', #7953, 5.869645329989859661 ) ;
#6274 = CYLINDRICAL_SURFACE ( 'NONE', #4267, 36.00000000000000000 ) ;
#6275 = CARTESIAN_POINT ( 'NONE',  ( 22.50020062249333463, -30.62255658839822559, 25.49061731908878414 ) ) ;
#6276 = EDGE_LOOP ( 'NONE', ( #7711, #1574, #1879, #2331 ) ) ;
#6277 = CARTESIAN_POINT ( 'NONE',  ( 45.07812899334817303, -13.35275013547102319, -152.0000000000000000 ) ) ;
#6278 = AXIS2_PLACEMENT_3D ( 'NONE', #5076, #7976, #1414 ) ;
#6279 = CARTESIAN_POINT ( 'NONE',  ( -14.76294694533462604, -59.72224103642152926, -17.50000000000000000 ) ) ;
#6280 = EDGE_CURVE ( 'NONE', #7944, #2688, #5997, .T. ) ;
#6281 = DATE_AND_TIME ( #8530, #1697 ) ;
#6282 = EDGE_CURVE ( 'NONE', #7025, #4721, #1056, .T. ) ;
#6283 = CARTESIAN_POINT ( 'NONE',  ( 0.000000000000000000, 0.000000000000000000, 308.0000000000000000 ) ) ;
#6284 = DIRECTION ( 'NONE',  ( 1.000000000000000000, 0.000000000000000000, 0.000000000000000000 ) ) ;
#6285 = CIRCLE ( 'NONE', #7526, 36.00000000000000000 ) ;
#6286 = ORIENTED_EDGE ( 'NONE', *, *, #5766, .T. ) ;
#6287 = DIRECTION ( 'NONE',  ( 1.000000000000000000, 0.000000000000000000, 0.000000000000000000 ) ) ;
#6288 = ORIENTED_EDGE ( 'NONE', *, *, #3951, .F. ) ;
#6289 = CARTESIAN_POINT ( 'NONE',  ( 41.92388111310906851, -7.201336038707674803, 20.16242792411861373 ) ) ;
#6290 = CARTESIAN_POINT ( 'NONE',  ( 1.237053054665496754, -48.39287933429384481, -5.000000000000270894 ) ) ;
#6291 = DATE_TIME_ROLE ( 'classification_date' ) ;
#6292 = CIRCLE ( 'NONE', #4928, 36.00000000000000000 ) ;
#6293 = CONTEXT_DEPENDENT_SHAPE_REPRESENTATION ( #5598, #3059 ) ;
#6294 = DIRECTION ( 'NONE',  ( 0.000000000000000000, -0.000000000000000000, -1.000000000000000000 ) ) ;
#6295 = DIRECTION ( 'NONE',  ( 1.000000000000000000, 0.000000000000000000, 0.000000000000000000 ) ) ;
#6296 = FACE_OUTER_BOUND ( 'NONE', #1454, .T. ) ;
#6297 = EDGE_LOOP ( 'NONE', ( #6398, #3682, #9235, #1339 ) ) ;
#6298 = CC_DESIGN_DATE_AND_TIME_ASSIGNMENT ( #1538, #7325, ( #6331 ) ) ;
#6299 = ORIENTED_EDGE ( 'NONE', *, *, #2385, .F. ) ;
#6300 = EDGE_CURVE ( 'NONE', #5378, #728, #7481, .T. ) ;
#6301 = DIRECTION ( 'NONE',  ( -0.000000000000000000, -0.000000000000000000, -1.000000000000000000 ) ) ;
#6302 = VERTEX_POINT ( 'NONE', #8916 ) ;
#6303 = CARTESIAN_POINT ( 'NONE',  ( -74.95632967495025412, -5.985301605787419987, 7.499879438463920245 ) ) ;
#6304 = DIRECTION ( 'NONE',  ( -0.000000000000000000, -0.000000000000000000, -1.000000000000000000 ) ) ;
#6305 = ORIENTED_EDGE ( 'NONE', *, *, #5339, .T. ) ;
#6306 = CARTESIAN_POINT ( 'NONE',  ( 28.61817604250834535, 25.00000000000002487, 84.99999999999998579 ) ) ;
#6307 = EDGE_CURVE ( 'NONE', #2634, #2179, #5295, .T. ) ;
#6308 = DIRECTION ( 'NONE',  ( 0.000000000000000000, 0.000000000000000000, 1.000000000000000000 ) ) ;
#6309 = ORIENTED_EDGE ( 'NONE', *, *, #2424, .T. ) ;
#6310 = DIRECTION ( 'NONE',  ( 0.000000000000000000, 0.000000000000000000, -1.000000000000000000 ) ) ;
#6311 = CARTESIAN_POINT ( 'NONE',  ( 21.90346575150005393, 29.99999999999999289, 9.178919792236991171 ) ) ;
#6312 = ORIENTED_EDGE ( 'NONE', *, *, #5480, .F. ) ;
#6313 = VECTOR ( 'NONE', #6921, 1000.000000000000000 ) ;
#6314 = APPROVAL_DATE_TIME ( #558, #6844 ) ;
#6315 = APPROVAL_PERSON_ORGANIZATION ( #3610, #1562, #6673 ) ;
#6316 = DIRECTION ( 'NONE',  ( -0.000000000000000000, -0.000000000000000000, -1.000000000000000000 ) ) ;
#6317 = AXIS2_PLACEMENT_3D ( 'NONE', #1889, #3380, #1247 ) ;
#6318 = EDGE_CURVE ( 'NONE', #7024, #1647, #909, .T. ) ;
#6319 = CARTESIAN_POINT ( 'NONE',  ( 21.89117295808687302, -31.06105919720474873, 21.78780423214340800 ) ) ;
#6320 = DIRECTION ( 'NONE',  ( 0.9588197348681938292, -0.2840153447039202583, 0.000000000000000000 ) ) ;
#6321 = LOCAL_TIME ( 2, 39, 17.00000000000000000, #6323 ) ;
#6322 = CARTESIAN_POINT ( 'NONE',  ( -17.81559137162097173, 31.91398837190553195, -9.616589629785750049 ) ) ;
#6323 = COORDINATED_UNIVERSAL_TIME_OFFSET ( 5, 30, .AHEAD. ) ;
#6324 = CIRCLE ( 'NONE', #1428, 36.00000000000000000 ) ;
#6325 = ORGANIZATION ( 'NAUO-ORG8', 'UNSPECIFIED', 'UNSPECIFIED' ) ;
#6326 = CARTESIAN_POINT ( 'NONE',  ( 37.34689806626148112, -7.245714088489011218, 20.15500580506960659 ) ) ;
#6327 = CARTESIAN_POINT ( 'NONE',  ( -30.52112147095411387, 171.6244840424505469, -8.999999999999998224 ) ) ;
#6328 = EDGE_CURVE ( 'NONE', #4040, #3193, #1972, .T. ) ;
#6329 = EDGE_CURVE ( 'NONE', #7552, #4083, #3511, .T. ) ;
#6330 = ORIENTED_EDGE ( 'NONE', *, *, #6222, .T. ) ;
#6331 = SECURITY_CLASSIFICATION ( '', '', #3866 ) ;
#6332 = LOCAL_TIME ( 2, 39, 17.00000000000000000, #3647 ) ;
#6333 = DIRECTION ( 'NONE',  ( -0.000000000000000000, -0.000000000000000000, 1.000000000000000000 ) ) ;
#6334 = ORIENTED_EDGE ( 'NONE', *, *, #3465, .T. ) ;
#6335 = DIRECTION ( 'NONE',  ( -1.000000000000000000, 0.000000000000000000, 0.000000000000000000 ) ) ;
#6336 = CARTESIAN_POINT ( 'NONE',  ( -72.64312924501035695, -2.665120766250279605, 10.23122832618222944 ) ) ;
#6337 = PERSON_AND_ORGANIZATION ( #2940, #5543 ) ;
#6338 = PERSON ( 'NAUO-PER17', 'UNSPECIFIED', 'UNSPECIFIED', ('UNSPECIFIED'), ('UNSPECIFIED'), ('UNSPECIFIED') ) ;
#6339 = COORDINATED_UNIVERSAL_TIME_OFFSET ( 5, 30, .AHEAD. ) ;
#6340 = PERSON ( 'NAUO-PER4', 'UNSPECIFIED', 'UNSPECIFIED', ('UNSPECIFIED'), ('UNSPECIFIED'), ('UNSPECIFIED') ) ;
#6341 = DIRECTION ( 'NONE',  ( 1.000000000000000000, -3.083952846180989787E-16, 0.000000000000000000 ) ) ;
#6342 = DIRECTION ( 'NONE',  ( 0.000000000000000000, 0.000000000000000000, 1.000000000000000000 ) ) ;
#6343 = LINE ( 'NONE', #4740, #4288 ) ;
#6344 = DIRECTION ( 'NONE',  ( 0.000000000000000000, 0.000000000000000000, 1.000000000000000000 ) ) ;
#6345 = ORIENTED_EDGE ( 'NONE', *, *, #2514, .T. ) ;
#6346 = VERTEX_POINT ( 'NONE', #1737 ) ;
#6347 = CARTESIAN_POINT ( 'NONE',  ( -3.072503578181957353E-13, 44.00000000000000000, 61.00000000000000000 ) ) ;
#6348 = ORIENTED_EDGE ( 'NONE', *, *, #8564, .F. ) ;
#6349 = DIRECTION ( 'NONE',  ( 0.000000000000000000, 0.000000000000000000, 1.000000000000000000 ) ) ;
#6350 = CC_DESIGN_PERSON_AND_ORGANIZATION_ASSIGNMENT ( #2432, #8930, ( #767 ) ) ;
#6351 = DIRECTION ( 'NONE',  ( -0.2840153447039203138, 0.9588197348681938292, 0.000000000000000000 ) ) ;
#6352 = DIRECTION ( 'NONE',  ( -0.000000000000000000, 0.000000000000000000, -1.000000000000000000 ) ) ;
#6353 = EDGE_LOOP ( 'NONE', ( #1670, #991, #7594, #949 ) ) ;
#6354 = LINE ( 'NONE', #9274, #1688 ) ;
#6355 = CARTESIAN_POINT ( 'NONE',  ( 0.000000000000000000, 201.1999999999999886, -19.00000000000000000 ) ) ;
#6356 = VERTEX_POINT ( 'NONE', #4675 ) ;
#6357 = FACE_OUTER_BOUND ( 'NONE', #6376, .T. ) ;
#6358 = CARTESIAN_POINT ( 'NONE',  ( 21.55597427512210373, 29.99999999999999289, 9.286872685820835471 ) ) ;
#6359 = EDGE_LOOP ( 'NONE', ( #6119, #3627, #6072, #1063 ) ) ;
#6360 = ITEM_DEFINED_TRANSFORMATION ( 'NONE', 'NONE', #3103,  #8931 ) ;
#6361 = EDGE_CURVE ( 'NONE', #2790, #3911, #904, .T. ) ;
#6362 = DIRECTION ( 'NONE',  ( -0.000000000000000000, -0.000000000000000000, 1.000000000000000000 ) ) ;
#6363 = DIRECTION ( 'NONE',  ( -1.000000000000000000, 0.000000000000000000, 0.000000000000000000 ) ) ;
#6364 = CARTESIAN_POINT ( 'NONE',  ( 13.81735316330176566, -35.42199234272151642, 44.81724886413397257 ) ) ;
#6365 = ORIENTED_EDGE ( 'NONE', *, *, #7835, .T. ) ;
#6366 = B_SPLINE_CURVE_WITH_KNOTS ( 'NONE', 3,
 ( #2718, #1255, #1940, #8635, #9257, #5620, #6336, #7241, #1397, #5672, #8540, #5007, #7866, #1987, #3525, #6476, #2905, #9396, #4865, #7145, #5807, #672, #3618, #4300, #6517, #7765 ),
 .UNSPECIFIED., .F., .F.,
 ( 4, 2, 2, 1, 1, 1, 1, 2, 2, 2, 1, 1, 1, 1, 2, 2, 4 ),
 ( 0.000000000000000000, 0.2500000000000107137, 0.3750000000000160982, 0.4375000000000187628, 0.4687500000000200950, 0.4843750000000205946, 0.4921875000000211497, 0.4960937500000212053, 0.5000000000000212053, 0.6250000000000267564, 0.6875000000000290878, 0.7187500000000303091, 0.7343750000000306422, 0.7421875000000308642, 0.7460937500000308642, 0.7500000000000307532, 1.000000000000000000 ),
 .UNSPECIFIED. ) ;
#6367 = CARTESIAN_POINT ( 'NONE',  ( 30.52112147095411387, 171.6244840424505469, 19.00000000000000000 ) ) ;
#6368 = DIRECTION ( 'NONE',  ( -0.000000000000000000, -0.000000000000000000, 1.000000000000000000 ) ) ;
#6369 = APPROVAL_DATE_TIME ( #4198, #5548 ) ;
#6370 = ADVANCED_FACE ( 'NONE', ( #6859 ), #2521, .T. ) ;
#6371 = DIRECTION ( 'NONE',  ( -1.000000000000000000, 0.000000000000000000, 0.000000000000000000 ) ) ;
#6372 = CARTESIAN_POINT ( 'NONE',  ( 5.473020695002818847, 42.14950439688767858, 42.99884815799014603 ) ) ;
#6373 = CARTESIAN_POINT ( 'NONE',  ( -17.50000000000007105, 0.000000000000000000, 308.0000000000000000 ) ) ;
#6374 = ORIENTED_EDGE ( 'NONE', *, *, #368, .T. ) ;
#6375 = DIRECTION ( 'NONE',  ( -1.000000000000000000, 0.000000000000000000, 0.000000000000000000 ) ) ;
#6376 = EDGE_LOOP ( 'NONE', ( #87, #3933, #477, #1982 ) ) ;
#6377 = FACE_OUTER_BOUND ( 'NONE', #1302, .T. ) ;
#6378 = CARTESIAN_POINT ( 'NONE',  ( -0.7525692199622668888, -0.6060916646443420541, 10.22155807107769654 ) ) ;
#6379 = CIRCLE ( 'NONE', #5770, 36.00000000000000000 ) ;
#6380 = APPROVAL_ROLE ( '' ) ;
#6381 = DATE_AND_TIME ( #9352, #9392 ) ;
#6382 = EDGE_CURVE ( 'NONE', #4423, #3821, #6769, .T. ) ;
#6383 = LINE ( 'NONE', #3483, #1185 ) ;
#6384 = CYLINDRICAL_SURFACE ( 'NONE', #320, 16.89999999999999858 ) ;
#6385 = CARTESIAN_POINT ( 'NONE',  ( -1.030432304228876673E-14, 55.59999999999998010, 6.999999999999999112 ) ) ;
#6386 = ORIENTED_EDGE ( 'NONE', *, *, #8097, .F. ) ;
#6387 = VECTOR ( 'NONE', #8259, 999.9999999999998863 ) ;
#6388 = ORIENTED_EDGE ( 'NONE', *, *, #6169, .T. ) ;
#6389 = CARTESIAN_POINT ( 'NONE',  ( -0.8827646456589677282, -2.665120766250669071, -10.23122832618247813 ) ) ;
#6390 = ORIENTED_EDGE ( 'NONE', *, *, #6242, .T. ) ;
#6391 = FACE_OUTER_BOUND ( 'NONE', #1026, .T. ) ;
#6392 = EDGE_CURVE ( 'NONE', #226, #1936, #8393, .T. ) ;
#6393 = VECTOR ( 'NONE', #8600, 1000.000000000000000 ) ;
#6394 = AXIS2_PLACEMENT_3D ( 'NONE', #2646, #3991, #8326 ) ;
#6395 = EDGE_CURVE ( 'NONE', #5176, #8890, #1192, .T. ) ;
#6396 = DIRECTION ( 'NONE',  ( 1.000000000000000000, 0.000000000000000000, 0.000000000000000000 ) ) ;
#6397 = CARTESIAN_POINT ( 'NONE',  ( 38.00000000000000000, 0.000000000000000000, 8.999999999999998224 ) ) ;
#6398 = ORIENTED_EDGE ( 'NONE', *, *, #127, .F. ) ;
#6399 = CARTESIAN_POINT ( 'NONE',  ( 38.00000000000000000, 0.000000000000000000, 5.918580100757921514 ) ) ;
#6400 = AXIS2_PLACEMENT_3D ( 'NONE', #3188, #2567, #6083 ) ;
#6401 = DIRECTION ( 'NONE',  ( -1.000000000000000000, -6.982962677686266711E-15, 0.000000000000000000 ) ) ;
#6402 = CIRCLE ( 'NONE', #1193, 39.50000000000000711 ) ;
#6403 = AXIS2_PLACEMENT_3D ( 'NONE', #8740, #8017, #1505 ) ;
#6404 = VERTEX_POINT ( 'NONE', #3443 ) ;
#6405 = DIRECTION ( 'NONE',  ( 0.000000000000000000, 0.000000000000000000, 1.000000000000000000 ) ) ;
#6406 = DIRECTION ( 'NONE',  ( -1.000000000000000000, 0.000000000000000000, 0.000000000000000000 ) ) ;
#6407 = VERTEX_POINT ( 'NONE', #3312 ) ;
#6408 = AXIS2_PLACEMENT_3D ( 'NONE', #323, #8369, #4838 ) ;
#6409 = CALENDAR_DATE ( 2026, 3, 10 ) ;
#6410 = VECTOR ( 'NONE', #5518, 1000.000000000000000 ) ;
#6411 = AXIS2_PLACEMENT_3D ( 'NONE', #655, #5138, #7180 ) ;
#6412 = CARTESIAN_POINT ( 'NONE',  ( 5.219574985902465158, 37.64699146640808181, 5.101129977746548860 ) ) ;
#6413 = CIRCLE ( 'NONE', #2141, 39.50000000000000000 ) ;
#6414 = DIRECTION ( 'NONE',  ( 1.000000000000000000, 0.000000000000000000, 0.000000000000000000 ) ) ;
#6415 = DIRECTION ( 'NONE',  ( -0.000000000000000000, -0.000000000000000000, -1.000000000000000000 ) ) ;
#6416 = ORIENTED_EDGE ( 'NONE', *, *, #4318, .T. ) ;
#6417 = DIRECTION ( 'NONE',  ( -0.000000000000000000, 0.000000000000000000, 1.000000000000000000 ) ) ;
#6418 = APPROVAL ( #962, 'UNSPECIFIED' ) ;
#6419 = ADVANCED_FACE ( 'NONE', ( #7116 ), #2457, .F. ) ;
#6420 = AXIS2_PLACEMENT_3D ( 'NONE', #8301, #387, #4056 ) ;
#6421 = PERSON_AND_ORGANIZATION ( #2940, #5543 ) ;
#6422 = AXIS2_PLACEMENT_3D ( 'NONE', #5558, #3321, #6128 ) ;
#6423 = CARTESIAN_POINT ( 'NONE',  ( -3.876777007059578395, -42.32631733100303251, 43.45865266767851409 ) ) ;
#6424 = PLANE ( 'NONE',  #2788 ) ;
#6425 = APPROVAL_PERSON_ORGANIZATION ( #8304, #8044, #8348 ) ;
#6426 = CIRCLE ( 'NONE', #932, 38.00000000000000000 ) ;
#6427 = ORIENTED_EDGE ( 'NONE', *, *, #9410, .T. ) ;
#6428 = EDGE_CURVE ( 'NONE', #2971, #3723, #2773, .T. ) ;
#6429 = CARTESIAN_POINT ( 'NONE',  ( -3.760271519742585777, -37.82063309363125825, 49.19605436519793784 ) ) ;
#6430 = EDGE_LOOP ( 'NONE', ( #5333, #3201, #8003, #349, #7073, #775 ) ) ;
#6431 = CARTESIAN_POINT ( 'NONE',  ( -75.31172425579907781, 0.2777589635713955674, -7.479888939724933294 ) ) ;
#6432 = FACE_BOUND ( 'NONE', #633, .T. ) ;
#6433 = COORDINATED_UNIVERSAL_TIME_OFFSET ( 5, 30, .AHEAD. ) ;
#6434 = APPROVAL_STATUS ( 'not_yet_approved' ) ;
#6435 = AXIS2_PLACEMENT_3D ( 'NONE', #8798, #686, #5168 ) ;
#6436 = AXIS2_PLACEMENT_3D ( 'NONE', #6481, #1350, #5060 ) ;
#6437 = DIRECTION ( 'NONE',  ( -0.000000000000000000, 1.000000000000000000, -0.000000000000000000 ) ) ;
#6438 = DIRECTION ( 'NONE',  ( 0.000000000000000000, 0.000000000000000000, 1.000000000000000000 ) ) ;
#6439 = CARTESIAN_POINT ( 'NONE',  ( -74.76294694533464735, -62.72224103642152926, 5.000000000000004441 ) ) ;
#6440 = VERTEX_POINT ( 'NONE', #1806 ) ;
#6441 = EDGE_CURVE ( 'NONE', #1618, #1047, #7928, .T. ) ;
#6442 = CARTESIAN_POINT ( 'NONE',  ( -1.052188896672497487, -4.278950465876597775, -10.24072458451735734 ) ) ;
#6443 = CIRCLE ( 'NONE', #2341, 38.00000000000000000 ) ;
#6444 = ORIENTED_EDGE ( 'NONE', *, *, #4394, .T. ) ;
#6445 = CARTESIAN_POINT ( 'NONE',  ( 0.000000000000000000, 55.00000000000000000, -266.0000000000000000 ) ) ;
#6446 = CARTESIAN_POINT ( 'NONE',  ( -0.7629469453346304775, 0.2777589635784699640, -17.50000000000000000 ) ) ;
#6447 = B_SPLINE_CURVE_WITH_KNOTS ( 'NONE', 3,
 ( #210, #3829, #2342, #929, #4503, #3199, #2434, #3784, #8056, #6787, #7497, #1498, #4446, #4550, #5915, #3163, #8977, #834 ),
 .UNSPECIFIED., .F., .F.,
 ( 4, 2, 2, 2, 2, 2, 2, 2, 4 ),
 ( 3.470530984772428846E-17, 0.002736301914043115513, 0.003420377392553891355, 0.004104452871064667198, 0.005472603828086223220, 0.006840754785107780976, 0.008208905742129337865, 0.009577056699150895622, 0.01094520765617245338 ),
 .UNSPECIFIED. ) ;
#6448 = CARTESIAN_POINT ( 'NONE',  ( -16.78926333433199503, 39.04391587221623894, 29.23032408772562007 ) ) ;
#6449 = CARTESIAN_POINT ( 'NONE',  ( 0.000000000000000000, 0.000000000000000000, 0.000000000000000000 ) ) ;
#6450 = CARTESIAN_POINT ( 'NONE',  ( -4.849158850067507132, 37.69114314478752448, 5.025561722044513679 ) ) ;
#6451 = VERTEX_POINT ( 'NONE', #542 ) ;
#6452 = CARTESIAN_POINT ( 'NONE',  ( 6.000000000000000000, 145.5999999999999943, -6.999999999999999112 ) ) ;
#6453 = EDGE_CURVE ( 'NONE', #4823, #9279, #6343, .T. ) ;
#6454 = CYLINDRICAL_SURFACE ( 'NONE', #3234, 27.00000000000000000 ) ;
#6455 = ADVANCED_FACE ( 'NONE', ( #3486 ), #5625, .F. ) ;
#6456 = EDGE_LOOP ( 'NONE', ( #8060, #9361, #2700, #7608 ) ) ;
#6457 = FACE_OUTER_BOUND ( 'NONE', #2480, .T. ) ;
#6458 = DIRECTION ( 'NONE',  ( 1.000000000000000000, 0.000000000000000000, 0.000000000000000000 ) ) ;
#6459 = ORIENTED_EDGE ( 'NONE', *, *, #9211, .T. ) ;
#6460 = B_SPLINE_SURFACE_WITH_KNOTS ( 'NONE', 1, 3, ( 
 ( #537, #2129, #4253, #3480, #6378, #9350 ),
 ( #2037, #493, #2815, #7196, #7906, #4962 ) ),
 .UNSPECIFIED., .F., .F., .F.,
 ( 2, 2 ),
 ( 4, 2, 4 ),
 ( 0.000000000000000000, 1.000000000000000000 ),
 ( 0.000000000000000000, 0.003992780320483338245, 0.007985560640966676491 ),
 .UNSPECIFIED. ) ;
#6461 = COORDINATED_UNIVERSAL_TIME_OFFSET ( 5, 30, .AHEAD. ) ;
#6462 = DIRECTION ( 'NONE',  ( -0.2840153447039203138, -0.9588197348681938292, -0.000000000000000000 ) ) ;
#6463 = DIRECTION ( 'NONE',  ( 0.2840153447039135970, 0.9588197348681957166, 0.000000000000000000 ) ) ;
#6464 = ORIENTED_EDGE ( 'NONE', *, *, #3736, .T. ) ;
#6465 = CYLINDRICAL_SURFACE ( 'NONE', #8560, 36.00000000000000000 ) ;
#6466 = APPROVAL_ROLE ( '' ) ;
#6467 = VECTOR ( 'NONE', #8755, 1000.000000000000114 ) ;
#6468 = CARTESIAN_POINT ( 'NONE',  ( -30.52112147095411387, 171.6244840424505469, 19.00000000000000000 ) ) ;
#6469 = CC_DESIGN_PERSON_AND_ORGANIZATION_ASSIGNMENT ( #3572, #9215, ( #3539 ) ) ;
#6470 = APPROVAL_PERSON_ORGANIZATION ( #5297, #3338, #3235 ) ;
#6471 = ORIENTED_EDGE ( 'NONE', *, *, #5981, .F. ) ;
#6472 = DIRECTION ( 'NONE',  ( -1.000000000000000000, -6.938893903907228378E-15, 0.000000000000000000 ) ) ;
#6473 = AXIS2_PLACEMENT_3D ( 'NONE', #6689, #119, #3075 ) ;
#6474 = VERTEX_POINT ( 'NONE', #1861 ) ;
#6475 = FACE_OUTER_BOUND ( 'NONE', #1600, .T. ) ;
#6476 = CARTESIAN_POINT ( 'NONE',  ( -72.47370499371940866, -4.278950468123899675, 10.24072458453100332 ) ) ;
#6477 = PERSON_AND_ORGANIZATION ( #2940, #5543 ) ;
#6478 = COORDINATED_UNIVERSAL_TIME_OFFSET ( 5, 30, .AHEAD. ) ;
#6479 = DIRECTION ( 'NONE',  ( 0.000000000000000000, 1.000000000000000000, 0.000000000000000000 ) ) ;
#6480 = EDGE_CURVE ( 'NONE', #6440, #5363, #7070, .T. ) ;
#6481 = CARTESIAN_POINT ( 'NONE',  ( 0.000000000000000000, -44.00000000000000000, -167.0000000000000000 ) ) ;
#6482 = CARTESIAN_POINT ( 'NONE',  ( -32.08864635371469376, -20.35920528421719666, 15.20863889184841788 ) ) ;
#6483 = VERTEX_POINT ( 'NONE', #1085 ) ;
#6484 = APPROVAL_PERSON_ORGANIZATION ( #5056, #8236, #539 ) ;
#6485 = UNCERTAINTY_MEASURE_WITH_UNIT (LENGTH_MEASURE( 1.000000000000000082E-05 ), #846, 'distance_accuracy_value', 'NONE');
#6486 = CARTESIAN_POINT ( 'NONE',  ( -22.49999999999999645, 201.1999999999999886, 19.00000000000000000 ) ) ;
#6487 = ORIENTED_EDGE ( 'NONE', *, *, #1528, .T. ) ;
#6488 = DIRECTION ( 'NONE',  ( 0.000000000000000000, 0.000000000000000000, -1.000000000000000000 ) ) ;
#6489 = DIRECTION ( 'NONE',  ( 1.000000000000000000, 0.000000000000000000, 0.000000000000000000 ) ) ;
#6490 = EDGE_CURVE ( 'NONE', #2714, #7969, #498, .T. ) ;
#6491 = CARTESIAN_POINT ( 'NONE',  ( -1.154314465604281414, -5.016134410319063264, 10.24480120766608593 ) ) ;
#6492 = ORIENTED_EDGE ( 'NONE', *, *, #9410, .F. ) ;
#6493 = CARTESIAN_POINT ( 'NONE',  ( 19.89974874213239531, 30.00000000000000355, -10.90848968633218341 ) ) ;
#6494 = DIRECTION ( 'NONE',  ( 1.000000000000000000, 0.000000000000000000, 0.000000000000000000 ) ) ;
#6495 = ORIENTED_EDGE ( 'NONE', *, *, #197, .T. ) ;
#6496 = DIRECTION ( 'NONE',  ( -0.000000000000000000, 1.000000000000000000, -0.000000000000000000 ) ) ;
#6497 = FACE_OUTER_BOUND ( 'NONE', #5005, .T. ) ;
#6498 = VERTEX_POINT ( 'NONE', #7730 ) ;
#6499 = COORDINATED_UNIVERSAL_TIME_OFFSET ( 5, 30, .AHEAD. ) ;
#6500 = ADVANCED_FACE ( 'NONE', ( #9263 ), #1945, .F. ) ;
#6501 = EDGE_CURVE ( 'NONE', #8411, #5516, #4078, .T. ) ;
#6502 = CARTESIAN_POINT ( 'NONE',  ( 0.000000000000000000, 0.000000000000000000, -228.0000000000000000 ) ) ;
#6503 = CARTESIAN_POINT ( 'NONE',  ( 0.000000000000000000, 0.000000000000000000, -266.0000000000000000 ) ) ;
#6504 = DIRECTION ( 'NONE',  ( -0.000000000000000000, 1.000000000000000000, -0.000000000000000000 ) ) ;
#6505 = CARTESIAN_POINT ( 'NONE',  ( 26.99999999999969091, 44.00000000000018474, 61.00000000000000000 ) ) ;
#6506 = ORIENTED_EDGE ( 'NONE', *, *, #1176, .T. ) ;
#6507 = CARTESIAN_POINT ( 'NONE',  ( -63.46176972075341638, 48.70938086149381974, 129.0000000000000000 ) ) ;
#6508 = PERSON_AND_ORGANIZATION_ROLE ( 'design_supplier' ) ;
#6509 = EDGE_CURVE ( 'NONE', #8345, #2427, #7769, .T. ) ;
#6510 = CARTESIAN_POINT ( 'NONE',  ( -16.90012179200166287, -38.99533155947211327, 28.11186698181795762 ) ) ;
#6511 = FACE_OUTER_BOUND ( 'NONE', #307, .T. ) ;
#6512 = ORIENTED_EDGE ( 'NONE', *, *, #1953, .T. ) ;
#6513 = FACE_BOUND ( 'NONE', #2888, .T. ) ;
#6514 = CARTESIAN_POINT ( 'NONE',  ( 7.536230252685506059, -41.83925437885421417, 42.16707451028585751 ) ) ;
#6515 = VERTEX_POINT ( 'NONE', #4924 ) ;
#6516 = FACE_OUTER_BOUND ( 'NONE', #9088, .T. ) ;
#6517 = CARTESIAN_POINT ( 'NONE',  ( -72.16675237287597611, -6.267044452041234059, 10.24993251604845668 ) ) ;
#6518 = APPROVAL_DATE_TIME ( #2238, #8350 ) ;
#6519 = CALENDAR_DATE ( 2026, 3, 10 ) ;
#6520 = CARTESIAN_POINT ( 'NONE',  ( 0.000000000000000000, -42.50000000000000711, 27.00000000000000000 ) ) ;
#6521 = DIRECTION ( 'NONE',  ( 0.000000000000000000, 1.000000000000000000, 0.000000000000000000 ) ) ;
#6522 = DIRECTION ( 'NONE',  ( 0.000000000000000000, 0.000000000000000000, 1.000000000000000000 ) ) ;
#6523 = EDGE_LOOP ( 'NONE', ( #178, #5687, #8399, #9066 ) ) ;
#6524 = EDGE_LOOP ( 'NONE', ( #6560, #6374, #8800, #4973 ) ) ;
#6525 = DIRECTION ( 'NONE',  ( 0.000000000000000000, 0.000000000000000000, 1.000000000000000000 ) ) ;
#6526 = ORIENTED_EDGE ( 'NONE', *, *, #9315, .F. ) ;
#6527 = LINE ( 'NONE', #350, #1756 ) ;
#6528 = CC_DESIGN_DATE_AND_TIME_ASSIGNMENT ( #6136, #6046, ( #2681 ) ) ;
#6529 = FACE_OUTER_BOUND ( 'NONE', #2734, .T. ) ;
#6530 = ADVANCED_FACE ( 'NONE', ( #4115 ), #7020, .T. ) ;
#6531 = DIRECTION ( 'NONE',  ( 1.110223024625156540E-16, 1.000000000000000000, 2.449293598294706414E-16 ) ) ;
#6532 = DIRECTION ( 'NONE',  ( -0.000000000000000000, 1.000000000000000000, -0.000000000000000000 ) ) ;
#6533 = CARTESIAN_POINT ( 'NONE',  ( -11.38489657560258728, 36.26060085366246710, 46.42078562548058329 ) ) ;
#6534 = ORIENTED_EDGE ( 'NONE', *, *, #502, .F. ) ;
#6535 = CARTESIAN_POINT ( 'NONE',  ( 11.23705305466550897, -41.31202827046408288, -5.000000000000270894 ) ) ;
#6536 = DIRECTION ( 'NONE',  ( -1.000000000000000000, 0.000000000000000000, 0.000000000000000000 ) ) ;
#6537 = ORIENTED_EDGE ( 'NONE', *, *, #16, .F. ) ;
#6538 = PLANE ( 'NONE',  #1201 ) ;
#6539 = DIRECTION ( 'NONE',  ( 0.000000000000000000, 0.000000000000000000, -1.000000000000000000 ) ) ;
#6540 = EDGE_CURVE ( 'NONE', #8373, #7371, #3360, .T. ) ;
#6541 = ORIENTED_EDGE ( 'NONE', *, *, #6737, .F. ) ;
#6542 = AXIS2_PLACEMENT_3D ( 'NONE', #7264, #693, #4466 ) ;
#6543 = CARTESIAN_POINT ( 'NONE',  ( 36.00000000000000000, 0.000000000000000000, 228.0000000000000000 ) ) ;
#6544 = CALENDAR_DATE ( 2026, 3, 10 ) ;
#6545 = LINE ( 'NONE', #4063, #7007 ) ;
#6546 = VECTOR ( 'NONE', #5440, 1000.000000000000000 ) ;
#6547 = AXIS2_PLACEMENT_3D ( 'NONE', #5128, #3550, #6602 ) ;
#6548 = CARTESIAN_POINT ( 'NONE',  ( 2.755455298081545172E-15, 22.00000000000000355, 4.499999999999997335 ) ) ;
#6549 = VERTEX_POINT ( 'NONE', #9217 ) ;
#6550 = CARTESIAN_POINT ( 'NONE',  ( 1.237053054665496088, -7.309236489167765249, -7.500000000000140332 ) ) ;
#6551 = FACE_OUTER_BOUND ( 'NONE', #3979, .T. ) ;
#6552 = ORIENTED_EDGE ( 'NONE', *, *, #6635, .F. ) ;
#6553 = CIRCLE ( 'NONE', #8092, 42.50000000000000711 ) ;
#6554 = CARTESIAN_POINT ( 'NONE',  ( 1.571684698816887771, -4.659340774993027345, -7.493079299478657695 ) ) ;
#6555 = ADVANCED_FACE ( 'NONE', ( #2684 ), #4870, .T. ) ;
#6556 = VECTOR ( 'NONE', #5139, 1000.000000000000000 ) ;
#6557 = COORDINATED_UNIVERSAL_TIME_OFFSET ( 5, 30, .AHEAD. ) ;
#6558 = CIRCLE ( 'NONE', #6256, 27.00000000000000000 ) ;
#6559 = CARTESIAN_POINT ( 'NONE',  ( -0.5607964077001029723, -6.950281865596868336, 9.333333333333353465 ) ) ;
#6560 = ORIENTED_EDGE ( 'NONE', *, *, #3202, .F. ) ;
#6561 = VECTOR ( 'NONE', #5829, 1000.000000000000000 ) ;
#6562 = DIRECTION ( 'NONE',  ( -1.000000000000000000, 0.000000000000000000, 0.000000000000000000 ) ) ;
#6563 = VECTOR ( 'NONE', #3901, 1000.000000000000000 ) ;
#6564 = ORIENTED_EDGE ( 'NONE', *, *, #799, .T. ) ;
#6565 = ORIENTED_EDGE ( 'NONE', *, *, #316, .T. ) ;
#6566 = DIRECTION ( 'NONE',  ( 0.000000000000000000, -1.000000000000000000, 0.000000000000000000 ) ) ;
#6567 = EDGE_CURVE ( 'NONE', #2046, #5229, #8239, .T. ) ;
#6568 = EDGE_CURVE ( 'NONE', #4464, #2372, #1309, .T. ) ;
#6569 = AXIS2_PLACEMENT_3D ( 'NONE', #2416, #4626, #6079 ) ;
#6570 = EDGE_LOOP ( 'NONE', ( #3705, #1699, #6141, #7763 ) ) ;
#6571 = LINE ( 'NONE', #5855, #1262 ) ;
#6572 = LINE ( 'NONE', #718, #4759 ) ;
#6573 = DATE_TIME_ROLE ( 'classification_date' ) ;
#6574 = CONTEXT_DEPENDENT_SHAPE_REPRESENTATION ( #3174, #3046 ) ;
#6575 = CARTESIAN_POINT ( 'NONE',  ( -63.46176972075306821, -48.70938086149426027, -99.00000000000000000 ) ) ;
#6576 = LINE ( 'NONE', #3164, #6137 ) ;
#6577 = CC_DESIGN_APPROVAL ( #7063, ( #6659 ) ) ;
#6578 = DIRECTION ( 'NONE',  ( 1.000000000000000000, 0.000000000000000000, 0.000000000000000000 ) ) ;
#6579 = VECTOR ( 'NONE', #4584, 999.9999999999998863 ) ;
#6580 = B_SPLINE_CURVE_WITH_KNOTS ( 'NONE', 3,
 ( #35, #4523, #1468, #2364, #1581, #5282, #7372, #5889, #4474, #1675, #4413, #2210, #5233, #2936, #8187, #808, #2989, #2261 ),
 .UNSPECIFIED., .F., .F.,
 ( 4, 2, 2, 2, 2, 2, 2, 2, 4 ),
 ( 3.469446951953614189E-18, 0.001069109462602868934, 0.001603664193904306761, 0.002138218925205744806, 0.002672773656507182634, 0.003207328387808620462, 0.003741883119110058289, 0.004009160484760776987, 0.004276437850411496551 ),
 .UNSPECIFIED. ) ;
#6581 = ORIENTED_EDGE ( 'NONE', *, *, #7715, .T. ) ;
#6582 = EDGE_LOOP ( 'NONE', ( #3871, #6712, #3083, #8077 ) ) ;
#6583 = LINE ( 'NONE', #2246, #1513 ) ;
#6584 = VERTEX_POINT ( 'NONE', #5160 ) ;
#6585 = PLANE ( 'NONE',  #9379 ) ;
#6586 = LOCAL_TIME ( 2, 39, 17.00000000000000000, #6084 ) ;
#6587 = CARTESIAN_POINT ( 'NONE',  ( -72.58314851500176701, -3.315812520364268767, -10.23489903218569097 ) ) ;
#6588 = CARTESIAN_POINT ( 'NONE',  ( 765.0258192322577315, -451.1102276301359097, -107.1780367662009894 ) ) ;
#6589 = AXIS2_PLACEMENT_3D ( 'NONE', #4036, #3311, #6200 ) ;
#6590 = CARTESIAN_POINT ( 'NONE',  ( -1.129220202964489994, 42.50000000000000711, 43.89999999999999858 ) ) ;
#6591 = VERTEX_POINT ( 'NONE', #1451 ) ;
#6592 = SECURITY_CLASSIFICATION ( '', '', #5899 ) ;
#6593 = CC_DESIGN_DATE_AND_TIME_ASSIGNMENT ( #6057, #1794, ( #1132 ) ) ;
#6594 = CARTESIAN_POINT ( 'NONE',  ( 0.000000000000000000, -44.00000000000000000, -167.0000000000000000 ) ) ;
#6595 = CC_DESIGN_PERSON_AND_ORGANIZATION_ASSIGNMENT ( #3893, #6794, ( #3564 ) ) ;
#6596 = AXIS2_PLACEMENT_3D ( 'NONE', #2979, #8651, #689 ) ;
#6597 = CARTESIAN_POINT ( 'NONE',  ( -11.99988607070634750, 36.05704984821739600, 7.963540648458200089 ) ) ;
#6598 = ORIENTED_EDGE ( 'NONE', *, *, #7122, .T. ) ;
#6599 = CARTESIAN_POINT ( 'NONE',  ( 20.46790138803893200, 30.00000000000000000, -9.909556038689487423 ) ) ;
#6600 = CARTESIAN_POINT ( 'NONE',  ( -30.58881743660581520, 22.54849862006557260, 13.32857542894197067 ) ) ;
#6601 = ORIENTED_EDGE ( 'NONE', *, *, #6480, .T. ) ;
#6602 = DIRECTION ( 'NONE',  ( 1.000000000000000000, 0.000000000000000000, 0.000000000000000000 ) ) ;
#6603 = CARTESIAN_POINT ( 'NONE',  ( -41.56747469408969664, -8.898859918112652423, 19.78281379644938553 ) ) ;
#6604 = EDGE_LOOP ( 'NONE', ( #4172, #8074, #8220, #4731 ) ) ;
#6605 = CARTESIAN_POINT ( 'NONE',  ( -19.43475361544437874, 1.018532277898364979, 9.000000000000000000 ) ) ;
#6606 = DATE_TIME_ROLE ( 'classification_date' ) ;
#6607 = CIRCLE ( 'NONE', #3266, 183.1249999999999432 ) ;
#6608 = B_SPLINE_CURVE_WITH_KNOTS ( 'NONE', 3,
 ( #883, #220, #734, #5365, #7413, #2975, #5269, #6066, #5167, #3741, #3792, #1714, #8266, #1620, #23, #8842, #2351, #6690, #4559, #8990, #7356, #3689, #3076, #7298, #795, #2446, #6587, #5870, #7454, #8796, #6742, #5318, #2295 ),
 .UNSPECIFIED., .F., .F.,
 ( 4, 2, 2, 1, 1, 1, 1, 2, 2, 2, 1, 1, 1, 2, 2, 1, 1, 1, 1, 2, 2, 4 ),
 ( 0.000000000000000000, 0.1249999999999630296, 0.1874999999999445444, 0.2187499999999348577, 0.2343749999999297784, 0.2421874999999272249, 0.2460937499999259759, 0.2480468749999253375, 0.2499999999999246991, 0.3124999999999208411, 0.3437499999999186762, 0.3593749999999177880, 0.3671874999999178435, 0.3710937499999180100, 0.3749999999999181766, 0.4374999999999303890, 0.4687499999999367728, 0.4843749999999397149, 0.4921874999999412137, 0.4960937499999419353, 0.4999999999999426015, 1.000000000000000000 ),
 .UNSPECIFIED. ) ;
#6609 = DIRECTION ( 'NONE',  ( -1.000000000000000000, 0.000000000000000000, 0.000000000000000000 ) ) ;
#6610 = EDGE_CURVE ( 'NONE', #6927, #226, #8641, .T. ) ;
#6611 = CYLINDRICAL_SURFACE ( 'NONE', #4152, 36.00000000000000000 ) ;
#6612 = CARTESIAN_POINT ( 'NONE',  ( 1.408777490838633462, -6.053145775746287427, -7.498348828928638632 ) ) ;
#6613 = DIRECTION ( 'NONE',  ( -0.9588197348681957166, 0.2840153447039135415, 0.000000000000000000 ) ) ;
#6614 = ORIENTED_EDGE ( 'NONE', *, *, #9011, .T. ) ;
#6615 = CARTESIAN_POINT ( 'NONE',  ( -72.06617275178622606, -6.770804553812163284, -10.25000000000001599 ) ) ;
#6616 = COORDINATED_UNIVERSAL_TIME_OFFSET ( 5, 30, .AHEAD. ) ;
#6617 = APPLICATION_PROTOCOL_DEFINITION ( 'international standard', 'config_control_design', 1994, #8168 ) ;
#6618 = DIRECTION ( 'NONE',  ( 0.000000000000000000, 0.000000000000000000, -1.000000000000000000 ) ) ;
#6619 = ADVANCED_FACE ( 'NONE', ( #4396 ), #2911, .F. ) ;
#6620 = ORIENTED_EDGE ( 'NONE', *, *, #9357, .F. ) ;
#6621 = CARTESIAN_POINT ( 'NONE',  ( 1.672162569003995181, -3.203240132175734001, 7.487403165420615458 ) ) ;
#6622 = ORIENTED_EDGE ( 'NONE', *, *, #7197, .T. ) ;
#6623 = CARTESIAN_POINT ( 'NONE',  ( 17.50000000000007105, 2.143131898507876926E-15, 308.0000000000000000 ) ) ;
#6624 = PRODUCT_DEFINITION_SHAPE ( 'NONE', 'NONE',  #9465 ) ;
#6625 = CARTESIAN_POINT ( 'NONE',  ( 2.237373192274333178, -42.45510338394132077, 43.78797834117206378 ) ) ;
#6626 = ORIENTED_EDGE ( 'NONE', *, *, #177, .F. ) ;
#6627 = DIRECTION ( 'NONE',  ( -0.000000000000000000, -0.000000000000000000, 1.000000000000000000 ) ) ;
#6628 = CARTESIAN_POINT ( 'NONE',  ( -23.32380757938120297, 30.00000000000000000, -8.999999999999998224 ) ) ;
#6629 = APPROVAL_DATE_TIME ( #3729, #1256 ) ;
#6630 = APPROVAL_STATUS ( 'not_yet_approved' ) ;
#6631 = LOCAL_TIME ( 2, 39, 17.00000000000000000, #4999 ) ;
#6632 = ADVANCED_FACE ( 'NONE', ( #6634 ), #9355, .T. ) ;
#6633 = PLANE ( 'NONE',  #4920 ) ;
#6634 = FACE_OUTER_BOUND ( 'NONE', #545, .T. ) ;
#6635 = EDGE_CURVE ( 'NONE', #1267, #2877, #7815, .T. ) ;
#6636 = EDGE_LOOP ( 'NONE', ( #6444, #5670, #2822, #8660 ) ) ;
#6637 =( GEOMETRIC_REPRESENTATION_CONTEXT ( 3 ) GLOBAL_UNCERTAINTY_ASSIGNED_CONTEXT ( ( #2398 ) ) GLOBAL_UNIT_ASSIGNED_CONTEXT ( ( #2006, #8510, #5732 ) ) REPRESENTATION_CONTEXT ( 'NONE', 'WORKASPACE' ) );
#6638 = ORIENTED_EDGE ( 'NONE', *, *, #1778, .T. ) ;
#6639 = DIRECTION ( 'NONE',  ( -0.000000000000000000, -0.000000000000000000, -1.000000000000000000 ) ) ;
#6640 = EDGE_LOOP ( 'NONE', ( #1798, #3032, #3069, #7336 ) ) ;
#6641 = CARTESIAN_POINT ( 'NONE',  ( -74.94610717680707523, -6.055286768960997712, -7.500000000000014211 ) ) ;
#6642 = CARTESIAN_POINT ( 'NONE',  ( 35.99999999999968736, 44.00000000000024869, -152.0000000000000000 ) ) ;
#6643 = CC_DESIGN_APPROVAL ( #7823, ( #8325 ) ) ;
#6644 = CARTESIAN_POINT ( 'NONE',  ( 811.0530174742069676, -166.5147112515102776, -181.1780367661951630 ) ) ;
#6645 = VECTOR ( 'NONE', #1169, 1000.000000000000000 ) ;
#6646 = CARTESIAN_POINT ( 'NONE',  ( -11.17191744062575864, 41.01327052141348872, 14.27228004978186071 ) ) ;
#6647 = ORGANIZATION ( 'NAUO-ORG13', 'UNSPECIFIED', 'UNSPECIFIED' ) ;
#6648 = CARTESIAN_POINT ( 'NONE',  ( -0.7618195283959403596, 38.00000000000002132, 49.50000000000002132 ) ) ;
#6649 = ORIENTED_EDGE ( 'NONE', *, *, #3149, .T. ) ;
#6650 = CARTESIAN_POINT ( 'NONE',  ( 19.98603560286944258, 29.99999999999999645, -10.55749999894319480 ) ) ;
#6651 = CARTESIAN_POINT ( 'NONE',  ( 0.000000000000000000, 0.000000000000000000, 129.0000000000000000 ) ) ;
#6652 = ORIENTED_EDGE ( 'NONE', *, *, #7724, .F. ) ;
#6653 = PLANE ( 'NONE',  #6547 ) ;
#6654 = CARTESIAN_POINT ( 'NONE',  ( 17.84969721258764253, 31.26321015857041985, 11.00000000000000000 ) ) ;
#6655 = APPROVAL_PERSON_ORGANIZATION ( #5351, #4097, #7630 ) ;
#6656 = CC_DESIGN_SECURITY_CLASSIFICATION ( #6187, ( #9475 ) ) ;
#6657 = ORIENTED_EDGE ( 'NONE', *, *, #4840, .T. ) ;
#6658 = CARTESIAN_POINT ( 'NONE',  ( -37.73720313182704444, 4.552613726551739681, 20.52541653000463739 ) ) ;
#6659 = PRODUCT_DEFINITION ( 'UNKNOWN', '', #767, #936 ) ;
#6660 = COORDINATED_UNIVERSAL_TIME_OFFSET ( 5, 30, .AHEAD. ) ;
#6661 = CARTESIAN_POINT ( 'NONE',  ( -63.46176972075306821, -48.70938086149426027, -113.9999999999999858 ) ) ;
#6662 = DIRECTION ( 'NONE',  ( -0.000000000000000000, -0.000000000000000000, 1.000000000000000000 ) ) ;
#6663 =( BOUNDED_CURVE ( )  B_SPLINE_CURVE ( 3, ( #5101, #3570, #2961, #781 ),
 .UNSPECIFIED., .F., .T. ) 
 B_SPLINE_CURVE_WITH_KNOTS ( ( 4, 4 ),
 ( 1.570796326794896558, 4.712388980384689674 ),
 .UNSPECIFIED. ) 
 CURVE ( )  GEOMETRIC_REPRESENTATION_ITEM ( )  RATIONAL_B_SPLINE_CURVE ( ( 1.000000000000000000, 0.3333333333333333703, 0.3333333333333333703, 1.000000000000000000 ) ) 
 REPRESENTATION_ITEM ( '' )  );
#6664 = DIRECTION ( 'NONE',  ( -0.000000000000000000, 1.000000000000000000, -0.000000000000000000 ) ) ;
#6665 = VERTEX_POINT ( 'NONE', #7965 ) ;
#6666 = CARTESIAN_POINT ( 'NONE',  ( -42.50000000000000711, -1.393027384424438559E-21, 20.77501000800801023 ) ) ;
#6667 = CARTESIAN_POINT ( 'NONE',  ( 63.46176972075341638, 48.70938086149381974, -228.0000000000000000 ) ) ;
#6668 = VERTEX_POINT ( 'NONE', #8787 ) ;
#6669 = DIRECTION ( 'NONE',  ( 1.000000000000000000, 1.776356839400250465E-15, 0.000000000000000000 ) ) ;
#6670 = CALENDAR_DATE ( 2026, 3, 10 ) ;
#6671 = CC_DESIGN_PERSON_AND_ORGANIZATION_ASSIGNMENT ( #6783, #6145, ( #767 ) ) ;
#6672 = EDGE_CURVE ( 'NONE', #2059, #8090, #2189, .T. ) ;
#6673 = APPROVAL_ROLE ( '' ) ;
#6674 = DIRECTION ( 'NONE',  ( 0.000000000000000000, 0.000000000000000000, -1.000000000000000000 ) ) ;
#6675 = DIRECTION ( 'NONE',  ( 0.000000000000000000, 0.000000000000000000, -1.000000000000000000 ) ) ;
#6676 = ORIENTED_EDGE ( 'NONE', *, *, #4126, .T. ) ;
#6677 = CARTESIAN_POINT ( 'NONE',  ( 16.76158849536573925, -39.05512538176292736, 24.76939016471365207 ) ) ;
#6678 = ORIENTED_EDGE ( 'NONE', *, *, #2328, .T. ) ;
#6679 = CARTESIAN_POINT ( 'NONE',  ( -4.669375383830730407E-12, -55.00000000000000000, -281.0000000000000000 ) ) ;
#6680 = EDGE_CURVE ( 'NONE', #4935, #5484, #8010, .T. ) ;
#6681 = CALENDAR_DATE ( 2026, 3, 10 ) ;
#6682 = ITEM_DEFINED_TRANSFORMATION ( 'NONE', 'NONE', #1857,  #8931 ) ;
#6683 = CARTESIAN_POINT ( 'NONE',  ( 0.000000000000000000, 0.000000000000000000, -213.0000000000000000 ) ) ;
#6684 = CARTESIAN_POINT ( 'NONE',  ( -42.50000000000000711, 25.00000000000000000, 0.000000000000000000 ) ) ;
#6685 = FACE_BOUND ( 'NONE', #7614, .T. ) ;
#6686 = ORIENTED_EDGE ( 'NONE', *, *, #6567, .F. ) ;
#6687 = CARTESIAN_POINT ( 'NONE',  ( 0.000000000000000000, 0.000000000000000000, -167.0000000000000000 ) ) ;
#6688 = ORIENTED_EDGE ( 'NONE', *, *, #6808, .F. ) ;
#6689 = CARTESIAN_POINT ( 'NONE',  ( 0.000000000000000000, 0.000000000000000000, 78.29999999999999716 ) ) ;
#6690 = CARTESIAN_POINT ( 'NONE',  ( -72.47306748228589868, -4.281893132432591287, -10.24071071183636228 ) ) ;
#6691 = EDGE_CURVE ( 'NONE', #8365, #959, #5109, .T. ) ;
#6692 = CARTESIAN_POINT ( 'NONE',  ( 789.3611798109302526, -366.5419698409003786, -221.1780367662002504 ) ) ;
#6693 = PRODUCT_DEFINITION_SHAPE ( 'NONE', 'NONE',  #9480 ) ;
#6694 = EDGE_LOOP ( 'NONE', ( #6652, #8186 ) ) ;
#6695 = CARTESIAN_POINT ( 'NONE',  ( 0.000000000000000000, -44.00000000000000000, -213.0000000000000000 ) ) ;
#6696 = ORIENTED_EDGE ( 'NONE', *, *, #140, .F. ) ;
#6697 = DIRECTION ( 'NONE',  ( -0.000000000000000000, -0.000000000000000000, 1.000000000000000000 ) ) ;
#6698 = ORIENTED_EDGE ( 'NONE', *, *, #6509, .T. ) ;
#6699 = FACE_BOUND ( 'NONE', #4830, .T. ) ;
#6700 = FACE_OUTER_BOUND ( 'NONE', #1570, .T. ) ;
#6701 = ADVANCED_FACE ( 'NONE', ( #9402 ), #2821, .F. ) ;
#6702 = EDGE_LOOP ( 'NONE', ( #2012, #5868, #5439, #8327 ) ) ;
#6703 = DIRECTION ( 'NONE',  ( 1.000000000000000000, -8.881784197001252323E-16, 0.000000000000000000 ) ) ;
#6704 = EDGE_CURVE ( 'NONE', #7513, #3753, #7349, .T. ) ;
#6705 = AXIS2_PLACEMENT_3D ( 'NONE', #424, #3374, #9195 ) ;
#6706 = DATE_AND_TIME ( #3904, #4532 ) ;
#6707 = LINE ( 'NONE', #7612, #7208 ) ;
#6708 = PLANE ( 'NONE',  #1689 ) ;
#6709 = ORIENTED_EDGE ( 'NONE', *, *, #884, .F. ) ;
#6710 = CARTESIAN_POINT ( 'NONE',  ( -10.54853077586263410, 170.5777649175917929, -8.999999999999998224 ) ) ;
#6711 = AXIS2_PLACEMENT_3D ( 'NONE', #7017, #6294, #9170 ) ;
#6712 = ORIENTED_EDGE ( 'NONE', *, *, #5567, .T. ) ;
#6713 = DIRECTION ( 'NONE',  ( 1.000000000000000000, 6.982962677686266711E-15, 0.000000000000000000 ) ) ;
#6714 = ITEM_DEFINED_TRANSFORMATION ( 'NONE', 'NONE', #6135,  #8931 ) ;
#6715 = CALENDAR_DATE ( 2026, 3, 10 ) ;
#6716 = AXIS2_PLACEMENT_3D ( 'NONE', #4244, #7138, #6371 ) ;
#6717 = AXIS2_PLACEMENT_3D ( 'NONE', #1039, #7650, #5426 ) ;
#6718 = DIRECTION ( 'NONE',  ( -0.000000000000000000, -0.000000000000000000, 1.000000000000000000 ) ) ;
#6719 = AXIS2_PLACEMENT_3D ( 'NONE', #2918, #6349, #9270 ) ;
#6720 = CC_DESIGN_DATE_AND_TIME_ASSIGNMENT ( #8083, #4475, ( #8325 ) ) ;
#6721 = ADVANCED_FACE ( 'NONE', ( #5680 ), #4733, .T. ) ;
#6722 = CARTESIAN_POINT ( 'NONE',  ( -38.89087296526079740, 38.89087296526176374, -266.0000000000000000 ) ) ;
#6723 = ORIENTED_EDGE ( 'NONE', *, *, #8968, .F. ) ;
#6724 = CARTESIAN_POINT ( 'NONE',  ( 12.34290300807770180, -40.67018503096718973, 38.55681648164899400 ) ) ;
#6725 = VECTOR ( 'NONE', #5986, 999.9999999999998863 ) ;
#6726 = VERTEX_POINT ( 'NONE', #4258 ) ;
#6727 = LINE ( 'NONE', #8251, #2199 ) ;
#6728 = APPLICATION_PROTOCOL_DEFINITION ( 'international standard', 'config_control_design', 1994, #6257 ) ;
#6729 = AXIS2_PLACEMENT_3D ( 'NONE', #6899, #2560, #5473 ) ;
#6730 = SECURITY_CLASSIFICATION_LEVEL ( 'unclassified' ) ;
#6731 = CARTESIAN_POINT ( 'NONE',  ( 37.96758759075179768, -1.815470040561430354, 20.74421424303663031 ) ) ;
#6732 = VECTOR ( 'NONE', #5039, 1000.000000000000000 ) ;
#6733 = DIRECTION ( 'NONE',  ( 0.000000000000000000, 0.000000000000000000, -1.000000000000000000 ) ) ;
#6734 = DIRECTION ( 'NONE',  ( 1.000000000000000000, 0.000000000000000000, 0.000000000000000000 ) ) ;
#6735 = CIRCLE ( 'NONE', #6260, 20.00000000000000000 ) ;
#6736 = ORIENTED_EDGE ( 'NONE', *, *, #4098, .T. ) ;
#6737 = EDGE_CURVE ( 'NONE', #2947, #9307, #7246, .T. ) ;
#6738 = CIRCLE ( 'NONE', #5216, 38.00000000000000000 ) ;
#6739 = DIRECTION ( 'NONE',  ( -1.000000000000000000, 0.000000000000000000, 0.000000000000000000 ) ) ;
#6740 = ORIENTED_EDGE ( 'NONE', *, *, #7937, .F. ) ;
#6741 = CARTESIAN_POINT ( 'NONE',  ( -74.76294694533464735, -48.39287933429392297, -7.500000000000007105 ) ) ;
#6742 = CARTESIAN_POINT ( 'NONE',  ( -72.71994224334878254, -1.927688767688098492, -10.22650849487306068 ) ) ;
#6743 = VECTOR ( 'NONE', #1970, 1000.000000000000000 ) ;
#6744 = CARTESIAN_POINT ( 'NONE',  ( 811.0530174742063991, -193.5147112515007848, -221.1780367662023536 ) ) ;
#6745 = MANIFOLD_SOLID_BREP ( 'Combine2', #4026 ) ;
#6746 = SECURITY_CLASSIFICATION ( '', '', #207 ) ;
#6747 = CIRCLE ( 'NONE', #5064, 79.99999999999998579 ) ;
#6748 = DIRECTION ( 'NONE',  ( 0.000000000000000000, 0.000000000000000000, -1.000000000000000000 ) ) ;
#6749 = ORIENTED_EDGE ( 'NONE', *, *, #3635, .F. ) ;
#6750 = EDGE_CURVE ( 'NONE', #5943, #151, #1297, .T. ) ;
#6751 = CARTESIAN_POINT ( 'NONE',  ( -16.92589880475315312, 34.02617367954461258, 12.15793364316760972 ) ) ;
#6752 = LOCAL_TIME ( 2, 39, 17.00000000000000000, #8378 ) ;
#6753 = ORIENTED_EDGE ( 'NONE', *, *, #6441, .T. ) ;
#6754 = CARTESIAN_POINT ( 'NONE',  ( -31.42808655499916526, 21.37304537930138437, 14.50640951630061082 ) ) ;
#6755 = AXIS2_PLACEMENT_3D ( 'NONE', #9173, #6203, #5549 ) ;
#6756 = ORIENTED_EDGE ( 'NONE', *, *, #4052, .T. ) ;
#6757 = CARTESIAN_POINT ( 'NONE',  ( 0.000000000000000000, 0.000000000000000000, 4.299999999999999822 ) ) ;
#6758 = DIRECTION ( 'NONE',  ( 0.000000000000000000, -0.000000000000000000, -1.000000000000000000 ) ) ;
#6759 = CARTESIAN_POINT ( 'NONE',  ( -35.30553202143224922, 0.000000000000000000, 0.000000000000000000 ) ) ;
#6760 = DATE_TIME_ROLE ( 'classification_date' ) ;
#6761 = AXIS2_PLACEMENT_3D ( 'NONE', #7151, #1260, #2772 ) ;
#6762 = MANIFOLD_SOLID_BREP ( 'Boss-Extrude1', #5991 ) ;
#6763 = EDGE_CURVE ( 'NONE', #7780, #9174, #7474, .T. ) ;
#6764 = ADVANCED_FACE ( 'NONE', ( #3974 ), #3932, .F. ) ;
#6765 = DIRECTION ( 'NONE',  ( 0.9588197348681918308, 0.2840153447039270307, -0.000000000000000000 ) ) ;
#6766 = VERTEX_POINT ( 'NONE', #7500 ) ;
#6767 = DIRECTION ( 'NONE',  ( 1.000000000000000000, 0.000000000000000000, 0.000000000000000000 ) ) ;
#6768 = ORIENTED_EDGE ( 'NONE', *, *, #7900, .T. ) ;
#6769 = LINE ( 'NONE', #194, #6546 ) ;
#6770 = CONTEXT_DEPENDENT_SHAPE_REPRESENTATION ( #3469, #7380 ) ;
#6771 = LOCAL_TIME ( 2, 39, 17.00000000000000000, #1346 ) ;
#6772 = CIRCLE ( 'NONE', #6140, 36.00000000000000000 ) ;
#6773 =( REPRESENTATION_RELATIONSHIP ('NONE','NONE', #1222, #5525 ) REPRESENTATION_RELATIONSHIP_WITH_TRANSFORMATION ( #8757 )SHAPE_REPRESENTATION_RELATIONSHIP( ) );
#6774 = APPROVAL_ROLE ( '' ) ;
#6775 = CARTESIAN_POINT ( 'NONE',  ( 2.755455298081545172E-15, 22.00000000000000355, 4.499999999999997335 ) ) ;
#6776 = VERTEX_POINT ( 'NONE', #931 ) ;
#6777 = CARTESIAN_POINT ( 'NONE',  ( 0.000000000000000000, 0.000000000000000000, -53.00000000000000000 ) ) ;
#6778 = ORIENTED_EDGE ( 'NONE', *, *, #838, .T. ) ;
#6779 = DIRECTION ( 'NONE',  ( 1.000000000000000000, 0.000000000000000000, 0.000000000000000000 ) ) ;
#6780 = CARTESIAN_POINT ( 'NONE',  ( 7.508057736764970791, -41.83449900821755563, 11.84925457292497875 ) ) ;
#6781 = ORIENTED_EDGE ( 'NONE', *, *, #4498, .T. ) ;
#6782 = DIRECTION ( 'NONE',  ( 1.000000000000000000, -0.000000000000000000, -0.000000000000000000 ) ) ;
#6783 = PERSON_AND_ORGANIZATION ( #2940, #5543 ) ;
#6784 = APPROVAL ( #3621, 'UNKNOWN' ) ;
#6785 = SECURITY_CLASSIFICATION_LEVEL ( 'unclassified' ) ;
#6786 = CC_DESIGN_DATE_AND_TIME_ASSIGNMENT ( #720, #7287, ( #5526 ) ) ;
#6787 = CARTESIAN_POINT ( 'NONE',  ( 35.50556870864285486, -23.35972376110066406, 12.26072832895251707 ) ) ;
#6788 = DIRECTION ( 'NONE',  ( 1.000000000000000000, -0.000000000000000000, -0.000000000000000000 ) ) ;
#6789 = DIRECTION ( 'NONE',  ( -0.2840153447039203138, 0.9588197348681938292, 0.000000000000000000 ) ) ;
#6790 = VERTEX_POINT ( 'NONE', #8308 ) ;
#6791 = CARTESIAN_POINT ( 'NONE',  ( -63.46176972075341638, 48.70938086149381974, 175.0000000000000000 ) ) ;
#6792 = VERTEX_POINT ( 'NONE', #877 ) ;
#6793 = DIRECTION ( 'NONE',  ( 1.000000000000000000, 0.000000000000000000, 0.000000000000000000 ) ) ;
#6794 = PERSON_AND_ORGANIZATION_ROLE ( 'design_owner' ) ;
#6795 = ADVANCED_FACE ( 'NONE', ( #7593 ), #8979, .F. ) ;
#6796 = ORIENTED_EDGE ( 'NONE', *, *, #5480, .T. ) ;
#6797 = CIRCLE ( 'NONE', #208, 27.00000000000000000 ) ;
#6798 = DIRECTION ( 'NONE',  ( 1.000000000000000000, 0.000000000000000000, 0.000000000000000000 ) ) ;
#6799 = ORIENTED_EDGE ( 'NONE', *, *, #4497, .F. ) ;
#6800 = APPROVAL_PERSON_ORGANIZATION ( #3104, #2749, #4581 ) ;
#6801 = CARTESIAN_POINT ( 'NONE',  ( -28.76172182906352148, 24.83487261297700854, 8.624595239981918127 ) ) ;
#6802 = ORIENTED_EDGE ( 'NONE', *, *, #9204, .F. ) ;
#6803 = CARTESIAN_POINT ( 'NONE',  ( -17.82121507509818059, 31.80668171716560266, 9.718098244612432879 ) ) ;
#6804 = DIRECTION ( 'NONE',  ( 1.000000000000000000, 0.000000000000000000, 0.000000000000000000 ) ) ;
#6805 = CARTESIAN_POINT ( 'NONE',  ( 1.725022993852668420E-14, 145.5999999999999943, -9.000000000000000000 ) ) ;
#6806 = CARTESIAN_POINT ( 'NONE',  ( 17.72660153117763926, 33.61201568122404382, 9.000000000000000000 ) ) ;
#6807 = AXIS2_PLACEMENT_3D ( 'NONE', #9037, #2497, #6196 ) ;
#6808 = EDGE_CURVE ( 'NONE', #3756, #4823, #1050, .T. ) ;
#6809 = DATE_TIME_ROLE ( 'classification_date' ) ;
#6810 = APPLICATION_CONTEXT ( 'configuration controlled 3d designs of mechanical parts and assemblies' ) ;
#6811 = DIRECTION ( 'NONE',  ( -1.000000000000000000, 0.000000000000000000, 0.000000000000000000 ) ) ;
#6812 = DIRECTION ( 'NONE',  ( 0.000000000000000000, 0.000000000000000000, 1.000000000000000000 ) ) ;
#6813 = ORIENTED_EDGE ( 'NONE', *, *, #2165, .T. ) ;
#6814 = APPROVAL_PERSON_ORGANIZATION ( #7446, #7705, #5964 ) ;
#6815 = APPROVAL_PERSON_ORGANIZATION ( #1529, #7823, #2069 ) ;
#6816 = LINE ( 'NONE', #2267, #8697 ) ;
#6817 = EDGE_LOOP ( 'NONE', ( #8177, #2359, #2881, #217 ) ) ;
#6818 = CARTESIAN_POINT ( 'NONE',  ( -0.7629469453346304775, 0.2777589635784699640, 17.50000000000000000 ) ) ;
#6819 = PERSON ( 'NAUO-PER12', 'UNSPECIFIED', 'UNSPECIFIED', ('UNSPECIFIED'), ('UNSPECIFIED'), ('UNSPECIFIED') ) ;
#6820 = ADVANCED_FACE ( 'NONE', ( #8936 ), #6875, .T. ) ;
#6821 = PERSON_AND_ORGANIZATION_ROLE ( 'creator' ) ;
#6822 = EDGE_CURVE ( 'NONE', #728, #1659, #5412, .T. ) ;
#6823 = PERSON ( 'NAUO-PER3', 'UNSPECIFIED', 'UNSPECIFIED', ('UNSPECIFIED'), ('UNSPECIFIED'), ('UNSPECIFIED') ) ;
#6824 = CARTESIAN_POINT ( 'NONE',  ( 17.83880277392319158, 33.55654765213330393, 40.73121815342470597 ) ) ;
#6825 = LINE ( 'NONE', #917, #9044 ) ;
#6826 = ORIENTED_EDGE ( 'NONE', *, *, #1076, .T. ) ;
#6827 = DIRECTION ( 'NONE',  ( -0.8161200235441083972, 0.5778824336924976990, -0.000000000000000000 ) ) ;
#6828 = CARTESIAN_POINT ( 'NONE',  ( 19.95403797262715884, 30.00000000000000000, 10.64353578223257912 ) ) ;
#6829 = EDGE_LOOP ( 'NONE', ( #504, #7679, #5988, #5888 ) ) ;
#6830 = CARTESIAN_POINT ( 'NONE',  ( -42.38415521077589432, 3.168623939643645304, 20.65190459878173712 ) ) ;
#6831 = ADVANCED_FACE ( 'NONE', ( #4596, #6685 ), #1025, .F. ) ;
#6832 = APPROVAL_ROLE ( '' ) ;
#6833 = LINE ( 'NONE', #8835, #4282 ) ;
#6834 = CYLINDRICAL_SURFACE ( 'NONE', #726, 42.50000000000000711 ) ;
#6835 = VERTEX_POINT ( 'NONE', #5213 ) ;
#6836 = DIRECTION ( 'NONE',  ( 0.000000000000000000, 0.000000000000000000, 1.000000000000000000 ) ) ;
#6837 = CARTESIAN_POINT ( 'NONE',  ( -21.26729319956659481, -31.49244885822986006, 19.61688785616346919 ) ) ;
#6838 = ORIENTED_EDGE ( 'NONE', *, *, #7381, .T. ) ;
#6839 = CARTESIAN_POINT ( 'NONE',  ( 0.000000000000000000, -44.00000000000000000, -228.0000000000000000 ) ) ;
#6840 = DIRECTION ( 'NONE',  ( -1.000000000000000000, 0.000000000000000000, 0.000000000000000000 ) ) ;
#6841 = CARTESIAN_POINT ( 'NONE',  ( 765.0258192322580726, -205.9102276301373706, -107.1780367662017284 ) ) ;
#6842 = CARTESIAN_POINT ( 'NONE',  ( -38.89087296526409432, -38.89087296525845971, -281.0000000000000000 ) ) ;
#6843 = CARTESIAN_POINT ( 'NONE',  ( -35.50556870864284065, 23.35972376110067472, 12.26072832895251707 ) ) ;
#6844 = APPROVAL ( #7798, 'UNKNOWN' ) ;
#6845 = VERTEX_POINT ( 'NONE', #5311 ) ;
#6846 = EDGE_CURVE ( 'NONE', #6115, #6105, #7404, .T. ) ;
#6847 = LINE ( 'NONE', #1773, #4283 ) ;
#6848 = ORIENTED_EDGE ( 'NONE', *, *, #7430, .F. ) ;
#6849 = CARTESIAN_POINT ( 'NONE',  ( -73.61253608892312172, 0.2777589635784699640, 9.308297555543704860 ) ) ;
#6850 = DIRECTION ( 'NONE',  ( -0.000000000000000000, -0.000000000000000000, -1.000000000000000000 ) ) ;
#6851 = CARTESIAN_POINT ( 'NONE',  ( -16.89999999999999858, 201.1999999999999886, 19.00000000000000000 ) ) ;
#6852 = CARTESIAN_POINT ( 'NONE',  ( 0.000000000000000000, 0.000000000000000000, 129.0000000000000000 ) ) ;
#6853 = DIRECTION ( 'NONE',  ( -1.000000000000000000, 0.000000000000000000, 0.000000000000000000 ) ) ;
#6854 = CARTESIAN_POINT ( 'NONE',  ( -1.459721138882902336, -6.770804553811475834, 10.24999999999978328 ) ) ;
#6855 = ORIENTED_EDGE ( 'NONE', *, *, #4072, .F. ) ;
#6856 = ADVANCED_FACE ( 'NONE', ( #2396 ), #3120, .F. ) ;
#6857 = CARTESIAN_POINT ( 'NONE',  ( 0.000000000000000000, 0.000000000000000000, 80.00000000000000000 ) ) ;
#6858 = ORIENTED_EDGE ( 'NONE', *, *, #2845, .T. ) ;
#6859 = FACE_OUTER_BOUND ( 'NONE', #5594, .T. ) ;
#6860 = COORDINATED_UNIVERSAL_TIME_OFFSET ( 5, 30, .AHEAD. ) ;
#6861 = PERSON_AND_ORGANIZATION ( #2940, #5543 ) ;
#6862 = CARTESIAN_POINT ( 'NONE',  ( 16.92364199873373565, 34.02727018489020594, 41.84451339325627117 ) ) ;
#6863 = CIRCLE ( 'NONE', #1808, 79.99999999999998579 ) ;
#6864 = ADVANCED_FACE ( 'NONE', ( #8888 ), #6834, .T. ) ;
#6865 = DIRECTION ( 'NONE',  ( -0.2840153447039203138, 0.9588197348681938292, 0.000000000000000000 ) ) ;
#6866 = ORIENTED_EDGE ( 'NONE', *, *, #4670, .F. ) ;
#6867 = DIRECTION ( 'NONE',  ( -0.000000000000000000, -0.000000000000000000, 1.000000000000000000 ) ) ;
#6868 = DIRECTION ( 'NONE',  ( -0.000000000000000000, -0.000000000000000000, 1.000000000000000000 ) ) ;
#6869 = AXIS2_PLACEMENT_3D ( 'NONE', #3021, #3786, #253 ) ;
#6870 = SHAPE_DEFINITION_REPRESENTATION ( #9171, #8813 ) ;
#6871 = AXIS2_PLACEMENT_3D ( 'NONE', #8223, #7518, #2453 ) ;
#6872 = APPROVAL_DATE_TIME ( #3970, #3227 ) ;
#6873 = CARTESIAN_POINT ( 'NONE',  ( 39.50000000000000000, 0.000000000000000000, 59.39999999999999147 ) ) ;
#6874 = CARTESIAN_POINT ( 'NONE',  ( 12.73019726682589692, 40.55667758994744787, 38.16933202133491676 ) ) ;
#6875 = PLANE ( 'NONE',  #6869 ) ;
#6876 = VECTOR ( 'NONE', #7292, 1000.000000000000000 ) ;
#6877 = EDGE_CURVE ( 'NONE', #8549, #2843, #4693, .T. ) ;
#6878 = AXIS2_PLACEMENT_3D ( 'NONE', #1307, #5760, #8008 ) ;
#6879 = VECTOR ( 'NONE', #2309, 1000.000000000000000 ) ;
#6880 = EDGE_CURVE ( 'NONE', #3613, #3803, #8836, .T. ) ;
#6881 = CARTESIAN_POINT ( 'NONE',  ( -30.52112147095411387, 171.6244840424505469, 9.000000000000000000 ) ) ;
#6882 = FACE_OUTER_BOUND ( 'NONE', #565, .T. ) ;
#6883 = AXIS2_PLACEMENT_3D ( 'NONE', #7267, #2840, #6458 ) ;
#6884 = ORIENTED_EDGE ( 'NONE', *, *, #467, .F. ) ;
#6885 = CARTESIAN_POINT ( 'NONE',  ( 0.000000000000000000, 22.00000000000000355, 27.00000000000000000 ) ) ;
#6886 = CYLINDRICAL_SURFACE ( 'NONE', #9024, 2.000000000000000000 ) ;
#6887 = CARTESIAN_POINT ( 'NONE',  ( 811.0530174742060581, -110.9147112514953051, -221.1780367662042579 ) ) ;
#6888 = AXIS2_PLACEMENT_3D ( 'NONE', #563, #6613, #1477 ) ;
#6889 = CIRCLE ( 'NONE', #8096, 22.50000000000000355 ) ;
#6890 = DIRECTION ( 'NONE',  ( 1.000000000000000000, 0.000000000000000000, 0.000000000000000000 ) ) ;
#6891 = LINE ( 'NONE', #3264, #3108 ) ;
#6892 = CARTESIAN_POINT ( 'NONE',  ( 0.08664219825386802742, 0.2777589635784699640, -9.308297555543958879 ) ) ;
#6893 = CARTESIAN_POINT ( 'NONE',  ( -36.18014024200488876, 22.30181321132867467, 13.60126198445932921 ) ) ;
#6894 = ORIENTED_EDGE ( 'NONE', *, *, #5837, .T. ) ;
#6895 = FACE_OUTER_BOUND ( 'NONE', #4235, .T. ) ;
#6896 = AXIS2_PLACEMENT_3D ( 'NONE', #6920, #1106, #203 ) ;
#6897 = ORIENTED_EDGE ( 'NONE', *, *, #9043, .T. ) ;
#6898 = CARTESIAN_POINT ( 'NONE',  ( 34.36931771216878673, 25.00000000000002487, 6.755772121541200548 ) ) ;
#6899 = CARTESIAN_POINT ( 'NONE',  ( 38.89087296525612203, -38.89087296526177084, -281.0000000000000000 ) ) ;
#6900 = DIRECTION ( 'NONE',  ( 1.000000000000000000, 1.776356839400250465E-15, 0.000000000000000000 ) ) ;
#6901 = VECTOR ( 'NONE', #8468, 1000.000000000000000 ) ;
#6902 = CC_DESIGN_PERSON_AND_ORGANIZATION_ASSIGNMENT ( #3716, #97, ( #6331 ) ) ;
#6903 = CC_DESIGN_PERSON_AND_ORGANIZATION_ASSIGNMENT ( #1555, #8157, ( #604 ) ) ;
#6904 = CC_DESIGN_SECURITY_CLASSIFICATION ( #5385, ( #3539 ) ) ;
#6905 = AXIS2_PLACEMENT_3D ( 'NONE', #5849, #499, #2955 ) ;
#6906 = CARTESIAN_POINT ( 'NONE',  ( 38.00000000000000000, 4.653657836759941941E-15, 85.00000000000000000 ) ) ;
#6907 = DIRECTION ( 'NONE',  ( -0.000000000000000000, -0.000000000000000000, 1.000000000000000000 ) ) ;
#6908 = ORIENTED_EDGE ( 'NONE', *, *, #6192, .T. ) ;
#6909 = CARTESIAN_POINT ( 'NONE',  ( 1.725022993852668420E-14, 145.5999999999999943, 9.000000000000000000 ) ) ;
#6910 = CALENDAR_DATE ( 2026, 3, 10 ) ;
#6911 = SECURITY_CLASSIFICATION ( '', '', #2470 ) ;
#6912 = AXIS2_PLACEMENT_3D ( 'NONE', #5419, #8269, #987 ) ;
#6913 = APPROVAL_DATE_TIME ( #5396, #6418 ) ;
#6914 = VECTOR ( 'NONE', #2043, 1000.000000000000000 ) ;
#6915 = EDGE_CURVE ( 'NONE', #4173, #2707, #5970, .T. ) ;
#6916 = CARTESIAN_POINT ( 'NONE',  ( 21.70609917674892486, 31.19067357389364759, 21.06401591448098642 ) ) ;
#6917 = CARTESIAN_POINT ( 'NONE',  ( 22.49989939121352833, -30.62277791776563163, 27.75917285102942600 ) ) ;
#6918 = AXIS2_PLACEMENT_3D ( 'NONE', #2083, #572, #1338 ) ;
#6919 = ORIENTED_EDGE ( 'NONE', *, *, #486, .F. ) ;
#6920 = CARTESIAN_POINT ( 'NONE',  ( 0.000000000000000000, 0.000000000000000000, -11.00000000000000000 ) ) ;
#6921 = DIRECTION ( 'NONE',  ( -0.000000000000000000, -0.000000000000000000, -1.000000000000000000 ) ) ;
#6922 = MECHANICAL_CONTEXT ( 'NONE', #1730, 'mechanical' ) ;
#6923 = APPROVAL_DATE_TIME ( #4641, #4097 ) ;
#6924 = EDGE_CURVE ( 'NONE', #649, #9423, #569, .T. ) ;
#6925 = CARTESIAN_POINT ( 'NONE',  ( -11.56897086056394741, -40.89711168295953314, 14.66821567200955734 ) ) ;
#6926 = CARTESIAN_POINT ( 'NONE',  ( 13.42942429435364815, 40.32760538463205791, 16.68236652216088700 ) ) ;
#6927 = VERTEX_POINT ( 'NONE', #4553 ) ;
#6928 = LINE ( 'NONE', #1894, #5651 ) ;
#6929 = CARTESIAN_POINT ( 'NONE',  ( -10.11430338018915265, -36.65580224075123539, 6.847493359275242497 ) ) ;
#6930 = ORIENTED_EDGE ( 'NONE', *, *, #7937, .T. ) ;
#6931 = CARTESIAN_POINT ( 'NONE',  ( -36.00000000000000000, -4.408728476930470856E-15, 190.0000000000000000 ) ) ;
#6932 = CARTESIAN_POINT ( 'NONE',  ( 0.000000000000000000, 0.000000000000000000, -167.0000000000000000 ) ) ;
#6933 = DIRECTION ( 'NONE',  ( 0.9237280213470682178, 0.000000000000000000, -0.3830490080632377725 ) ) ;
#6934 = APPLICATION_CONTEXT ( 'configuration controlled 3d designs of mechanical parts and assemblies' ) ;
#6935 = EDGE_CURVE ( 'NONE', #7127, #2308, #7450, .T. ) ;
#6936 = ADVANCED_FACE ( 'NONE', ( #1706 ), #7309, .T. ) ;
#6937 = CARTESIAN_POINT ( 'NONE',  ( 63.46176972075341638, 48.70938086149381974, 190.0000000000000000 ) ) ;
#6938 = VERTEX_POINT ( 'NONE', #9073 ) ;
#6939 = DIRECTION ( 'NONE',  ( -0.000000000000000000, -0.000000000000000000, -1.000000000000000000 ) ) ;
#6940 = CIRCLE ( 'NONE', #9365, 36.00000000000000000 ) ;
#6941 = CARTESIAN_POINT ( 'NONE',  ( 39.50000000000000000, 0.000000000000000000, 66.69999999999998863 ) ) ;
#6942 = ORIENTED_EDGE ( 'NONE', *, *, #1000, .T. ) ;
#6943 = CARTESIAN_POINT ( 'NONE',  ( 29.48374795605156962, -23.97420374438103607, 11.18990534293352646 ) ) ;
#6944 = ORIENTED_EDGE ( 'NONE', *, *, #1282, .T. ) ;
#6945 = CARTESIAN_POINT ( 'NONE',  ( 1.237053054665496088, -48.39287933429384481, 4.999999999999743316 ) ) ;
#6946 = FACE_OUTER_BOUND ( 'NONE', #7204, .T. ) ;
#6947 = FACE_OUTER_BOUND ( 'NONE', #4312, .T. ) ;
#6948 = CARTESIAN_POINT ( 'NONE',  ( 0.000000000000000000, 0.000000000000000000, 0.000000000000000000 ) ) ;
#6949 = AXIS2_PLACEMENT_3D ( 'NONE', #717, #8831, #3062 ) ;
#6950 = SECURITY_CLASSIFICATION ( '', '', #9428 ) ;
#6951 = CARTESIAN_POINT ( 'NONE',  ( 42.50000000000001421, 0.000000000000000000, 90.00000000000000000 ) ) ;
#6952 = ORIENTED_EDGE ( 'NONE', *, *, #1241, .T. ) ;
#6953 = CARTESIAN_POINT ( 'NONE',  ( -35.99999999999999289, -44.00000000000000000, -152.0000000000000000 ) ) ;
#6954 = CARTESIAN_POINT ( 'NONE',  ( 0.000000000000000000, 22.00000000000000355, 27.00000000000000000 ) ) ;
#6955 = DIRECTION ( 'NONE',  ( -0.000000000000000000, -0.000000000000000000, 1.000000000000000000 ) ) ;
#6956 = APPROVAL ( #8623, 'UNSPECIFIED' ) ;
#6957 = LOCAL_TIME ( 2, 39, 17.00000000000000000, #381 ) ;
#6958 = CIRCLE ( 'NONE', #8002, 79.99999999999998579 ) ;
#6959 = LINE ( 'NONE', #2661, #5341 ) ;
#6960 = LINE ( 'NONE', #4275, #8693 ) ;
#6961 = LOCAL_TIME ( 2, 39, 17.00000000000000000, #1582 ) ;
#6962 = CARTESIAN_POINT ( 'NONE',  ( 21.70545444164868698, -31.19112212496761671, 21.06167652574827542 ) ) ;
#6963 = ORIENTED_EDGE ( 'NONE', *, *, #8146, .T. ) ;
#6964 = LINE ( 'NONE', #2481, #9319 ) ;
#6965 = CC_DESIGN_DATE_AND_TIME_ASSIGNMENT ( #6381, #9259, ( #7576 ) ) ;
#6966 = ADVANCED_FACE ( 'NONE', ( #6149 ), #1073, .F. ) ;
#6967 = CARTESIAN_POINT ( 'NONE',  ( -17.84870676609775586, 31.28210900342586598, -10.71155722512090236 ) ) ;
#6968 = ORGANIZATION ( 'NAUO-ORG19', 'UNSPECIFIED', 'UNSPECIFIED' ) ;
#6969 = CARTESIAN_POINT ( 'NONE',  ( 0.000000000000000000, 201.1999999999999886, 19.00000000000000000 ) ) ;
#6970 = PERSON_AND_ORGANIZATION ( #2940, #5543 ) ;
#6971 = CARTESIAN_POINT ( 'NONE',  ( -16.89999999999999858, 201.1999999999999886, -19.00000000000000000 ) ) ;
#6972 = CARTESIAN_POINT ( 'NONE',  ( 4.428048128550950757, 42.28296074248498826, 10.65222116688011944 ) ) ;
#6973 =( BOUNDED_CURVE ( )  B_SPLINE_CURVE ( 3, ( #6065, #5317, #4785, #6741 ),
 .UNSPECIFIED., .F., .T. ) 
 B_SPLINE_CURVE_WITH_KNOTS ( ( 4, 4 ),
 ( 4.712388980384689674, 7.853981633974482790 ),
 .UNSPECIFIED. ) 
 CURVE ( )  GEOMETRIC_REPRESENTATION_ITEM ( )  RATIONAL_B_SPLINE_CURVE ( ( 1.000000000000000000, 0.3333333333333333703, 0.3333333333333333703, 1.000000000000000000 ) ) 
 REPRESENTATION_ITEM ( '' )  );
#6974 = EDGE_CURVE ( 'NONE', #7371, #8373, #7621, .T. ) ;
#6975 = CARTESIAN_POINT ( 'NONE',  ( -22.50050583093625178, -30.62233233684106892, 28.51630616692925102 ) ) ;
#6976 = EDGE_LOOP ( 'NONE', ( #8429, #543, #5772, #855 ) ) ;
#6977 = CARTESIAN_POINT ( 'NONE',  ( -36.00000000000000000, 0.000000000000000000, -11.00000000000000000 ) ) ;
#6978 = CARTESIAN_POINT ( 'NONE',  ( -72.00000000000000000, 8.817456953860941711E-15, -266.0000000000000000 ) ) ;
#6979 = DATE_TIME_ROLE ( 'classification_date' ) ;
#6980 = CARTESIAN_POINT ( 'NONE',  ( -74.76294694533464735, -62.72224103642152926, 0.000000000000000000 ) ) ;
#6981 = DIRECTION ( 'NONE',  ( 1.000000000000000000, 0.000000000000000000, 0.000000000000000000 ) ) ;
#6982 = DIRECTION ( 'NONE',  ( 0.000000000000000000, 0.000000000000000000, 1.000000000000000000 ) ) ;
#6983 = CARTESIAN_POINT ( 'NONE',  ( 0.000000000000000000, 0.000000000000000000, 8.999999999999998224 ) ) ;
#6984 = ORIENTED_EDGE ( 'NONE', *, *, #7625, .F. ) ;
#6985 = EDGE_CURVE ( 'NONE', #2765, #1969, #7155, .T. ) ;
#6986 = DIRECTION ( 'NONE',  ( -0.000000000000000000, 1.000000000000000000, -0.000000000000000000 ) ) ;
#6987 = EDGE_LOOP ( 'NONE', ( #5578, #169, #7638, #7209 ) ) ;
#6988 =( REPRESENTATION_RELATIONSHIP ('NONE','NONE', #1222, #3946 ) REPRESENTATION_RELATIONSHIP_WITH_TRANSFORMATION ( #242 )SHAPE_REPRESENTATION_RELATIONSHIP( ) );
#6989 = DIRECTION ( 'NONE',  ( -0.000000000000000000, -0.000000000000000000, 1.000000000000000000 ) ) ;
#6990 = CARTESIAN_POINT ( 'NONE',  ( -72.49104699367075000, -4.308965960140583640, 10.24054170931747976 ) ) ;
#6991 = CARTESIAN_POINT ( 'NONE',  ( 1.237053054665496754, -62.72224103642152926, -5.000000000000270894 ) ) ;
#6992 = EDGE_LOOP ( 'NONE', ( #8963, #3038, #8118, #3811 ) ) ;
#6993 = DIRECTION ( 'NONE',  ( 0.000000000000000000, 0.000000000000000000, 1.000000000000000000 ) ) ;
#6994 = EDGE_CURVE ( 'NONE', #4562, #92, #9194, .T. ) ;
#6995 = CARTESIAN_POINT ( 'NONE',  ( 36.00000000000000000, 0.000000000000000000, -266.0000000000000000 ) ) ;
#6996 = ADVANCED_FACE ( 'NONE', ( #3128 ), #1621, .T. ) ;
#6997 = CARTESIAN_POINT ( 'NONE',  ( 0.000000000000000000, 0.2777589635784699640, 17.50000000000000000 ) ) ;
#6998 = CARTESIAN_POINT ( 'NONE',  ( -35.50655110142719195, -23.35820586102440544, 12.26272373800646953 ) ) ;
#6999 = ORIENTED_EDGE ( 'NONE', *, *, #2539, .F. ) ;
#7000 = CALENDAR_DATE ( 2026, 3, 10 ) ;
#7001 = DIRECTION ( 'NONE',  ( 1.000000000000000000, 6.982962677686266711E-15, 0.000000000000000000 ) ) ;
#7002 = CARTESIAN_POINT ( 'NONE',  ( 19.06698510399217739, -32.87344423244361025, 15.03258884142958784 ) ) ;
#7003 = ORIENTED_EDGE ( 'NONE', *, *, #5403, .F. ) ;
#7004 = FACE_BOUND ( 'NONE', #4600, .T. ) ;
#7005 = CARTESIAN_POINT ( 'NONE',  ( -17.83085835668879326, 31.62267694301683463, -9.932699684389520556 ) ) ;
#7006 = CALENDAR_DATE ( 2026, 3, 10 ) ;
#7007 = VECTOR ( 'NONE', #8814, 1000.000000000000000 ) ;
#7008 = CARTESIAN_POINT ( 'NONE',  ( -2.225868829142346517, -42.44533098726366660, 10.23787907052082602 ) ) ;
#7009 = EDGE_LOOP ( 'NONE', ( #5462, #8362, #6537, #6796, #5596, #1395 ) ) ;
#7010 = CARTESIAN_POINT ( 'NONE',  ( -33.89087296526052739, 38.89087296526176374, -281.0000000000000000 ) ) ;
#7011 = AXIS2_PLACEMENT_3D ( 'NONE', #3441, #1993, #9260 ) ;
#7012 = EDGE_LOOP ( 'NONE', ( #9446, #9050, #7432, #1354, #8665, #9199 ) ) ;
#7013 = CARTESIAN_POINT ( 'NONE',  ( -75.31172425579907781, 0.2777589635784700195, 7.479888939724932406 ) ) ;
#7014 = DIRECTION ( 'NONE',  ( -1.000000000000000000, 0.000000000000000000, 0.000000000000000000 ) ) ;
#7015 = DATE_AND_TIME ( #4866, #4467 ) ;
#7016 = CALENDAR_DATE ( 2026, 3, 10 ) ;
#7017 = CARTESIAN_POINT ( 'NONE',  ( 0.000000000000000000, 0.000000000000000000, 61.00000000000000000 ) ) ;
#7018 = ADVANCED_FACE ( 'NONE', ( #886 ), #8272, .F. ) ;
#7019 = AXIS2_PLACEMENT_3D ( 'NONE', #9125, #4789, #4832 ) ;
#7020 = CYLINDRICAL_SURFACE ( 'NONE', #6125, 22.50000000000000355 ) ;
#7021 = VECTOR ( 'NONE', #2255, 1000.000000000000000 ) ;
#7022 = CARTESIAN_POINT ( 'NONE',  ( 1.237053054665496088, -7.309236489167668438, 7.500000000000000000 ) ) ;
#7023 = VECTOR ( 'NONE', #4521, 1000.000000000000000 ) ;
#7024 = VERTEX_POINT ( 'NONE', #176 ) ;
#7025 = VERTEX_POINT ( 'NONE', #6023 ) ;
#7026 = EDGE_LOOP ( 'NONE', ( #3684, #3710 ) ) ;
#7027 = DIRECTION ( 'NONE',  ( 3.083952846180989787E-16, 1.000000000000000000, 0.000000000000000000 ) ) ;
#7028 = FACE_OUTER_BOUND ( 'NONE', #2944, .T. ) ;
#7029 = AXIS2_PLACEMENT_3D ( 'NONE', #6969, #3596, #2159 ) ;
#7030 = AXIS2_PLACEMENT_3D ( 'NONE', #1360, #7256, #3633 ) ;
#7031 = EDGE_CURVE ( 'NONE', #7194, #474, #6199, .T. ) ;
#7032 = CARTESIAN_POINT ( 'NONE',  ( 42.50000000000001421, 1.799631857152684589, 20.77501000800801378 ) ) ;
#7033 = CARTESIAN_POINT ( 'NONE',  ( -1.164655345005814802, -5.085300419671558103, 10.24514961479547104 ) ) ;
#7034 = ORIENTED_EDGE ( 'NONE', *, *, #7894, .T. ) ;
#7035 = CARTESIAN_POINT ( 'NONE',  ( 32.74098578356714739, 19.30531868223291880, 15.81710060519938743 ) ) ;
#7036 = DIRECTION ( 'NONE',  ( -1.000000000000000000, 0.000000000000000000, 0.000000000000000000 ) ) ;
#7037 = PRODUCT ( 'crank_shaft', 'crank_shaft', '', ( #1293 ) ) ;
#7038 = AXIS2_PLACEMENT_3D ( 'NONE', #760, #8912, #7527 ) ;
#7039 = EDGE_LOOP ( 'NONE', ( #4647, #3367, #2033, #1501, #5975, #9371 ) ) ;
#7040 = DIRECTION ( 'NONE',  ( 0.000000000000000000, 0.000000000000000000, 1.000000000000000000 ) ) ;
#7041 = CARTESIAN_POINT ( 'NONE',  ( 19.89974874213239531, 30.00000000000000000, 10.99999999999999822 ) ) ;
#7042 = EDGE_LOOP ( 'NONE', ( #3944, #6626, #5028, #4996 ) ) ;
#7043 = CALENDAR_DATE ( 2026, 3, 10 ) ;
#7044 = AXIS2_PLACEMENT_3D ( 'NONE', #1064, #3154, #6050 ) ;
#7045 = EDGE_CURVE ( 'NONE', #1586, #7777, #2682, .T. ) ;
#7046 = APPROVAL_PERSON_ORGANIZATION ( #6477, #2223, #2038 ) ;
#7047 = ADVANCED_FACE ( 'NONE', ( #4114 ), #6157, .F. ) ;
#7048 = CARTESIAN_POINT ( 'NONE',  ( 11.39366558150020303, 36.27383364168951374, 7.544498239104210136 ) ) ;
#7049 = DIRECTION ( 'NONE',  ( -0.000000000000000000, 1.000000000000000000, -0.000000000000000000 ) ) ;
#7050 = ORIENTED_EDGE ( 'NONE', *, *, #64, .F. ) ;
#7051 = CARTESIAN_POINT ( 'NONE',  ( 45.07812899334817303, -13.35275013547102319, 175.0000000000000000 ) ) ;
#7052 = AXIS2_PLACEMENT_3D ( 'NONE', #5366, #9040, #7555 ) ;
#7053 = CIRCLE ( 'NONE', #1, 2.000000000000000000 ) ;
#7054 = DIRECTION ( 'NONE',  ( -0.8161200235441045114, -0.5778824336925031391, 0.000000000000000000 ) ) ;
#7055 = PERSON_AND_ORGANIZATION ( #2940, #5543 ) ;
#7056 = DIRECTION ( 'NONE',  ( -0.000000000000000000, -0.000000000000000000, -1.000000000000000000 ) ) ;
#7057 = AXIS2_PLACEMENT_3D ( 'NONE', #135, #3906, #3093 ) ;
#7058 = VERTEX_POINT ( 'NONE', #3983 ) ;
#7059 = DIRECTION ( 'NONE',  ( 1.000000000000000000, 0.000000000000000000, 0.000000000000000000 ) ) ;
#7060 = ORIENTED_EDGE ( 'NONE', *, *, #2610, .T. ) ;
#7061 = CARTESIAN_POINT ( 'NONE',  ( 0.000000000000000000, 0.000000000000000000, 190.0000000000000000 ) ) ;
#7062 = FACE_OUTER_BOUND ( 'NONE', #8937, .T. ) ;
#7063 = APPROVAL ( #5307, 'UNSPECIFIED' ) ;
#7064 = APPLICATION_PROTOCOL_DEFINITION ( 'international standard', 'config_control_design', 1994, #1171 ) ;
#7065 = AXIS2_PLACEMENT_3D ( 'NONE', #7745, #4094, #8248 ) ;
#7066 =( REPRESENTATION_RELATIONSHIP ('NONE','NONE', #1222, #9169 ) REPRESENTATION_RELATIONSHIP_WITH_TRANSFORMATION ( #6714 )SHAPE_REPRESENTATION_RELATIONSHIP( ) );
#7067 = DATE_AND_TIME ( #8453, #2842 ) ;
#7068 = CARTESIAN_POINT ( 'NONE',  ( 0.000000000000000000, 201.1999999999999886, 19.00000000000000000 ) ) ;
#7069 = FACE_BOUND ( 'NONE', #4194, .T. ) ;
#7070 = LINE ( 'NONE', #4215, #2612 ) ;
#7071 = CARTESIAN_POINT ( 'NONE',  ( -38.00000000000000000, 0.000000000000000000, 85.00000000000000000 ) ) ;
#7072 = ORIENTED_EDGE ( 'NONE', *, *, #9124, .F. ) ;
#7073 = ORIENTED_EDGE ( 'NONE', *, *, #7657, .T. ) ;
#7074 = DIRECTION ( 'NONE',  ( 0.000000000000000000, 1.000000000000000000, 0.000000000000000000 ) ) ;
#7075 = VERTEX_POINT ( 'NONE', #7826 ) ;
#7076 = CARTESIAN_POINT ( 'NONE',  ( 0.000000000000000000, 0.000000000000000000, 308.0000000000000000 ) ) ;
#7077 = EDGE_CURVE ( 'NONE', #3821, #8022, #2743, .T. ) ;
#7078 = SHAPE_REPRESENTATION_RELATIONSHIP ( 'NONE' , 'NONE' ,  #9169, #1190 ) ;
#7079 = FACE_OUTER_BOUND ( 'NONE', #3435, .T. ) ;
#7080 = ORIENTED_EDGE ( 'NONE', *, *, #5588, .T. ) ;
#7081 = CARTESIAN_POINT ( 'NONE',  ( -42.50000000000000711, 0.000000000000000000, 90.00000000000000000 ) ) ;
#7082 = CARTESIAN_POINT ( 'NONE',  ( 30.19214044603492297, 63.60700526054102966, -113.9999999999999858 ) ) ;
#7083 = ORIENTED_EDGE ( 'NONE', *, *, #2899, .F. ) ;
#7084 = CARTESIAN_POINT ( 'NONE',  ( 16.15824077874042075, 185.5423739048267464, 9.000000000000000000 ) ) ;
#7085 = CARTESIAN_POINT ( 'NONE',  ( 0.000000000000000000, 0.000000000000000000, -266.0000000000000000 ) ) ;
#7086 = ADVANCED_FACE ( 'NONE', ( #2721 ), #313, .F. ) ;
#7087 = ORIENTED_EDGE ( 'NONE', *, *, #4855, .F. ) ;
#7088 = AXIS2_PLACEMENT_3D ( 'NONE', #6093, #340, #8303 ) ;
#7089 = APPROVAL_ROLE ( '' ) ;
#7090 = CC_DESIGN_APPROVAL ( #6418, ( #6170 ) ) ;
#7091 = CARTESIAN_POINT ( 'NONE',  ( 8.062454933428405468, 37.13657721723761540, 5.990800151500922155 ) ) ;
#7092 = DIRECTION ( 'NONE',  ( 0.000000000000000000, 0.000000000000000000, 1.000000000000000000 ) ) ;
#7093 = CARTESIAN_POINT ( 'NONE',  ( 14.88312821710593425, -34.96929239732961747, 10.11034597562992943 ) ) ;
#7094 = ORIENTED_EDGE ( 'NONE', *, *, #6490, .T. ) ;
#7095 = DIRECTION ( 'NONE',  ( -1.000000000000000000, -6.982962677686266711E-15, -0.000000000000000000 ) ) ;
#7096 = EDGE_LOOP ( 'NONE', ( #1188, #4802, #3864, #5537 ) ) ;
#7097 = ADVANCED_FACE ( 'NONE', ( #9083, #4168 ), #2549, .T. ) ;
#7098 = CARTESIAN_POINT ( 'NONE',  ( 30.52112147095411387, 171.6244840424505469, -8.999999999999998224 ) ) ;
#7099 = PERSON_AND_ORGANIZATION ( #2940, #5543 ) ;
#7100 = LOCAL_TIME ( 2, 39, 17.00000000000000000, #8857 ) ;
#7101 = CARTESIAN_POINT ( 'NONE',  ( -11.15744701146748952, -41.01163209615415894, 39.70525736111132176 ) ) ;
#7102 = PLANE ( 'NONE',  #618 ) ;
#7103 = VERTEX_POINT ( 'NONE', #1804 ) ;
#7104 = CC_DESIGN_APPROVAL ( #7705, ( #4225 ) ) ;
#7105 = LOCAL_TIME ( 2, 39, 17.00000000000000000, #3574 ) ;
#7106 = CARTESIAN_POINT ( 'NONE',  ( -1.522028990061627507, -37.97140089607540858, 49.45167093312728213 ) ) ;
#7107 = ADVANCED_FACE ( 'NONE', ( #4738 ), #2588, .F. ) ;
#7108 = EDGE_CURVE ( 'NONE', #9394, #6845, #3826, .T. ) ;
#7109 = ORIENTED_EDGE ( 'NONE', *, *, #7031, .T. ) ;
#7110 = CARTESIAN_POINT ( 'NONE',  ( -5.999999999999965361, 145.5999999999999943, -6.999999999999999112 ) ) ;
#7111 = CARTESIAN_POINT ( 'NONE',  ( 36.00000000000000000, 2.557953848736360669E-13, -38.00000000000000000 ) ) ;
#7112 = PERSON_AND_ORGANIZATION ( #2940, #5543 ) ;
#7113 = DATE_AND_TIME ( #4211, #7105 ) ;
#7114 = DIRECTION ( 'NONE',  ( -0.000000000000000000, -0.000000000000000000, -1.000000000000000000 ) ) ;
#7115 = CARTESIAN_POINT ( 'NONE',  ( 0.000000000000000000, -22.00000000000000355, 27.00000000000000000 ) ) ;
#7116 = FACE_OUTER_BOUND ( 'NONE', #5740, .T. ) ;
#7117 = EDGE_LOOP ( 'NONE', ( #5401, #3314, #6250, #881 ) ) ;
#7118 = LINE ( 'NONE', #6486, #5784 ) ;
#7119 = ORIENTED_EDGE ( 'NONE', *, *, #8098, .F. ) ;
#7120 = DIRECTION ( 'NONE',  ( -1.000000000000000000, 0.000000000000000000, 0.000000000000000000 ) ) ;
#7121 = CC_DESIGN_DATE_AND_TIME_ASSIGNMENT ( #1144, #9192, ( #8171 ) ) ;
#7122 = EDGE_CURVE ( 'NONE', #7293, #9212, #8684, .T. ) ;
#7123 = CARTESIAN_POINT ( 'NONE',  ( 0.000000000000000000, 201.1999999999999886, 19.00000000000000000 ) ) ;
#7124 = ORIENTED_EDGE ( 'NONE', *, *, #4230, .F. ) ;
#7125 = DIRECTION ( 'NONE',  ( 1.000000000000000000, 0.000000000000000000, 0.000000000000000000 ) ) ;
#7126 = DIRECTION ( 'NONE',  ( -0.000000000000000000, 0.000000000000000000, 1.000000000000000000 ) ) ;
#7127 = VERTEX_POINT ( 'NONE', #6937 ) ;
#7128 = DIRECTION ( 'NONE',  ( -1.000000000000000000, 0.000000000000000000, 0.000000000000000000 ) ) ;
#7129 = CARTESIAN_POINT ( 'NONE',  ( -42.50000000000001421, -1.799631857152680148, 20.77501000800802089 ) ) ;
#7130 = EDGE_LOOP ( 'NONE', ( #1332, #1231 ) ) ;
#7131 = COORDINATED_UNIVERSAL_TIME_OFFSET ( 5, 30, .AHEAD. ) ;
#7132 = CARTESIAN_POINT ( 'NONE',  ( -36.00000000000000000, 0.000000000000000000, 19.00000000000000000 ) ) ;
#7133 = ADVANCED_FACE ( 'NONE', ( #1161 ), #5587, .T. ) ;
#7134 = DIRECTION ( 'NONE',  ( 1.000000000000000000, 0.000000000000000000, 0.000000000000000000 ) ) ;
#7135 = DIRECTION ( 'NONE',  ( -0.2840153447039203138, -0.9588197348681938292, 0.000000000000000000 ) ) ;
#7136 = DIRECTION ( 'NONE',  ( -1.000000000000000000, 0.000000000000000000, 0.000000000000000000 ) ) ;
#7137 = DATE_AND_TIME ( #1248, #4956 ) ;
#7138 = DIRECTION ( 'NONE',  ( -0.000000000000000000, -0.000000000000000000, -1.000000000000000000 ) ) ;
#7139 = EDGE_CURVE ( 'NONE', #5189, #158, #1944, .T. ) ;
#7140 = DIRECTION ( 'NONE',  ( -0.000000000000000000, -0.000000000000000000, -1.000000000000000000 ) ) ;
#7141 = ORIENTED_EDGE ( 'NONE', *, *, #635, .F. ) ;
#7142 = CARTESIAN_POINT ( 'NONE',  ( -20.13734692861326181, -32.22812713828108855, 37.06321446654463614 ) ) ;
#7143 = ORIENTED_EDGE ( 'NONE', *, *, #6915, .T. ) ;
#7144 = CARTESIAN_POINT ( 'NONE',  ( 42.38415521077589432, -3.168623939643632870, 20.65190459878173357 ) ) ;
#7145 = CARTESIAN_POINT ( 'NONE',  ( -72.38161545722640255, -4.948238985536385748, 10.24445283504881665 ) ) ;
#7146 = CONICAL_SURFACE ( 'NONE', #117, 14.90000000000002345, 0.7853981633974482790 ) ;
#7147 = DATE_AND_TIME ( #5716, #4765 ) ;
#7148 = DATE_AND_TIME ( #8497, #5299 ) ;
#7149 = CARTESIAN_POINT ( 'NONE',  ( 39.50000000000000000, 0.000000000000000000, 82.59999999999999432 ) ) ;
#7150 = ADVANCED_FACE ( 'NONE', ( #8500 ), #1120, .T. ) ;
#7151 = CARTESIAN_POINT ( 'NONE',  ( 54.99999999999766942, -2.341423249310675611E-12, -281.0000000000000000 ) ) ;
#7152 = CARTESIAN_POINT ( 'NONE',  ( -29.16285176210240948, -24.36467701155947907, 10.38167718183462185 ) ) ;
#7153 = EDGE_CURVE ( 'NONE', #7025, #7806, #496, .T. ) ;
#7154 = ORIENTED_EDGE ( 'NONE', *, *, #333, .F. ) ;
#7155 = CIRCLE ( 'NONE', #3211, 26.99999999999999645 ) ;
#7156 = EDGE_LOOP ( 'NONE', ( #1757, #4440, #5388, #8805 ) ) ;
#7157 = CARTESIAN_POINT ( 'NONE',  ( -0.9220008225512630329, -3.103030301235631505, -10.23364888658831617 ) ) ;
#7158 = VERTEX_POINT ( 'NONE', #8454 ) ;
#7159 = DIRECTION ( 'NONE',  ( 0.000000000000000000, 0.000000000000000000, 1.000000000000000000 ) ) ;
#7160 = AXIS2_PLACEMENT_3D ( 'NONE', #3384, #4062, #2627 ) ;
#7161 = VECTOR ( 'NONE', #503, 1000.000000000000000 ) ;
#7162 = CARTESIAN_POINT ( 'NONE',  ( -16.87282210245881231, 39.00719858913197413, 25.88898990822289647 ) ) ;
#7163 = CARTESIAN_POINT ( 'NONE',  ( -0.9381745408905777239, -3.269883547202918184, 10.23462148338048117 ) ) ;
#7164 = ORIENTED_EDGE ( 'NONE', *, *, #8310, .F. ) ;
#7165 = CYLINDRICAL_SURFACE ( 'NONE', #1521, 2.000000000000000000 ) ;
#7166 = AXIS2_PLACEMENT_3D ( 'NONE', #8234, #6175, #1007 ) ;
#7167 = CARTESIAN_POINT ( 'NONE',  ( 0.000000000000000000, -22.00000000000000355, 43.89999999999999147 ) ) ;
#7168 = VECTOR ( 'NONE', #2796, 1000.000000000000000 ) ;
#7169 = ORIENTED_EDGE ( 'NONE', *, *, #7456, .T. ) ;
#7170 = CARTESIAN_POINT ( 'NONE',  ( -39.50000000000000000, 4.837354856632044663E-15, 55.09999999999999432 ) ) ;
#7171 = CARTESIAN_POINT ( 'NONE',  ( -74.76294694533464735, -48.39287933429392297, 5.000000000000004441 ) ) ;
#7172 = ORIENTED_EDGE ( 'NONE', *, *, #2672, .F. ) ;
#7173 = EDGE_CURVE ( 'NONE', #3582, #4848, #1903, .T. ) ;
#7174 = COORDINATED_UNIVERSAL_TIME_OFFSET ( 5, 30, .AHEAD. ) ;
#7175 = VECTOR ( 'NONE', #7530, 1000.000000000000000 ) ;
#7176 = AXIS2_PLACEMENT_3D ( 'NONE', #2579, #8396, #4339 ) ;
#7177 = CARTESIAN_POINT ( 'NONE',  ( 16.94425271687674694, 34.03153710866546078, 12.12676705341536731 ) ) ;
#7178 = AXIS2_PLACEMENT_3D ( 'NONE', #8779, #60, #5204 ) ;
#7179 = CYLINDRICAL_SURFACE ( 'NONE', #7331, 5.000000000003473666 ) ;
#7180 = DIRECTION ( 'NONE',  ( 0.000000000000000000, 0.000000000000000000, -1.000000000000000000 ) ) ;
#7181 = FACE_OUTER_BOUND ( 'NONE', #7732, .T. ) ;
#7182 = CARTESIAN_POINT ( 'NONE',  ( 0.000000000000000000, 201.1999999999999886, 19.00000000000000000 ) ) ;
#7183 = VECTOR ( 'NONE', #7751, 999.9999999999998863 ) ;
#7184 = EDGE_CURVE ( 'NONE', #2117, #202, #2450, .T. ) ;
#7185 = SECURITY_CLASSIFICATION ( '', '', #3382 ) ;
#7186 = APPROVAL_DATE_TIME ( #2119, #1562 ) ;
#7187 = AXIS2_PLACEMENT_3D ( 'NONE', #7272, #7092, #7893 ) ;
#7188 = CARTESIAN_POINT ( 'NONE',  ( -15.99863756108774915, -39.37415870462892542, 32.47369322107509504 ) ) ;
#7189 = CARTESIAN_POINT ( 'NONE',  ( -42.50000000000000711, 0.000000000000000000, 66.69999999999998863 ) ) ;
#7190 = AXIS2_PLACEMENT_3D ( 'NONE', #3982, #1662, #3307 ) ;
#7191 = AXIS2_PLACEMENT_3D ( 'NONE', #1263, #3445, #5627 ) ;
#7192 = ORIENTED_EDGE ( 'NONE', *, *, #5930, .F. ) ;
#7193 = CARTESIAN_POINT ( 'NONE',  ( -3.072503578181957353E-13, 44.00000000000000000, -99.00000000000000000 ) ) ;
#7194 = VERTEX_POINT ( 'NONE', #5623 ) ;
#7195 = CARTESIAN_POINT ( 'NONE',  ( 38.00000000000000000, 30.00000000000000000, 5.918580100757921514 ) ) ;
#7196 = CARTESIAN_POINT ( 'NONE',  ( 1.753476732204610755, -2.003494210297822598, 7.482758067407483615 ) ) ;
#7197 = EDGE_CURVE ( 'NONE', #3911, #1047, #4213, .T. ) ;
#7198 = PERSON_AND_ORGANIZATION ( #2940, #5543 ) ;
#7199 = CONTEXT_DEPENDENT_SHAPE_REPRESENTATION ( #3295, #8067 ) ;
#7200 = CLOSED_SHELL ( 'NONE', ( #50, #3761, #9399, #5634, #8252, #8209, #4366, #7737, #8212, #9179, #6000, #2554, #7330, #7212, #1472, #4038, #6831, #6764, #6864, #751, #8983, #2622, #6370, #7884, #2720, #4648, #4780, #3408, #5275, #4364, #8918, #8016, #1118, #412, #7581, #6500, #8435, #9041, #234, #735, #6134, #8846, #7018, #6530, #3016, #164, #7856 ) ) ;
#7201 = FACE_OUTER_BOUND ( 'NONE', #5202, .T. ) ;
#7202 = CARTESIAN_POINT ( 'NONE',  ( 0.000000000000000000, 0.000000000000000000, -38.00000000000000000 ) ) ;
#7203 = CARTESIAN_POINT ( 'NONE',  ( -31.20919935692043978, -21.68222067966054212, 14.20696390824577193 ) ) ;
#7204 = EDGE_LOOP ( 'NONE', ( #3024, #7488, #5267, #1923, #114, #4672 ) ) ;
#7205 = ORIENTED_EDGE ( 'NONE', *, *, #5425, .F. ) ;
#7206 = CARTESIAN_POINT ( 'NONE',  ( -1.144278433307792442, -4.948238984617253422, -10.24445283504335968 ) ) ;
#7207 = LOCAL_TIME ( 2, 39, 17.00000000000000000, #1305 ) ;
#7208 = VECTOR ( 'NONE', #6662, 1000.000000000000000 ) ;
#7209 = ORIENTED_EDGE ( 'NONE', *, *, #532, .T. ) ;
#7210 = CARTESIAN_POINT ( 'NONE',  ( 30.52112147095411387, 171.6244840424505469, 9.000000000000000000 ) ) ;
#7211 = EDGE_CURVE ( 'NONE', #3010, #3447, #6383, .T. ) ;
#7212 = ADVANCED_FACE ( 'NONE', ( #629 ), #2091, .F. ) ;
#7213 = ORIENTED_EDGE ( 'NONE', *, *, #2424, .F. ) ;
#7214 = DIRECTION ( 'NONE',  ( 0.000000000000000000, 0.000000000000000000, -1.000000000000000000 ) ) ;
#7215 = FACE_OUTER_BOUND ( 'NONE', #4557, .T. ) ;
#7216 = EDGE_LOOP ( 'NONE', ( #5278, #3490, #1223, #7443 ) ) ;
#7217 = CARTESIAN_POINT ( 'NONE',  ( -63.46176972075306821, -48.70938086149426027, 15.00000000000000000 ) ) ;
#7218 = CARTESIAN_POINT ( 'NONE',  ( -42.50000000000000711, -1.393027384424438559E-21, 20.77501000800801023 ) ) ;
#7219 = EDGE_CURVE ( 'NONE', #2075, #5274, #5860, .T. ) ;
#7220 = EDGE_LOOP ( 'NONE', ( #463, #9383, #8319, #214 ) ) ;
#7221 = ITEM_DEFINED_TRANSFORMATION ( 'NONE', 'NONE', #2333,  #8931 ) ;
#7222 = FACE_OUTER_BOUND ( 'NONE', #3195, .T. ) ;
#7223 = DIRECTION ( 'NONE',  ( 0.000000000000000000, 0.000000000000000000, -1.000000000000000000 ) ) ;
#7224 = CARTESIAN_POINT ( 'NONE',  ( 1.626476942821261540, -3.837098317321551377, -7.489917846235567112 ) ) ;
#7225 = CC_DESIGN_PERSON_AND_ORGANIZATION_ASSIGNMENT ( #8731, #2184, ( #5526 ) ) ;
#7226 = CARTESIAN_POINT ( 'NONE',  ( 35.99999999999999289, -44.00000000000000000, -152.0000000000000000 ) ) ;
#7227 = ORIENTED_EDGE ( 'NONE', *, *, #4303, .F. ) ;
#7228 = LINE ( 'NONE', #5749, #9176 ) ;
#7229 = MECHANICAL_CONTEXT ( 'NONE', #8385, 'mechanical' ) ;
#7230 = CARTESIAN_POINT ( 'NONE',  ( -1.459721138882902336, -6.770804553811475834, 10.24999999999978328 ) ) ;
#7231 = CC_DESIGN_PERSON_AND_ORGANIZATION_ASSIGNMENT ( #7824, #1400, ( #7576 ) ) ;
#7232 = EDGE_CURVE ( 'NONE', #2059, #1586, #7482, .T. ) ;
#7233 = CC_DESIGN_SECURITY_CLASSIFICATION ( #4812, ( #9460 ) ) ;
#7234 = CARTESIAN_POINT ( 'NONE',  ( 0.000000000000000000, -44.00000000000000000, 175.0000000000000000 ) ) ;
#7235 = EDGE_LOOP ( 'NONE', ( #7882, #7379 ) ) ;
#7236 = DIRECTION ( 'NONE',  ( -1.000000000000000000, 0.000000000000000000, 0.000000000000000000 ) ) ;
#7237 = DIRECTION ( 'NONE',  ( 0.000000000000000000, 0.000000000000000000, -1.000000000000000000 ) ) ;
#7238 = AXIS2_PLACEMENT_3D ( 'NONE', #8064, #7453, #5821 ) ;
#7239 = ORIENTED_EDGE ( 'NONE', *, *, #3160, .F. ) ;
#7240 = CARTESIAN_POINT ( 'NONE',  ( 0.000000000000000000, 0.000000000000000000, -9.000000000000000000 ) ) ;
#7241 = CARTESIAN_POINT ( 'NONE',  ( -72.61760477004500558, -2.955803506064691888, 10.23281468732367472 ) ) ;
#7242 = APPLICATION_PROTOCOL_DEFINITION ( 'international standard', 'config_control_design', 1994, #7418 ) ;
#7243 = APPROVAL_DATE_TIME ( #161, #7544 ) ;
#7244 = CARTESIAN_POINT ( 'NONE',  ( 63.46176972075341638, 48.70938086149381974, 129.0000000000000000 ) ) ;
#7245 = FACE_OUTER_BOUND ( 'NONE', #4694, .T. ) ;
#7246 = LINE ( 'NONE', #5762, #6393 ) ;
#7247 = CIRCLE ( 'NONE', #8945, 36.00000000000000000 ) ;
#7248 = LOCAL_TIME ( 2, 39, 17.00000000000000000, #8976 ) ;
#7249 = ORIENTED_EDGE ( 'NONE', *, *, #8534, .T. ) ;
#7250 = SECURITY_CLASSIFICATION ( '', '', #3856 ) ;
#7251 = EDGE_CURVE ( 'NONE', #2110, #7421, #582, .T. ) ;
#7252 = VERTEX_POINT ( 'NONE', #2240 ) ;
#7253 = CARTESIAN_POINT ( 'NONE',  ( -0.9978764518168039555, -3.838926296675038152, -10.23800399891880097 ) ) ;
#7254 = EDGE_LOOP ( 'NONE', ( #304, #890, #3765, #5994 ) ) ;
#7255 = CARTESIAN_POINT ( 'NONE',  ( 0.000000000000000000, 0.000000000000000000, -19.00000000000000000 ) ) ;
#7256 = DIRECTION ( 'NONE',  ( 0.000000000000000000, 0.000000000000000000, 1.000000000000000000 ) ) ;
#7257 = DIRECTION ( 'NONE',  ( 1.822906152832040295E-17, 9.159757719991224990E-17, 1.000000000000000000 ) ) ;
#7258 = PERSON ( 'NAUO-PER2', 'UNSPECIFIED', 'UNSPECIFIED', ('UNSPECIFIED'), ('UNSPECIFIED'), ('UNSPECIFIED') ) ;
#7259 = CARTESIAN_POINT ( 'NONE',  ( 43.89087296526088267, -38.89087296526177084, -266.0000000000000000 ) ) ;
#7260 = EDGE_CURVE ( 'NONE', #4259, #5225, #5499, .T. ) ;
#7261 = CARTESIAN_POINT ( 'NONE',  ( 0.000000000000000000, 0.000000000000000000, 4.299999999999999822 ) ) ;
#7262 = EDGE_LOOP ( 'NONE', ( #6753, #3048, #7830, #6195 ) ) ;
#7263 = CARTESIAN_POINT ( 'NONE',  ( 1.237053054665496088, -48.39287933429384481, 4.999999999999743316 ) ) ;
#7264 = CARTESIAN_POINT ( 'NONE',  ( 1.237053054665496088, 0.2777589635784699640, -2.636779683484746784E-13 ) ) ;
#7265 = VERTEX_POINT ( 'NONE', #3575 ) ;
#7266 = CARTESIAN_POINT ( 'NONE',  ( 35.99999999999968736, 44.00000000000024869, -152.0000000000000000 ) ) ;
#7267 = CARTESIAN_POINT ( 'NONE',  ( -36.76294694533463314, 0.2777589635784699640, -10.25000000000000178 ) ) ;
#7268 = ORIENTED_EDGE ( 'NONE', *, *, #665, .F. ) ;
#7269 = CARTESIAN_POINT ( 'NONE',  ( -17.80387051377072183, 32.13763566264354665, -9.441743476659747003 ) ) ;
#7270 = CARTESIAN_POINT ( 'NONE',  ( 16.89999999999999858, 2.069653090559026923E-15, 78.00000000000002842 ) ) ;
#7271 = EDGE_CURVE ( 'NONE', #1897, #4873, #9303, .T. ) ;
#7272 = CARTESIAN_POINT ( 'NONE',  ( 0.000000000000000000, 0.000000000000000000, 82.59999999999999432 ) ) ;
#7273 = CARTESIAN_POINT ( 'NONE',  ( -42.50000000000000711, 0.000000000000000000, 59.39999999999999147 ) ) ;
#7274 = CARTESIAN_POINT ( 'NONE',  ( -35.99999999999999289, -44.00000000000000000, -167.0000000000000000 ) ) ;
#7275 = VERTEX_POINT ( 'NONE', #7963 ) ;
#7276 = CARTESIAN_POINT ( 'NONE',  ( 1.237053054665496976, -7.309236489167765249, -7.500000000000280664 ) ) ;
#7277 = APPROVAL_ROLE ( '' ) ;
#7278 = CARTESIAN_POINT ( 'NONE',  ( -1.129518904330413021, -42.48863246053248588, 43.87147024236228532 ) ) ;
#7279 = EDGE_LOOP ( 'NONE', ( #1127, #2169, #3967, #6908 ) ) ;
#7280 = CARTESIAN_POINT ( 'NONE',  ( 0.000000000000000000, 22.00000000000000355, 27.00000000000000000 ) ) ;
#7281 = VERTEX_POINT ( 'NONE', #7149 ) ;
#7282 = ORIENTED_EDGE ( 'NONE', *, *, #5750, .F. ) ;
#7283 = CARTESIAN_POINT ( 'NONE',  ( 16.78926333433199858, -39.04391587221624604, 29.23032408772562363 ) ) ;
#7284 = VERTEX_POINT ( 'NONE', #8680 ) ;
#7285 = DIRECTION ( 'NONE',  ( -1.000000000000000000, 0.000000000000000000, 0.000000000000000000 ) ) ;
#7286 = CARTESIAN_POINT ( 'NONE',  ( -39.50000000000000711, 0.000000000000000000, 4.299999999999999822 ) ) ;
#7287 = DATE_TIME_ROLE ( 'classification_date' ) ;
#7288 = DATE_AND_TIME ( #8932, #4686 ) ;
#7289 = EDGE_CURVE ( 'NONE', #1237, #5985, #3223, .T. ) ;
#7290 = DIRECTION ( 'NONE',  ( -1.000000000000000000, 0.000000000000000000, 0.000000000000000000 ) ) ;
#7291 = DIRECTION ( 'NONE',  ( 0.000000000000000000, 1.000000000000000000, -2.891205793294678326E-16 ) ) ;
#7292 = DIRECTION ( 'NONE',  ( -0.000000000000000000, -0.000000000000000000, 1.000000000000000000 ) ) ;
#7293 = VERTEX_POINT ( 'NONE', #9400 ) ;
#7294 = ORIENTED_EDGE ( 'NONE', *, *, #8380, .T. ) ;
#7295 = DIRECTION ( 'NONE',  ( -1.000000000000000000, -6.982962677686266711E-15, 0.000000000000000000 ) ) ;
#7296 = EDGE_LOOP ( 'NONE', ( #4029, #871, #2216, #5927 ) ) ;
#7297 = CARTESIAN_POINT ( 'NONE',  ( -10.54853077586263232, 170.5777649175917929, -9.000000000000000000 ) ) ;
#7298 = CARTESIAN_POINT ( 'NONE',  ( -72.53568905604589645, -3.765642896865566858, -10.23761322315876576 ) ) ;
#7299 = B_SPLINE_CURVE_WITH_KNOTS ( 'NONE', 3,
 ( #1653, #4395, #165, #8162, #8935, #3020, #723, #3679, #13, #3732 ),
 .UNSPECIFIED., .F., .F.,
 ( 4, 2, 2, 2, 4 ),
 ( 0.000000000000000000, 0.2500000000000000555, 0.3749999999999998890, 0.4999999999999997780, 1.000000000000000000 ),
 .UNSPECIFIED. ) ;
#7300 = EDGE_CURVE ( 'NONE', #3010, #943, #5642, .T. ) ;
#7301 = AXIS2_PLACEMENT_3D ( 'NONE', #1583, #6850, #1726 ) ;
#7302 = CARTESIAN_POINT ( 'NONE',  ( -1.530341685998810819, 37.97666818734182215, 49.46065836067671739 ) ) ;
#7303 = ORIENTED_EDGE ( 'NONE', *, *, #623, .T. ) ;
#7304 = FACE_OUTER_BOUND ( 'NONE', #7096, .T. ) ;
#7305 = CARTESIAN_POINT ( 'NONE',  ( 0.000000000000000000, 0.000000000000000000, -38.00000000000000000 ) ) ;
#7306 = VERTEX_POINT ( 'NONE', #8639 ) ;
#7307 = DIRECTION ( 'NONE',  ( -0.000000000000000000, -0.000000000000000000, 1.000000000000000000 ) ) ;
#7308 = DIRECTION ( 'NONE',  ( 0.000000000000000000, 0.000000000000000000, -1.000000000000000000 ) ) ;
#7309 = CONICAL_SURFACE ( 'NONE', #6094, 14.90000000000002345, 0.7853981633974482790 ) ;
#7310 = ORIENTED_EDGE ( 'NONE', *, *, #3774, .F. ) ;
#7311 = CIRCLE ( 'NONE', #5501, 36.00000000000000000 ) ;
#7312 = CARTESIAN_POINT ( 'NONE',  ( 23.23623025648194584, -32.81558960500773736, -7.500000000000000000 ) ) ;
#7313 = EDGE_CURVE ( 'NONE', #1478, #1659, #1973, .T. ) ;
#7314 = APPROVAL_ROLE ( '' ) ;
#7315 = FACE_BOUND ( 'NONE', #576, .T. ) ;
#7316 = VECTOR ( 'NONE', #1351, 1000.000000000000000 ) ;
#7317 = AXIS2_PLACEMENT_3D ( 'NONE', #9441, #2909, #5811 ) ;
#7318 = AXIS2_PLACEMENT_3D ( 'NONE', #7702, #6266, #6310 ) ;
#7319 = DIRECTION ( 'NONE',  ( 0.000000000000000000, 0.000000000000000000, -1.000000000000000000 ) ) ;
#7320 = VERTEX_POINT ( 'NONE', #3530 ) ;
#7321 = DIRECTION ( 'NONE',  ( 0.000000000000000000, 0.000000000000000000, 1.000000000000000000 ) ) ;
#7322 = EDGE_LOOP ( 'NONE', ( #3779, #6963, #2885, #8700, #5112, #5833, #2566, #7926 ) ) ;
#7323 = VECTOR ( 'NONE', #1170, 1000.000000000000000 ) ;
#7324 = DIRECTION ( 'NONE',  ( 0.000000000000000000, 0.000000000000000000, -1.000000000000000000 ) ) ;
#7325 = DATE_TIME_ROLE ( 'classification_date' ) ;
#7326 = VECTOR ( 'NONE', #5748, 1000.000000000000114 ) ;
#7327 = EDGE_CURVE ( 'NONE', #8789, #3499, #9353, .T. ) ;
#7328 = CALENDAR_DATE ( 2026, 3, 10 ) ;
#7329 = AXIS2_PLACEMENT_3D ( 'NONE', #7595, #4107, #3976 ) ;
#7330 = ADVANCED_FACE ( 'NONE', ( #7201 ), #2863, .F. ) ;
#7331 = AXIS2_PLACEMENT_3D ( 'NONE', #8712, #3585, #7134 ) ;
#7332 = DIRECTION ( 'NONE',  ( 0.000000000000000000, 0.000000000000000000, -1.000000000000000000 ) ) ;
#7333 = VECTOR ( 'NONE', #5739, 1000.000000000000000 ) ;
#7334 = DIRECTION ( 'NONE',  ( 1.000000000000000000, 0.000000000000000000, 0.000000000000000000 ) ) ;
#7335 = AXIS2_PLACEMENT_3D ( 'NONE', #293, #9067, #2530 ) ;
#7336 = ORIENTED_EDGE ( 'NONE', *, *, #425, .T. ) ;
#7337 = EDGE_LOOP ( 'NONE', ( #205, #6984, #6999, #7485 ) ) ;
#7338 = DIRECTION ( 'NONE',  ( -0.000000000000000000, -0.000000000000000000, -1.000000000000000000 ) ) ;
#7339 = DIRECTION ( 'NONE',  ( 0.000000000000000000, 0.000000000000000000, -1.000000000000000000 ) ) ;
#7340 = VECTOR ( 'NONE', #1173, 1000.000000000000000 ) ;
#7341 = ORIENTED_EDGE ( 'NONE', *, *, #2068, .T. ) ;
#7342 = DIRECTION ( 'NONE',  ( 0.000000000000000000, 0.000000000000000000, 1.000000000000000000 ) ) ;
#7343 = CARTESIAN_POINT ( 'NONE',  ( -22.60623775818601544, 29.99999999999999289, -9.035876416136993328 ) ) ;
#7344 = SECURITY_CLASSIFICATION_LEVEL ( 'unclassified' ) ;
#7345 = COORDINATED_UNIVERSAL_TIME_OFFSET ( 5, 30, .AHEAD. ) ;
#7346 = PLANE ( 'NONE',  #1057 ) ;
#7347 = CARTESIAN_POINT ( 'NONE',  ( -36.00000000000000000, -4.408728476930470856E-15, 228.0000000000000000 ) ) ;
#7348 = CC_DESIGN_APPROVAL ( #2223, ( #3539 ) ) ;
#7349 = LINE ( 'NONE', #2242, #4124 ) ;
#7350 = ORIENTED_EDGE ( 'NONE', *, *, #8445, .F. ) ;
#7351 = VERTEX_POINT ( 'NONE', #1401 ) ;
#7352 = CC_DESIGN_PERSON_AND_ORGANIZATION_ASSIGNMENT ( #4904, #5707, ( #7997 ) ) ;
#7353 = LINE ( 'NONE', #5315, #4290 ) ;
#7354 = ORIENTED_EDGE ( 'NONE', *, *, #5990, .F. ) ;
#7355 = CARTESIAN_POINT ( 'NONE',  ( 42.50000000000000711, 5.204748896376250896E-15, 4.299999999999999822 ) ) ;
#7356 = CARTESIAN_POINT ( 'NONE',  ( -72.48911888122148639, -4.154030421946179885, -10.23994831031713737 ) ) ;
#7357 =( GEOMETRIC_REPRESENTATION_CONTEXT ( 3 ) GLOBAL_UNCERTAINTY_ASSIGNED_CONTEXT ( ( #4310 ) ) GLOBAL_UNIT_ASSIGNED_CONTEXT ( ( #640, #7880, #7919 ) ) REPRESENTATION_CONTEXT ( 'NONE', 'WORKASPACE' ) );
#7358 = CARTESIAN_POINT ( 'NONE',  ( 765.0258192322580726, -276.9102276301373422, -107.1780367662017284 ) ) ;
#7359 = CLOSED_SHELL ( 'NONE', ( #6856, #7611, #3474, #8808, #1818, #3538 ) ) ;
#7360 = CARTESIAN_POINT ( 'NONE',  ( -7.536230252685505171, 41.83925437885421417, 42.16707451028585041 ) ) ;
#7361 = ORIENTED_EDGE ( 'NONE', *, *, #4001, .F. ) ;
#7362 = CIRCLE ( 'NONE', #7671, 36.00000000000000711 ) ;
#7363 = CARTESIAN_POINT ( 'NONE',  ( -10.42289423571122775, 36.54415188272437831, 46.94358222181232065 ) ) ;
#7364 = VERTEX_POINT ( 'NONE', #7244 ) ;
#7365 = DIRECTION ( 'NONE',  ( -1.000000000000000000, 0.000000000000000000, 0.000000000000000000 ) ) ;
#7366 = EDGE_CURVE ( 'NONE', #4760, #1237, #5358, .T. ) ;
#7367 = CARTESIAN_POINT ( 'NONE',  ( -3.072503578181957353E-13, 44.00000000000000000, -53.00000000000000000 ) ) ;
#7368 = ORIENTED_EDGE ( 'NONE', *, *, #301, .T. ) ;
#7369 = DIRECTION ( 'NONE',  ( 0.000000000000000000, 0.000000000000000000, -1.000000000000000000 ) ) ;
#7370 = CARTESIAN_POINT ( 'NONE',  ( -39.26424172350247943, -16.28759011737974305, 17.31875267503594173 ) ) ;
#7371 = VERTEX_POINT ( 'NONE', #8734 ) ;
#7372 = CARTESIAN_POINT ( 'NONE',  ( -21.39667252950029663, 29.99999999999999645, 9.360410336245806207 ) ) ;
#7373 = PERSON_AND_ORGANIZATION_ROLE ( 'classification_officer' ) ;
#7374 = AXIS2_PLACEMENT_3D ( 'NONE', #7193, #9254, #6472 ) ;
#7375 =( REPRESENTATION_RELATIONSHIP ('NONE','NONE', #1222, #9169 ) REPRESENTATION_RELATIONSHIP_WITH_TRANSFORMATION ( #6360 )SHAPE_REPRESENTATION_RELATIONSHIP( ) );
#7376 = LINE ( 'NONE', #5892, #719 ) ;
#7377 = FACE_BOUND ( 'NONE', #8367, .T. ) ;
#7378 = DIRECTION ( 'NONE',  ( 0.000000000000000000, 0.000000000000000000, 1.000000000000000000 ) ) ;
#7379 = ORIENTED_EDGE ( 'NONE', *, *, #4179, .T. ) ;
#7380 = PRODUCT_DEFINITION_SHAPE ( 'NONE', 'NONE',  #9483 ) ;
#7381 = EDGE_CURVE ( 'NONE', #3121, #1432, #2900, .T. ) ;
#7382 = DIRECTION ( 'NONE',  ( -0.000000000000000000, -0.000000000000000000, 1.000000000000000000 ) ) ;
#7383 = ORIENTED_EDGE ( 'NONE', *, *, #5531, .F. ) ;
#7384 = CARTESIAN_POINT ( 'NONE',  ( -72.76121159869006760, 0.6312302452696509913, -10.22266102209647087 ) ) ;
#7385 = COORDINATED_UNIVERSAL_TIME_OFFSET ( 5, 30, .AHEAD. ) ;
#7386 = CALENDAR_DATE ( 2026, 3, 10 ) ;
#7387 = B_SPLINE_CURVE_WITH_KNOTS ( 'NONE', 3,
 ( #5203, #1554, #7398, #5449, #1747, #3196, #7494, #2389, #6143, #1700, #8928, #5306, #6830, #9069, #2431, #7444 ),
 .UNSPECIFIED., .F., .F.,
 ( 4, 2, 2, 2, 2, 2, 2, 4 ),
 ( 0.006800335373509414603, 0.01221102161773321426, 0.01491636473984511713, 0.01762170786195701999, 0.02303239410618082919, 0.02438506566723678756, 0.02573773722829274246, 0.02844308035040464880 ),
 .UNSPECIFIED. ) ;
#7388 = DIRECTION ( 'NONE',  ( -1.000000000000000000, 0.000000000000000000, 0.000000000000000000 ) ) ;
#7389 = VERTEX_POINT ( 'NONE', #722 ) ;
#7390 = EDGE_CURVE ( 'NONE', #8789, #8051, #3677, .T. ) ;
#7391 = DIRECTION ( 'NONE',  ( 0.2840153447039135970, 0.9588197348681957166, 0.000000000000000000 ) ) ;
#7392 = ORIENTED_EDGE ( 'NONE', *, *, #5744, .F. ) ;
#7393 = VERTEX_POINT ( 'NONE', #65 ) ;
#7394 = CARTESIAN_POINT ( 'NONE',  ( 63.46176972075341638, 48.70938086149381974, 129.0000000000000000 ) ) ;
#7395 = PRODUCT_DEFINITION_SHAPE ( 'NONE', 'NONE',  #9474 ) ;
#7396 = LINE ( 'NONE', #3725, #2025 ) ;
#7397 = ORIENTED_EDGE ( 'NONE', *, *, #1786, .F. ) ;
#7398 = CARTESIAN_POINT ( 'NONE',  ( -38.95058146157608547, 17.08778759322673935, 16.98213847384165831 ) ) ;
#7399 = APPROVAL_DATE_TIME ( #4917, #1925 ) ;
#7400 = COORDINATED_UNIVERSAL_TIME_OFFSET ( 5, 30, .AHEAD. ) ;
#7401 = CARTESIAN_POINT ( 'NONE',  ( 45.07812899334808776, 13.35275013547133760, -99.00000000000000000 ) ) ;
#7402 = LOCAL_TIME ( 2, 39, 17.00000000000000000, #2667 ) ;
#7403 = CARTESIAN_POINT ( 'NONE',  ( 38.00000000000000000, 0.000000000000000000, 0.000000000000000000 ) ) ;
#7404 = LINE ( 'NONE', #8211, #4879 ) ;
#7405 = ORIENTED_EDGE ( 'NONE', *, *, #1752, .T. ) ;
#7406 = EDGE_CURVE ( 'NONE', #1486, #4464, #3065, .T. ) ;
#7407 = VECTOR ( 'NONE', #8998, 1000.000000000000000 ) ;
#7408 = ADVANCED_FACE ( 'NONE', ( #3019, #3731 ), #8933, .T. ) ;
#7409 = B_SPLINE_CURVE_WITH_KNOTS ( 'NONE', 3,
 ( #3516, #4906, #6559, #7230 ),
 .UNSPECIFIED., .F., .F.,
 ( 4, 4 ),
 ( 0.000000000000000000, 1.000000000000000000 ),
 .UNSPECIFIED. ) ;
#7410 = DIRECTION ( 'NONE',  ( 0.000000000000000000, 0.000000000000000000, 1.000000000000000000 ) ) ;
#7411 = EDGE_LOOP ( 'NONE', ( #7416, #4188 ) ) ;
#7412 = DIRECTION ( 'NONE',  ( -1.000000000000000000, 0.000000000000000000, 0.000000000000000000 ) ) ;
#7413 = CARTESIAN_POINT ( 'NONE',  ( -72.27101322384756088, -5.655409056988728977, -10.24767084051506316 ) ) ;
#7414 = ORGANIZATION ( 'NAUO-ORG4', 'UNSPECIFIED', 'UNSPECIFIED' ) ;
#7415 = CARTESIAN_POINT ( 'NONE',  ( 766.4917328678884587, -166.6459258667428287, 160.8219632337983285 ) ) ;
#7416 = ORIENTED_EDGE ( 'NONE', *, *, #5368, .T. ) ;
#7417 = CARTESIAN_POINT ( 'NONE',  ( -5.942230419934427132, 37.53432001562918430, 5.295601068653932764 ) ) ;
#7418 = APPLICATION_CONTEXT ( 'configuration controlled 3d designs of mechanical parts and assemblies' ) ;
#7419 = EDGE_LOOP ( 'NONE', ( #3492, #5263 ) ) ;
#7420 = PLANE ( 'NONE',  #8081 ) ;
#7421 = VERTEX_POINT ( 'NONE', #6097 ) ;
#7422 = LINE ( 'NONE', #9093, #4449 ) ;
#7423 = FACE_OUTER_BOUND ( 'NONE', #646, .T. ) ;
#7424 = CC_DESIGN_SECURITY_CLASSIFICATION ( #522, ( #9481 ) ) ;
#7425 = APPROVAL_PERSON_ORGANIZATION ( #8055, #616, #5157 ) ;
#7426 = ORIENTED_EDGE ( 'NONE', *, *, #7618, .F. ) ;
#7427 = CARTESIAN_POINT ( 'NONE',  ( -37.34689806626149533, 7.245714088489010329, 20.15500580506960659 ) ) ;
#7428 = APPROVAL_STATUS ( 'not_yet_approved' ) ;
#7429 = CC_DESIGN_DATE_AND_TIME_ASSIGNMENT ( #7113, #3528, ( #8790 ) ) ;
#7430 = EDGE_CURVE ( 'NONE', #4746, #2075, #6447, .T. ) ;
#7431 = FACE_OUTER_BOUND ( 'NONE', #7262, .T. ) ;
#7432 = ORIENTED_EDGE ( 'NONE', *, *, #6737, .T. ) ;
#7433 = DIRECTION ( 'NONE',  ( 0.000000000000000000, 0.000000000000000000, -1.000000000000000000 ) ) ;
#7434 = ORIENTED_EDGE ( 'NONE', *, *, #4230, .T. ) ;
#7435 = CARTESIAN_POINT ( 'NONE',  ( 26.99999999999969091, 44.00000000000018474, -53.00000000000000000 ) ) ;
#7436 = APPROVAL_DATE_TIME ( #4536, #383 ) ;
#7437 = COORDINATED_UNIVERSAL_TIME_OFFSET ( 5, 30, .AHEAD. ) ;
#7438 = ADVANCED_FACE ( 'NONE', ( #8208 ), #7346, .F. ) ;
#7439 = LINE ( 'NONE', #3817, #3205 ) ;
#7440 = DIRECTION ( 'NONE',  ( 0.000000000000000000, 0.000000000000000000, 1.000000000000000000 ) ) ;
#7441 = EDGE_LOOP ( 'NONE', ( #9061, #6427, #8458, #2369 ) ) ;
#7442 = CARTESIAN_POINT ( 'NONE',  ( -36.00000000000029843, 43.99999999999974420, 76.00000000000000000 ) ) ;
#7443 = ORIENTED_EDGE ( 'NONE', *, *, #5750, .T. ) ;
#7444 = CARTESIAN_POINT ( 'NONE',  ( -42.50000000000000711, -1.393027384424438559E-21, 20.77501000800801023 ) ) ;
#7445 = PERSON_AND_ORGANIZATION ( #2940, #5543 ) ;
#7446 = PERSON_AND_ORGANIZATION ( #5454, #6039 ) ;
#7447 = ADVANCED_FACE ( 'NONE', ( #5353 ), #8256, .T. ) ;
#7448 = DIRECTION ( 'NONE',  ( 1.000000000000000000, 0.000000000000000000, 0.000000000000000000 ) ) ;
#7449 = PLANE ( 'NONE',  #4779 ) ;
#7450 = LINE ( 'NONE', #167, #6387 ) ;
#7451 = ORIENTED_EDGE ( 'NONE', *, *, #5766, .F. ) ;
#7452 = ORIENTED_EDGE ( 'NONE', *, *, #7825, .T. ) ;
#7453 = DIRECTION ( 'NONE',  ( -0.9588197348681938292, -0.2840153447039202583, 0.000000000000000000 ) ) ;
#7454 = CARTESIAN_POINT ( 'NONE',  ( -72.58771934977863793, -3.269883547203279672, -10.23462148338134625 ) ) ;
#7455 = DIRECTION ( 'NONE',  ( 1.110223024625156540E-16, 1.000000000000000000, 2.449293598294706414E-16 ) ) ;
#7456 = EDGE_CURVE ( 'NONE', #6029, #9279, #3512, .T. ) ;
#7457 = EDGE_CURVE ( 'NONE', #6498, #892, #1512, .T. ) ;
#7458 = CARTESIAN_POINT ( 'NONE',  ( -36.00000000000029843, 43.99999999999974420, 190.0000000000000000 ) ) ;
#7459 = ORIENTED_EDGE ( 'NONE', *, *, #2655, .T. ) ;
#7460 = CARTESIAN_POINT ( 'NONE',  ( -12.30876619568291730, 35.95269912138675750, 8.161820680188290211 ) ) ;
#7461 = VERTEX_POINT ( 'NONE', #3930 ) ;
#7462 = CARTESIAN_POINT ( 'NONE',  ( 0.000000000000000000, -44.00000000000000000, 175.0000000000000000 ) ) ;
#7463 = ORIENTED_EDGE ( 'NONE', *, *, #8084, .F. ) ;
#7464 = CARTESIAN_POINT ( 'NONE',  ( -17.84224894254601779, 31.40533161732176382, 10.30449831356270529 ) ) ;
#7465 = DIRECTION ( 'NONE',  ( -0.000000000000000000, -0.000000000000000000, 1.000000000000000000 ) ) ;
#7466 = EDGE_LOOP ( 'NONE', ( #7649, #3954 ) ) ;
#7467 = CARTESIAN_POINT ( 'NONE',  ( -32.31098884280702777, 19.99999999999999645, 15.41602615938556120 ) ) ;
#7468 = VECTOR ( 'NONE', #1531, 1000.000000000000000 ) ;
#7469 = CONTEXT_DEPENDENT_SHAPE_REPRESENTATION ( #1810, #5852 ) ;
#7470 = CYLINDRICAL_SURFACE ( 'NONE', #7057, 5.000000000000007105 ) ;
#7471 = DIRECTION ( 'NONE',  ( 1.000000000000000000, 0.000000000000000000, 0.000000000000000000 ) ) ;
#7472 = ORIENTED_EDGE ( 'NONE', *, *, #8920, .F. ) ;
#7473 = CARTESIAN_POINT ( 'NONE',  ( -74.76294694533464735, -48.39287933429392297, -7.500000000000007105 ) ) ;
#7474 = CIRCLE ( 'NONE', #1965, 27.00000000000000000 ) ;
#7475 = ORIENTED_EDGE ( 'NONE', *, *, #988, .T. ) ;
#7476 = DIRECTION ( 'NONE',  ( 1.000000000000000000, 0.000000000000000000, 0.000000000000000000 ) ) ;
#7477 = SECURITY_CLASSIFICATION_LEVEL ( 'unclassified' ) ;
#7478 = APPROVAL ( #3881, 'UNKNOWN' ) ;
#7479 = EDGE_CURVE ( 'NONE', #1385, #848, #6833, .T. ) ;
#7480 = PERSON_AND_ORGANIZATION_ROLE ( 'design_supplier' ) ;
#7481 = CIRCLE ( 'NONE', #3078, 5.000000000003598899 ) ;
#7482 = CIRCLE ( 'NONE', #575, 7.999999999999983125 ) ;
#7483 = CIRCLE ( 'NONE', #6871, 17.50000000000000000 ) ;
#7484 = CARTESIAN_POINT ( 'NONE',  ( 38.00000000000000000, 30.00000000000000000, -5.918580100757921514 ) ) ;
#7485 = ORIENTED_EDGE ( 'NONE', *, *, #9124, .T. ) ;
#7486 = DIRECTION ( 'NONE',  ( 1.000000000000000000, 0.000000000000000000, 0.000000000000000000 ) ) ;
#7487 = VERTEX_POINT ( 'NONE', #5210 ) ;
#7488 = ORIENTED_EDGE ( 'NONE', *, *, #2139, .T. ) ;
#7489 = DIRECTION ( 'NONE',  ( 1.000000000000000000, 0.000000000000000000, 0.000000000000000000 ) ) ;
#7490 = ADVANCED_FACE ( 'NONE', ( #252, #787 ), #1652, .T. ) ;
#7492 = CARTESIAN_POINT ( 'NONE',  ( 19.91105194140084222, 30.00000000000000000, 10.81896033440781046 ) ) ;
#7491 = CIRCLE ( 'NONE', #9314, 27.00000000000000000 ) ;
#7493 = ORIENTED_EDGE ( 'NONE', *, *, #2671, .T. ) ;
#7494 = CARTESIAN_POINT ( 'NONE',  ( -40.93834161865405008, 11.44789088870536098, 19.11173275467882249 ) ) ;
#7495 = PERSON_AND_ORGANIZATION_ROLE ( 'creator' ) ;
#7496 = AXIS2_PLACEMENT_3D ( 'NONE', #1899, #4916, #9437 ) ;
#7497 = CARTESIAN_POINT ( 'NONE',  ( 35.66733504618166961, -23.11253619070906851, 12.61822993163664108 ) ) ;
#7498 = VECTOR ( 'NONE', #5788, 1000.000000000000000 ) ;
#7499 = FACE_BOUND ( 'NONE', #4371, .T. ) ;
#7500 = CARTESIAN_POINT ( 'NONE',  ( 36.00000000000000000, 0.000000000000000000, 19.00000000000000000 ) ) ;
#7501 = CIRCLE ( 'NONE', #7643, 79.99999999999998579 ) ;
#7502 = EDGE_LOOP ( 'NONE', ( #7559, #8748 ) ) ;
#7503 = AXIS2_PLACEMENT_3D ( 'NONE', #2801, #5747, #8575 ) ;
#7504 = EDGE_CURVE ( 'NONE', #2912, #5274, #2586, .T. ) ;
#7505 = DIRECTION ( 'NONE',  ( -0.9588197348681957166, 0.2840153447039135415, 0.000000000000000000 ) ) ;
#7506 = ORIENTED_EDGE ( 'NONE', *, *, #944, .T. ) ;
#7507 = PLANE ( 'NONE',  #5575 ) ;
#7508 = DIRECTION ( 'NONE',  ( 0.000000000000000000, 0.000000000000000000, 1.000000000000000000 ) ) ;
#7509 = AXIS2_PLACEMENT_3D ( 'NONE', #103, #4435, #8925 ) ;
#7510 = MECHANICAL_CONTEXT ( 'NONE', #8033, 'mechanical' ) ;
#7511 = CC_DESIGN_APPROVAL ( #8585, ( #5385 ) ) ;
#7512 = CARTESIAN_POINT ( 'NONE',  ( -5.486511002017720351, 42.15690946152221841, 10.97752783424919087 ) ) ;
#7513 = VERTEX_POINT ( 'NONE', #7718 ) ;
#7514 = CARTESIAN_POINT ( 'NONE',  ( -20.13928027340539018, 32.22694136320840386, 37.05957861171600598 ) ) ;
#7515 = ORGANIZATION ( 'NAUO-ORG29', 'UNSPECIFIED', 'UNSPECIFIED' ) ;
#7516 = VERTEX_POINT ( 'NONE', #3249 ) ;
#7517 = EDGE_CURVE ( 'NONE', #5681, #2404, #5410, .T. ) ;
#7518 = DIRECTION ( 'NONE',  ( 0.000000000000000000, 0.000000000000000000, 1.000000000000000000 ) ) ;
#7519 =( GEOMETRIC_REPRESENTATION_CONTEXT ( 3 ) GLOBAL_UNCERTAINTY_ASSIGNED_CONTEXT ( ( #6485 ) ) GLOBAL_UNIT_ASSIGNED_CONTEXT ( ( #846, #174, #3634 ) ) REPRESENTATION_CONTEXT ( 'NONE', 'WORKASPACE' ) );
#7520 = EDGE_CURVE ( 'NONE', #2556, #743, #1891, .T. ) ;
#7521 = EDGE_LOOP ( 'NONE', ( #3921, #6345 ) ) ;
#7522 = DIRECTION ( 'NONE',  ( -0.000000000000000000, -0.000000000000000000, 1.000000000000000000 ) ) ;
#7523 = CARTESIAN_POINT ( 'NONE',  ( 0.000000000000000000, 0.000000000000000000, 78.29999999999999716 ) ) ;
#7524 = CARTESIAN_POINT ( 'NONE',  ( -30.19214044603581115, 63.60700526054061044, -53.00000000000000000 ) ) ;
#7525 = PERSON_AND_ORGANIZATION ( #7605, #517 ) ;
#7526 = AXIS2_PLACEMENT_3D ( 'NONE', #3119, #4552, #2395 ) ;
#7527 = DIRECTION ( 'NONE',  ( 1.000000000000000000, 1.776356839400250465E-15, 0.000000000000000000 ) ) ;
#7528 = ORIENTED_EDGE ( 'NONE', *, *, #3147, .T. ) ;
#7529 = ADVANCED_FACE ( 'NONE', ( #300 ), #4777, .T. ) ;
#7530 = DIRECTION ( 'NONE',  ( -0.000000000000000000, -0.000000000000000000, -1.000000000000000000 ) ) ;
#7531 = DIRECTION ( 'NONE',  ( 0.2840153447039135970, 0.9588197348681957166, 0.000000000000000000 ) ) ;
#7532 = CIRCLE ( 'NONE', #3410, 5.000000000003598899 ) ;
#7533 = DATE_AND_TIME ( #2523, #8767 ) ;
#7534 = CARTESIAN_POINT ( 'NONE',  ( -4.669375383830730407E-12, -55.00000000000000000, -281.0000000000000000 ) ) ;
#7535 = LINE ( 'NONE', #1643, #1698 ) ;
#7536 = ORIENTED_EDGE ( 'NONE', *, *, #4580, .T. ) ;
#7537 = DIRECTION ( 'NONE',  ( 0.000000000000000000, 0.000000000000000000, 1.000000000000000000 ) ) ;
#7538 = CARTESIAN_POINT ( 'NONE',  ( 2.778545522101094178, -42.41266923739028272, 10.32052545206352789 ) ) ;
#7539 = ORIENTED_EDGE ( 'NONE', *, *, #115, .T. ) ;
#7540 = CARTESIAN_POINT ( 'NONE',  ( -17.72660153117763926, 33.61201568122404382, -9.000000000000000000 ) ) ;
#7541 = APPLICATION_PROTOCOL_DEFINITION ( 'international standard', 'config_control_design', 1994, #2314 ) ;
#7542 = COORDINATED_UNIVERSAL_TIME_OFFSET ( 5, 30, .AHEAD. ) ;
#7543 = DIRECTION ( 'NONE',  ( -0.2840153447039269752, 0.9588197348681917198, 0.000000000000000000 ) ) ;
#7544 = APPROVAL ( #6630, 'UNKNOWN' ) ;
#7545 = EDGE_CURVE ( 'NONE', #7777, #3777, #8306, .T. ) ;
#7546 = CARTESIAN_POINT ( 'NONE',  ( 15.15054929726336930, 39.70880177734349559, 34.50845306564222881 ) ) ;
#7547 = CARTESIAN_POINT ( 'NONE',  ( 0.000000000000000000, 0.000000000000000000, 85.00000000000000000 ) ) ;
#7548 = EDGE_LOOP ( 'NONE', ( #5754, #8703, #2193, #6620 ) ) ;
#7549 = PLANE ( 'NONE',  #7329 ) ;
#7550 = CARTESIAN_POINT ( 'NONE',  ( -74.76294694533464735, -62.72224103642152926, -5.000000000000004441 ) ) ;
#7551 = CIRCLE ( 'NONE', #7088, 25.00000000000000000 ) ;
#7552 = VERTEX_POINT ( 'NONE', #1110 ) ;
#7553 = FACE_OUTER_BOUND ( 'NONE', #793, .T. ) ;
#7554 = DIRECTION ( 'NONE',  ( 0.000000000000000000, 0.000000000000000000, -1.000000000000000000 ) ) ;
#7555 = DIRECTION ( 'NONE',  ( 0.9237280213470682178, 0.000000000000000000, -0.3830490080632377725 ) ) ;
#7556 = LOCAL_TIME ( 2, 39, 17.00000000000000000, #99 ) ;
#7557 = DIRECTION ( 'NONE',  ( -0.9588197348681957166, 0.2840153447039135415, 0.000000000000000000 ) ) ;
#7558 = EDGE_CURVE ( 'NONE', #5066, #3008, #6402, .T. ) ;
#7559 = ORIENTED_EDGE ( 'NONE', *, *, #8153, .F. ) ;
#7560 = DIRECTION ( 'NONE',  ( 1.000000000000000000, 6.982962677686266711E-15, 0.000000000000000000 ) ) ;
#7561 = AXIS2_PLACEMENT_3D ( 'NONE', #2412, #134, #8227 ) ;
#7562 = ORIENTED_EDGE ( 'NONE', *, *, #8334, .F. ) ;
#7563 = APPROVAL_PERSON_ORGANIZATION ( #8381, #4742, #7089 ) ;
#7564 = DIRECTION ( 'NONE',  ( 0.000000000000000000, 0.000000000000000000, 1.000000000000000000 ) ) ;
#7565 = VERTEX_POINT ( 'NONE', #3429 ) ;
#7566 = CARTESIAN_POINT ( 'NONE',  ( -17.78454384891923112, 32.50641039639285879, 9.233733238778446761 ) ) ;
#7567 = DIRECTION ( 'NONE',  ( -0.000000000000000000, 1.000000000000000000, -0.000000000000000000 ) ) ;
#7568 = CARTESIAN_POINT ( 'NONE',  ( 42.50000000000000711, 5.204748896376250896E-15, 71.00000000000000000 ) ) ;
#7569 = AXIS2_PLACEMENT_3D ( 'NONE', #5688, #1224, #8554 ) ;
#7570 = PERSON_AND_ORGANIZATION_ROLE ( 'classification_officer' ) ;
#7571 = EDGE_CURVE ( 'NONE', #7597, #743, #9304, .T. ) ;
#7572 = CARTESIAN_POINT ( 'NONE',  ( 42.50000000000000711, 5.204748896376250896E-15, 90.00000000000000000 ) ) ;
#7573 = FACE_OUTER_BOUND ( 'NONE', #9231, .T. ) ;
#7574 = VERTEX_POINT ( 'NONE', #6873 ) ;
#7575 = LOCAL_TIME ( 2, 39, 17.00000000000000000, #8235 ) ;
#7576 = SECURITY_CLASSIFICATION ( '', '', #2680 ) ;
#7577 = DIRECTION ( 'NONE',  ( -0.000000000000000000, -0.000000000000000000, 1.000000000000000000 ) ) ;
#7578 = CARTESIAN_POINT ( 'NONE',  ( 0.000000000000000000, 0.000000000000000000, 76.00000000000000000 ) ) ;
#7579 = ITEM_DEFINED_TRANSFORMATION ( 'NONE', 'NONE', #9457,  #8931 ) ;
#7580 = SHAPE_DEFINITION_REPRESENTATION ( #3381, #3946 ) ;
#7581 = ADVANCED_FACE ( 'NONE', ( #4817 ), #9072, .F. ) ;
#7582 = EDGE_CURVE ( 'NONE', #1733, #5818, #3071, .T. ) ;
#7583 = CARTESIAN_POINT ( 'NONE',  ( 18.27278481602214200, 33.32143750893040135, 40.14816579803437691 ) ) ;
#7584 = PLANE ( 'NONE',  #2640 ) ;
#7585 = ORIENTED_EDGE ( 'NONE', *, *, #4528, .T. ) ;
#7586 = DIRECTION ( 'NONE',  ( 1.000000000000000000, 0.000000000000000000, 0.000000000000000000 ) ) ;
#7587 = ORIENTED_EDGE ( 'NONE', *, *, #6568, .F. ) ;
#7588 = LINE ( 'NONE', #4685, #6313 ) ;
#7589 = MECHANICAL_CONTEXT ( 'NONE', #7757, 'mechanical' ) ;
#7590 = DATE_TIME_ROLE ( 'classification_date' ) ;
#7591 = DIRECTION ( 'NONE',  ( 1.000000000000000000, 0.000000000000000000, 0.000000000000000000 ) ) ;
#7592 = CARTESIAN_POINT ( 'NONE',  ( 16.67687703711428782, 39.09150735804016819, 24.20714015501435412 ) ) ;
#7593 = FACE_OUTER_BOUND ( 'NONE', #7999, .T. ) ;
#7594 = ORIENTED_EDGE ( 'NONE', *, *, #8825, .F. ) ;
#7595 = CARTESIAN_POINT ( 'NONE',  ( 38.00000000000000000, 0.000000000000000000, -8.999999999999998224 ) ) ;
#7596 = DIRECTION ( 'NONE',  ( -0.000000000000000000, -0.000000000000000000, -1.000000000000000000 ) ) ;
#7597 = VERTEX_POINT ( 'NONE', #6971 ) ;
#7598 = DIRECTION ( 'NONE',  ( 0.000000000000000000, 0.000000000000000000, -1.000000000000000000 ) ) ;
#7599 = CARTESIAN_POINT ( 'NONE',  ( -8.762946945334515902, -55.47373039812359963, -5.000000000000272671 ) ) ;
#7600 = EDGE_CURVE ( 'NONE', #7194, #5540, #2959, .T. ) ;
#7601 = DIRECTION ( 'NONE',  ( -5.551115123125782702E-17, -1.000000000000000000, -2.661928512450523353E-16 ) ) ;
#7602 = ORIENTED_EDGE ( 'NONE', *, *, #5523, .F. ) ;
#7603 = DIRECTION ( 'NONE',  ( 0.000000000000000000, 1.000000000000000000, 0.000000000000000000 ) ) ;
#7604 = DIRECTION ( 'NONE',  ( -0.000000000000000000, -0.000000000000000000, 1.000000000000000000 ) ) ;
#7605 = PERSON ( 'NAUO-PER10', 'UNSPECIFIED', 'UNSPECIFIED', ('UNSPECIFIED'), ('UNSPECIFIED'), ('UNSPECIFIED') ) ;
#7606 = EDGE_LOOP ( 'NONE', ( #3304, #5255, #8311, #3845 ) ) ;
#7607 = DIRECTION ( 'NONE',  ( 0.000000000000000000, -1.000000000000000000, 0.000000000000000000 ) ) ;
#7608 = ORIENTED_EDGE ( 'NONE', *, *, #596, .T. ) ;
#7609 = CYLINDRICAL_SURFACE ( 'NONE', #587, 5.000000000003473666 ) ;
#7610 = DIRECTION ( 'NONE',  ( 0.000000000000000000, -1.000000000000000000, 0.000000000000000000 ) ) ;
#7611 = ADVANCED_FACE ( 'NONE', ( #530 ), #3473, .T. ) ;
#7612 = CARTESIAN_POINT ( 'NONE',  ( -72.00000000000000000, 8.817456953860941711E-15, -281.0000000000000000 ) ) ;
#7613 = FACE_OUTER_BOUND ( 'NONE', #5786, .T. ) ;
#7614 = EDGE_LOOP ( 'NONE', ( #725, #9435 ) ) ;
#7615 = CARTESIAN_POINT ( 'NONE',  ( 34.68085474984255256, 24.56611411406793977, 9.678230334258222101 ) ) ;
#7616 = DIRECTION ( 'NONE',  ( 1.000000000000000000, 0.000000000000000000, 0.000000000000000000 ) ) ;
#7617 = SECURITY_CLASSIFICATION_LEVEL ( 'unclassified' ) ;
#7618 = EDGE_CURVE ( 'NONE', #15, #2440, #7409, .T. ) ;
#7619 = APPROVAL_DATE_TIME ( #4717, #863 ) ;
#7620 = CARTESIAN_POINT ( 'NONE',  ( 21.97551560467232434, 31.00137215464466323, 22.15574924090088871 ) ) ;
#7621 = CIRCLE ( 'NONE', #3502, 39.50000000000000000 ) ;
#7622 = CARTESIAN_POINT ( 'NONE',  ( 21.89621207034802808, -31.05783950380967795, 32.23080715581875921 ) ) ;
#7623 = EDGE_LOOP ( 'NONE', ( #5471, #6942, #4207, #3099 ) ) ;
#7624 = FACE_BOUND ( 'NONE', #4615, .T. ) ;
#7625 = EDGE_CURVE ( 'NONE', #6938, #7127, #2712, .T. ) ;
#7626 = ADVANCED_FACE ( 'NONE', ( #5615 ), #1390, .F. ) ;
#7627 = DIRECTION ( 'NONE',  ( -0.000000000000000000, -0.000000000000000000, 1.000000000000000000 ) ) ;
#7628 = PERSON_AND_ORGANIZATION ( #2940, #5543 ) ;
#7629 = AXIS2_PLACEMENT_3D ( 'NONE', #5113, #2399, #3737 ) ;
#7630 = APPROVAL_ROLE ( '' ) ;
#7631 = CARTESIAN_POINT ( 'NONE',  ( -8.498094602068491099, -41.64467051503412165, 12.38156477782373877 ) ) ;
#7632 = DIRECTION ( 'NONE',  ( 1.000000000000000000, 0.000000000000000000, 0.000000000000000000 ) ) ;
#7633 = AXIS2_PLACEMENT_3D ( 'NONE', #1640, #5479, #7476 ) ;
#7634 = AXIS2_PLACEMENT_3D ( 'NONE', #4305, #4967, #2133 ) ;
#7635 = ORIENTED_EDGE ( 'NONE', *, *, #7758, .T. ) ;
#7636 = CARTESIAN_POINT ( 'NONE',  ( -22.19481856373295514, -30.84515590047826450, 23.23202543193204761 ) ) ;
#7637 = AXIS2_PLACEMENT_3D ( 'NONE', #5129, #2065, #5030 ) ;
#7638 = ORIENTED_EDGE ( 'NONE', *, *, #799, .F. ) ;
#7639 = FACE_OUTER_BOUND ( 'NONE', #6570, .T. ) ;
#7640 = LINE ( 'NONE', #4031, #5794 ) ;
#7641 = DIRECTION ( 'NONE',  ( 1.000000000000000000, -1.110223024625156540E-16, 0.000000000000000000 ) ) ;
#7642 = VECTOR ( 'NONE', #6463, 1000.000000000000000 ) ;
#7643 = AXIS2_PLACEMENT_3D ( 'NONE', #9130, #4747, #3711 ) ;
#7644 = DIRECTION ( 'NONE',  ( 1.000000000000000000, 0.000000000000000000, 0.000000000000000000 ) ) ;
#7645 = DIRECTION ( 'NONE',  ( -0.000000000000000000, 1.000000000000000000, -0.000000000000000000 ) ) ;
#7646 = DIRECTION ( 'NONE',  ( 1.000000000000000000, 0.000000000000000000, -0.000000000000000000 ) ) ;
#7647 = CC_DESIGN_PERSON_AND_ORGANIZATION_ASSIGNMENT ( #5143, #8095, ( #549 ) ) ;
#7648 = DIRECTION ( 'NONE',  ( -0.000000000000000000, -0.000000000000000000, -1.000000000000000000 ) ) ;
#7649 = ORIENTED_EDGE ( 'NONE', *, *, #1651, .T. ) ;
#7650 = DIRECTION ( 'NONE',  ( -0.000000000000000000, -0.000000000000000000, 1.000000000000000000 ) ) ;
#7651 = ORIENTED_EDGE ( 'NONE', *, *, #9261, .F. ) ;
#7652 = FACE_OUTER_BOUND ( 'NONE', #360, .T. ) ;
#7653 = CARTESIAN_POINT ( 'NONE',  ( 0.000000000000000000, 0.000000000000000000, 90.00000000000000000 ) ) ;
#7654 = CARTESIAN_POINT ( 'NONE',  ( 0.000000000000000000, 0.000000000000000000, 66.69999999999998863 ) ) ;
#7655 = AXIS2_PLACEMENT_3D ( 'NONE', #1329, #5037, #7985 ) ;
#7656 = APPROVAL ( #6188, 'UNSPECIFIED' ) ;
#7657 = EDGE_CURVE ( 'NONE', #8791, #5816, #4293, .T. ) ;
#7658 = APPROVAL_PERSON_ORGANIZATION ( #2637, #8585, #628 ) ;
#7659 = DIRECTION ( 'NONE',  ( 0.000000000000000000, -0.000000000000000000, -1.000000000000000000 ) ) ;
#7660 = EDGE_LOOP ( 'NONE', ( #6526, #7966, #4450, #1867 ) ) ;
#7661 = CARTESIAN_POINT ( 'NONE',  ( 0.000000000000000000, 22.00000000000000355, 27.00000000000000000 ) ) ;
#7662 = LINE ( 'NONE', #2603, #294 ) ;
#7663 = ORIENTED_EDGE ( 'NONE', *, *, #277, .T. ) ;
#7664 = VERTEX_POINT ( 'NONE', #570 ) ;
#7665 = DIRECTION ( 'NONE',  ( 1.000000000000000000, 0.000000000000000000, 0.000000000000000000 ) ) ;
#7666 = AXIS2_PLACEMENT_3D ( 'NONE', #2296, #4737, #7641 ) ;
#7667 = APPROVAL_ROLE ( '' ) ;
#7668 = CIRCLE ( 'NONE', #4167, 7.999999999999983125 ) ;
#7669 = EDGE_CURVE ( 'NONE', #8411, #3478, #4132, .T. ) ;
#7670 = CARTESIAN_POINT ( 'NONE',  ( 13.77337537138353341, -35.42108195941670346, 9.193763747812946363 ) ) ;
#7671 = AXIS2_PLACEMENT_3D ( 'NONE', #8466, #4841, #1172 ) ;
#7672 = ORIENTED_EDGE ( 'NONE', *, *, #2021, .T. ) ;
#7673 = CYLINDRICAL_SURFACE ( 'NONE', #9039, 20.00000000000000000 ) ;
#7674 = DIRECTION ( 'NONE',  ( -0.000000000000000000, 0.000000000000000000, 1.000000000000000000 ) ) ;
#7675 = CALENDAR_DATE ( 2026, 3, 10 ) ;
#7676 = CARTESIAN_POINT ( 'NONE',  ( -15.14764496993426413, -39.70990760856270896, 19.48575811368481681 ) ) ;
#7677 = ADVANCED_FACE ( 'NONE', ( #2176 ), #5094, .F. ) ;
#7678 = CARTESIAN_POINT ( 'NONE',  ( 15.38757631200695464, 39.61722732799335489, 19.99015809704387792 ) ) ;
#7679 = ORIENTED_EDGE ( 'NONE', *, *, #5121, .F. ) ;
#7680 = CARTESIAN_POINT ( 'NONE',  ( 0.000000000000000000, 0.000000000000000000, 61.00000000000000000 ) ) ;
#7681 = ORIENTED_EDGE ( 'NONE', *, *, #3783, .T. ) ;
#7682 = CARTESIAN_POINT ( 'NONE',  ( -32.31098884280702066, -20.00000000000000355, 15.41602615938555410 ) ) ;
#7683 = DIRECTION ( 'NONE',  ( 3.083952846180989787E-16, 1.000000000000000000, -0.000000000000000000 ) ) ;
#7684 = DIRECTION ( 'NONE',  ( -0.000000000000000000, 1.000000000000000000, -0.000000000000000000 ) ) ;
#7685 = ADVANCED_FACE ( 'NONE', ( #1437 ), #4381, .T. ) ;
#7686 = DIRECTION ( 'NONE',  ( 0.000000000000000000, 0.000000000000000000, 1.000000000000000000 ) ) ;
#7687 = EDGE_CURVE ( 'NONE', #7954, #4469, #9012, .T. ) ;
#7688 = AXIS2_PLACEMENT_3D ( 'NONE', #3672, #6627, #5154 ) ;
#7689 = DIRECTION ( 'NONE',  ( -1.000000000000000000, 0.000000000000000000, 0.000000000000000000 ) ) ;
#7690 = VERTEX_POINT ( 'NONE', #2271 ) ;
#7691 = DIRECTION ( 'NONE',  ( 0.000000000000000000, 0.000000000000000000, -1.000000000000000000 ) ) ;
#7692 = ORIENTED_EDGE ( 'NONE', *, *, #125, .T. ) ;
#7693 = DIRECTION ( 'NONE',  ( 0.000000000000000000, 0.000000000000000000, 1.000000000000000000 ) ) ;
#7694 = AXIS2_PLACEMENT_3D ( 'NONE', #3645, #9150, #2028 ) ;
#7695 = CARTESIAN_POINT ( 'NONE',  ( 41.56747469408971085, 8.898859918112659528, 19.78281379644938198 ) ) ;
#7696 = CC_DESIGN_APPROVAL ( #1573, ( #6068 ) ) ;
#7697 = CARTESIAN_POINT ( 'NONE',  ( -1.175593291477163405, -5.157615897670662086, 10.24550555293150289 ) ) ;
#7698 = VERTEX_POINT ( 'NONE', #2423 ) ;
#7699 = CARTESIAN_POINT ( 'NONE',  ( 33.93889517781273923, 17.11288907420656713, 16.93893968531582672 ) ) ;
#7700 = CARTESIAN_POINT ( 'NONE',  ( 34.36931771216878673, 25.00000000000002487, 6.755772121541200548 ) ) ;
#7701 = AXIS2_PLACEMENT_3D ( 'NONE', #7255, #5869, #1457 ) ;
#7702 = CARTESIAN_POINT ( 'NONE',  ( 38.00000000000000000, 0.000000000000000000, 0.000000000000000000 ) ) ;
#7703 = APPROVAL_ROLE ( '' ) ;
#7704 = CARTESIAN_POINT ( 'NONE',  ( 2.221576701792559394, -42.44553049146482948, 10.23737463914860690 ) ) ;
#7705 = APPROVAL ( #4549, 'UNKNOWN' ) ;
#7706 = PERSON_AND_ORGANIZATION ( #6823, #5285 ) ;
#7707 = CARTESIAN_POINT ( 'NONE',  ( 13.79193453615516773, 35.41385944236919414, 44.79188367661075176 ) ) ;
#7708 = LOCAL_TIME ( 2, 39, 17.00000000000000000, #1650 ) ;
#7709 = CIRCLE ( 'NONE', #7318, 5.918580100757921514 ) ;
#7710 = CARTESIAN_POINT ( 'NONE',  ( 21.60410554121419580, -31.26148244498366680, 20.70316963070205318 ) ) ;
#7711 = ORIENTED_EDGE ( 'NONE', *, *, #341, .T. ) ;
#7712 = DIRECTION ( 'NONE',  ( 1.000000000000000000, 0.000000000000000000, 0.000000000000000000 ) ) ;
#7713 = DIRECTION ( 'NONE',  ( -0.000000000000000000, -0.000000000000000000, 1.000000000000000000 ) ) ;
#7714 = LOCAL_TIME ( 2, 39, 17.00000000000000000, #3115 ) ;
#7715 = EDGE_CURVE ( 'NONE', #4876, #1618, #3919, .T. ) ;
#7716 = PRODUCT_DEFINITION_SHAPE ( 'NONE', 'NONE',  #3999 ) ;
#7717 = PERSON_AND_ORGANIZATION_ROLE ( 'design_supplier' ) ;
#7718 = CARTESIAN_POINT ( 'NONE',  ( 17.50000000000000000, 2.143131898507868248E-15, 20.00000000000000000 ) ) ;
#7719 = CARTESIAN_POINT ( 'NONE',  ( 8.498094602068491099, 41.64467051503412165, 12.38156477782373877 ) ) ;
#7720 = ORIENTED_EDGE ( 'NONE', *, *, #8673, .T. ) ;
#7721 = CYLINDRICAL_SURFACE ( 'NONE', #1392, 79.99999999999998579 ) ;
#7722 = ORIENTED_EDGE ( 'NONE', *, *, #1269, .F. ) ;
#7723 = DIRECTION ( 'NONE',  ( 0.000000000000000000, 0.000000000000000000, 1.000000000000000000 ) ) ;
#7724 = EDGE_CURVE ( 'NONE', #2618, #6515, #1833, .T. ) ;
#7725 = PERSON_AND_ORGANIZATION ( #2940, #5543 ) ;
#7726 =( REPRESENTATION_RELATIONSHIP ('NONE','NONE', #1222, #3210 ) REPRESENTATION_RELATIONSHIP_WITH_TRANSFORMATION ( #4622 )SHAPE_REPRESENTATION_RELATIONSHIP( ) );
#7727 = SECURITY_CLASSIFICATION_LEVEL ( 'unclassified' ) ;
#7728 = DIRECTION ( 'NONE',  ( -0.000000000000000000, 1.000000000000000000, -0.000000000000000000 ) ) ;
#7729 = ORIENTED_EDGE ( 'NONE', *, *, #5292, .F. ) ;
#7730 = CARTESIAN_POINT ( 'NONE',  ( -63.46176972075341638, 48.70938086149381974, -213.0000000000000000 ) ) ;
#7731 = DIRECTION ( 'NONE',  ( 1.000000000000000000, 6.938893903907228378E-15, 0.000000000000000000 ) ) ;
#7732 = EDGE_LOOP ( 'NONE', ( #8713, #7060, #7536, #1017, #9048, #7979, #2970, #590 ) ) ;
#7733 = DIRECTION ( 'NONE',  ( -0.000000000000000000, -0.000000000000000000, 1.000000000000000000 ) ) ;
#7734 = VERTEX_POINT ( 'NONE', #3106 ) ;
#7735 = LINE ( 'NONE', #4122, #215 ) ;
#7736 = CARTESIAN_POINT ( 'NONE',  ( -47.79006334927986188, -67.49197648486170920, 7.500000000000000000 ) ) ;
#7737 = ADVANCED_FACE ( 'NONE', ( #2379 ), #4582, .T. ) ;
#7738 = CARTESIAN_POINT ( 'NONE',  ( 17.74165276875810804, 33.32482095963141688, 8.999999999999998224 ) ) ;
#7739 = ADVANCED_FACE ( 'NONE', ( #51 ), #8199, .F. ) ;
#7740 = CARTESIAN_POINT ( 'NONE',  ( 0.000000000000000000, 0.000000000000000000, 78.29999999999999716 ) ) ;
#7741 = ORIENTED_EDGE ( 'NONE', *, *, #6328, .F. ) ;
#7742 = CARTESIAN_POINT ( 'NONE',  ( 33.15305636553757296, 18.58963237883276420, 16.20249016383077745 ) ) ;
#7743 = CARTESIAN_POINT ( 'NONE',  ( 8.000000000000000000, 145.5999999999999943, -4.999999999999999112 ) ) ;
#7744 = CARTESIAN_POINT ( 'NONE',  ( 0.000000000000000000, 0.000000000000000000, 66.69999999999998863 ) ) ;
#7745 = CARTESIAN_POINT ( 'NONE',  ( 0.000000000000000000, 0.000000000000000000, 85.00000000000000000 ) ) ;
#7746 = ORIENTED_EDGE ( 'NONE', *, *, #9300, .T. ) ;
#7747 = COORDINATED_UNIVERSAL_TIME_OFFSET ( 5, 30, .AHEAD. ) ;
#7748 = CC_DESIGN_DATE_AND_TIME_ASSIGNMENT ( #7137, #3513, ( #7997 ) ) ;
#7749 = CYLINDRICAL_SURFACE ( 'NONE', #7938, 5.869645329989859661 ) ;
#7750 = EDGE_LOOP ( 'NONE', ( #8941, #3650, #279, #5179 ) ) ;
#7751 = DIRECTION ( 'NONE',  ( -0.2840153447039203138, 0.9588197348681938292, 0.000000000000000000 ) ) ;
#7752 = CARTESIAN_POINT ( 'NONE',  ( -38.00000000000000000, 0.000000000000000000, 0.000000000000000000 ) ) ;
#7753 = B_SPLINE_CURVE_WITH_KNOTS ( 'NONE', 3,
 ( #5512, #7032, #9271, #7786, #2732, #8559, #326, #7695, #4180, #4000, #1821, #4751, #8421, #1873, #1135, #4088 ),
 .UNSPECIFIED., .F., .F.,
 ( 4, 2, 2, 2, 2, 2, 2, 4 ),
 ( 0.02844308035040464186, 0.03383906219529424220, 0.03518805765651664141, 0.03653705311773904063, 0.03923504404018383906, 0.04463102588507343593, 0.04732901680751823437, 0.05002700772996303280 ),
 .UNSPECIFIED. ) ;
#7754 = COORDINATED_UNIVERSAL_TIME_OFFSET ( 5, 30, .AHEAD. ) ;
#7755 = AXIS2_PLACEMENT_3D ( 'NONE', #264, #6159, #2214 ) ;
#7756 = CARTESIAN_POINT ( 'NONE',  ( -15.38757631200695464, -39.61722732799335489, 19.99015809704387792 ) ) ;
#7757 = APPLICATION_CONTEXT ( 'configuration controlled 3d designs of mechanical parts and assemblies' ) ;
#7758 = EDGE_CURVE ( 'NONE', #2594, #7734, #5626, .T. ) ;
#7759 = EDGE_LOOP ( 'NONE', ( #9294, #9368 ) ) ;
#7760 = DIRECTION ( 'NONE',  ( 1.000000000000000000, 0.000000000000000000, 0.000000000000000000 ) ) ;
#7761 = AXIS2_PLACEMENT_3D ( 'NONE', #3680, #2044, #6578 ) ;
#7762 = TOROIDAL_SURFACE ( 'NONE', #8691, 5.999999999999983125, 2.000000000000000000 ) ;
#7763 = ORIENTED_EDGE ( 'NONE', *, *, #6915, .F. ) ;
#7764 = CARTESIAN_POINT ( 'NONE',  ( 39.88091939373824601, -14.71342375406486269, 17.98055153849071885 ) ) ;
#7765 = CARTESIAN_POINT ( 'NONE',  ( -72.06617275178625448, -6.770804553812070026, 10.25000000000003020 ) ) ;
#7766 = CALENDAR_DATE ( 2026, 3, 10 ) ;
#7767 = CALENDAR_DATE ( 2026, 3, 10 ) ;
#7768 = CARTESIAN_POINT ( 'NONE',  ( 8.000000000000000000, 145.5999999999999943, 4.999999999999999112 ) ) ;
#7769 = CIRCLE ( 'NONE', #766, 5.869645329989859661 ) ;
#7770 = DIRECTION ( 'NONE',  ( 0.000000000000000000, -1.000000000000000000, 0.000000000000000000 ) ) ;
#7771 = AXIS2_PLACEMENT_3D ( 'NONE', #6520, #5058, #675 ) ;
#7772 = DIRECTION ( 'NONE',  ( 0.2840153447039202583, 0.9588197348681938292, 0.000000000000000000 ) ) ;
#7773 = CIRCLE ( 'NONE', #4608, 2.000000000000000000 ) ;
#7774 = EDGE_CURVE ( 'NONE', #4852, #1668, #3978, .T. ) ;
#7775 = CARTESIAN_POINT ( 'NONE',  ( 36.00000000000000000, 2.513866563967056016E-13, 76.00000000000000000 ) ) ;
#7776 = AXIS2_PLACEMENT_3D ( 'NONE', #4664, #6122, #4748 ) ;
#7777 = VERTEX_POINT ( 'NONE', #5144 ) ;
#7778 = EDGE_LOOP ( 'NONE', ( #7475, #6204 ) ) ;
#7779 = CARTESIAN_POINT ( 'NONE',  ( 0.000000000000000000, 0.000000000000000000, -88.12499999999992895 ) ) ;
#7780 = VERTEX_POINT ( 'NONE', #3052 ) ;
#7781 = LINE ( 'NONE', #2781, #6645 ) ;
#7782 = CYLINDRICAL_SURFACE ( 'NONE', #6729, 5.000000000004757972 ) ;
#7783 = VECTOR ( 'NONE', #8962, 1000.000000000000000 ) ;
#7784 = AXIS2_PLACEMENT_3D ( 'NONE', #7986, #2697, #6262 ) ;
#7785 = VECTOR ( 'NONE', #446, 1000.000000000000000 ) ;
#7786 = CARTESIAN_POINT ( 'NONE',  ( 42.10308172515191671, 5.812181824457128165, 20.35303309527976268 ) ) ;
#7787 = CIRCLE ( 'NONE', #5796, 22.49999999999999645 ) ;
#7788 = ADVANCED_FACE ( 'NONE', ( #8874 ), #6229, .F. ) ;
#7789 = CIRCLE ( 'NONE', #3691, 36.00000000000000000 ) ;
#7790 = FACE_OUTER_BOUND ( 'NONE', #52, .T. ) ;
#7791 = VERTEX_POINT ( 'NONE', #7484 ) ;
#7792 = CARTESIAN_POINT ( 'NONE',  ( 36.93440333095349359, 8.980816572381094431, 19.76406521326197208 ) ) ;
#7793 = LINE ( 'NONE', #3277, #8556 ) ;
#7794 = EDGE_LOOP ( 'NONE', ( #7087, #5910 ) ) ;
#7795 = DIRECTION ( 'NONE',  ( 0.000000000000000000, 0.000000000000000000, -1.000000000000000000 ) ) ;
#7796 = CARTESIAN_POINT ( 'NONE',  ( -34.89292859012119408, -24.26406658245677406, 10.52749002328275196 ) ) ;
#7797 = EDGE_LOOP ( 'NONE', ( #5404, #7651, #5763, #3030 ) ) ;
#7798 = APPROVAL_STATUS ( 'not_yet_approved' ) ;
#7799 = AXIS2_PLACEMENT_3D ( 'NONE', #2665, #566, #4287 ) ;
#7800 = LOCAL_TIME ( 2, 39, 17.00000000000000000, #8496 ) ;
#7801 = VECTOR ( 'NONE', #7648, 1000.000000000000000 ) ;
#7802 = CARTESIAN_POINT ( 'NONE',  ( 0.000000000000000000, 0.000000000000000000, 80.00000000000000000 ) ) ;
#7803 = EDGE_CURVE ( 'NONE', #6726, #7516, #149, .T. ) ;
#7804 = CARTESIAN_POINT ( 'NONE',  ( 0.000000000000000000, 0.000000000000000000, -53.00000000000000000 ) ) ;
#7805 = CARTESIAN_POINT ( 'NONE',  ( 22.30791728154981612, -30.76305890670600007, 30.02957210047884118 ) ) ;
#7806 = VERTEX_POINT ( 'NONE', #915 ) ;
#7807 = FACE_OUTER_BOUND ( 'NONE', #6987, .T. ) ;
#7808 = AXIS2_PLACEMENT_3D ( 'NONE', #7202, #5011, #3485 ) ;
#7809 = DIRECTION ( 'NONE',  ( 0.000000000000000000, 0.000000000000000000, -1.000000000000000000 ) ) ;
#7810 = COORDINATED_UNIVERSAL_TIME_OFFSET ( 5, 30, .AHEAD. ) ;
#7811 = CARTESIAN_POINT ( 'NONE',  ( -15.15054929726336930, -39.70880177734349559, 34.50845306564222881 ) ) ;
#7812 = CC_DESIGN_SECURITY_CLASSIFICATION ( #6592, ( #9485 ) ) ;
#7813 = FACE_BOUND ( 'NONE', #7130, .T. ) ;
#7814 = AXIS2_PLACEMENT_3D ( 'NONE', #2101, #5022, #5074 ) ;
#7815 = B_SPLINE_CURVE_WITH_KNOTS ( 'NONE', 3,
 ( #3533, #67, #4448, #1500 ),
 .UNSPECIFIED., .F., .F.,
 ( 4, 4 ),
 ( 0.000000000000000000, 1.000000000000000000 ),
 .UNSPECIFIED. ) ;
#7816 = EDGE_LOOP ( 'NONE', ( #7463, #9336, #7050, #919 ) ) ;
#7817 = CARTESIAN_POINT ( 'NONE',  ( -10.11807185495150208, -36.65507576010494972, 47.15124481764725317 ) ) ;
#7818 = ORIENTED_EDGE ( 'NONE', *, *, #1722, .F. ) ;
#7819 = CARTESIAN_POINT ( 'NONE',  ( -36.76294694533463314, 0.2777589635784699640, -7.500000000000000000 ) ) ;
#7820 = CARTESIAN_POINT ( 'NONE',  ( 37.50000000000001421, -19.99999999999999645, 15.41602615938555410 ) ) ;
#7821 = APPLICATION_PROTOCOL_DEFINITION ( 'international standard', 'config_control_design', 1994, #683 ) ;
#7822 = AXIS2_PLACEMENT_3D ( 'NONE', #4545, #4341, #3823 ) ;
#7823 = APPROVAL ( #7890, 'UNKNOWN' ) ;
#7824 = PERSON_AND_ORGANIZATION ( #2367, #3453 ) ;
#7825 = EDGE_CURVE ( 'NONE', #8621, #2430, #4422, .T. ) ;
#7826 = CARTESIAN_POINT ( 'NONE',  ( 35.99999999999968736, 44.00000000000024869, 0.000000000000000000 ) ) ;
#7827 = DIRECTION ( 'NONE',  ( 0.000000000000000000, 0.000000000000000000, -1.000000000000000000 ) ) ;
#7828 = DIRECTION ( 'NONE',  ( 0.000000000000000000, 0.000000000000000000, 1.000000000000000000 ) ) ;
#7829 = CARTESIAN_POINT ( 'NONE',  ( 0.000000000000000000, 0.000000000000000000, 55.09999999999999432 ) ) ;
#7830 = ORIENTED_EDGE ( 'NONE', *, *, #6361, .F. ) ;
#7831 = CARTESIAN_POINT ( 'NONE',  ( -19.89974874213239531, 30.00000000000000000, 19.00000000000000000 ) ) ;
#7832 = ORIENTED_EDGE ( 'NONE', *, *, #9102, .T. ) ;
#7833 = DIRECTION ( 'NONE',  ( 0.000000000000000000, 0.000000000000000000, 1.000000000000000000 ) ) ;
#7834 = DIRECTION ( 'NONE',  ( -1.000000000000000000, 0.000000000000000000, 0.000000000000000000 ) ) ;
#7835 = EDGE_CURVE ( 'NONE', #4249, #8642, #4538, .T. ) ;
#7836 = FACE_OUTER_BOUND ( 'NONE', #7279, .T. ) ;
#7837 = VERTEX_POINT ( 'NONE', #3870 ) ;
#7838 = DIRECTION ( 'NONE',  ( -0.000000000000000000, 1.000000000000000000, -0.000000000000000000 ) ) ;
#7839 = DIRECTION ( 'NONE',  ( -1.000000000000000000, 0.000000000000000000, 0.000000000000000000 ) ) ;
#7840 = VERTEX_POINT ( 'NONE', #1594 ) ;
#7841 = CARTESIAN_POINT ( 'NONE',  ( -17.72660153117763926, 33.61201568122404382, -9.000000000000000000 ) ) ;
#7842 = CARTESIAN_POINT ( 'NONE',  ( -36.76294694533463314, 0.2777589635784699640, 7.500000000000000000 ) ) ;
#7843 = EDGE_LOOP ( 'NONE', ( #2798, #6386, #2123, #8222 ) ) ;
#7844 = EDGE_CURVE ( 'NONE', #2219, #4482, #8770, .T. ) ;
#7845 = CALENDAR_DATE ( 2026, 3, 10 ) ;
#7846 = APPROVAL_PERSON_ORGANIZATION ( #8871, #1573, #3562 ) ;
#7847 = CARTESIAN_POINT ( 'NONE',  ( 20.13734692861327247, 32.22812713828111697, 16.93678553345535676 ) ) ;
#7848 = FACE_OUTER_BOUND ( 'NONE', #7156, .T. ) ;
#7849 = CARTESIAN_POINT ( 'NONE',  ( 0.000000000000000000, 0.000000000000000000, -113.9999999999999858 ) ) ;
#7850 = EDGE_LOOP ( 'NONE', ( #3990, #171, #8195, #2737 ) ) ;
#7851 = DIRECTION ( 'NONE',  ( -1.000000000000000000, 0.000000000000000000, 0.000000000000000000 ) ) ;
#7852 = CARTESIAN_POINT ( 'NONE',  ( 27.00000000000000000, -44.00000000000000000, -213.0000000000000000 ) ) ;
#7853 = EDGE_CURVE ( 'NONE', #4872, #1385, #7439, .T. ) ;
#7854 = PERSON_AND_ORGANIZATION ( #2940, #5543 ) ;
#7855 = AXIS2_PLACEMENT_3D ( 'NONE', #9052, #1128, #232 ) ;
#7856 = ADVANCED_FACE ( 'NONE', ( #1690, #8043 ), #6047, .F. ) ;
#7857 = CC_DESIGN_SECURITY_CLASSIFICATION ( #5580, ( #9471 ) ) ;
#7858 = CARTESIAN_POINT ( 'NONE',  ( -16.87242693863596799, -39.00736999831325846, 25.88271547928379235 ) ) ;
#7859 = CARTESIAN_POINT ( 'NONE',  ( 0.000000000000000000, 0.000000000000000000, 15.00000000000000000 ) ) ;
#7860 = ORIENTED_EDGE ( 'NONE', *, *, #5837, .F. ) ;
#7861 = FACE_BOUND ( 'NONE', #8048, .T. ) ;
#7862 = AXIS2_PLACEMENT_3D ( 'NONE', #7849, #1289, #4333 ) ;
#7863 = CARTESIAN_POINT ( 'NONE',  ( 33.89087296525136850, -38.89087296526177084, -266.0000000000000000 ) ) ;
#7864 = EDGE_LOOP ( 'NONE', ( #8143, #6698 ) ) ;
#7865 = CARTESIAN_POINT ( 'NONE',  ( 42.26054767080084673, -4.527923178191934461, 20.52050203214896484 ) ) ;
#7866 = CARTESIAN_POINT ( 'NONE',  ( -72.59043782412541645, -3.242323783273226123, 10.23445650779448712 ) ) ;
#7867 = PERSON_AND_ORGANIZATION_ROLE ( 'classification_officer' ) ;
#7868 = CARTESIAN_POINT ( 'NONE',  ( -38.89087296526409432, -38.89087296525845971, -266.0000000000000000 ) ) ;
#7869 = PLANE ( 'NONE',  #1229 ) ;
#7870 = CARTESIAN_POINT ( 'NONE',  ( -28.61817604250839153, -24.99999999999999289, 7.701505793815491607 ) ) ;
#7871 = ORIENTED_EDGE ( 'NONE', *, *, #5352, .F. ) ;
#7872 = EDGE_LOOP ( 'NONE', ( #4406, #8645, #2097, #1947 ) ) ;
#7873 = CC_DESIGN_PERSON_AND_ORGANIZATION_ASSIGNMENT ( #2488, #4726, ( #4066 ) ) ;
#7874 = ORIENTED_EDGE ( 'NONE', *, *, #8412, .F. ) ;
#7875 = ADVANCED_FACE ( 'NONE', ( #4431 ), #6274, .T. ) ;
#7876 = CARTESIAN_POINT ( 'NONE',  ( -0.9321937768414350067, -3.208964628987024614, -10.23426159016922732 ) ) ;
#7877 = EDGE_LOOP ( 'NONE', ( #535, #3352, #7493, #6288 ) ) ;
#7878 = DIRECTION ( 'NONE',  ( 0.000000000000000000, 0.000000000000000000, -1.000000000000000000 ) ) ;
#7879 = LINE ( 'NONE', #4264, #1069 ) ;
#7880 =( NAMED_UNIT ( * ) PLANE_ANGLE_UNIT ( ) SI_UNIT ( $, .RADIAN. ) );
#7881 = CARTESIAN_POINT ( 'NONE',  ( -1.520430608786994542, 38.00000000000001421, 4.499999999999992006 ) ) ;
#7882 = ORIENTED_EDGE ( 'NONE', *, *, #7582, .T. ) ;
#7883 = FACE_BOUND ( 'NONE', #6694, .T. ) ;
#7884 = ADVANCED_FACE ( 'NONE', ( #4767 ), #9145, .T. ) ;
#7885 = CARTESIAN_POINT ( 'NONE',  ( -1.030432304228876673E-14, 55.59999999999998010, -6.999999999999999112 ) ) ;
#7886 = ORIENTED_EDGE ( 'NONE', *, *, #1317, .F. ) ;
#7887 = DIRECTION ( 'NONE',  ( 0.000000000000000000, -1.000000000000000000, 0.000000000000000000 ) ) ;
#7888 = DIRECTION ( 'NONE',  ( 1.000000000000000000, 0.000000000000000000, 0.000000000000000000 ) ) ;
#7889 = ORIENTED_EDGE ( 'NONE', *, *, #2472, .T. ) ;
#7890 = APPROVAL_STATUS ( 'not_yet_approved' ) ;
#7891 = APPLICATION_CONTEXT ( 'configuration controlled 3d designs of mechanical parts and assemblies' ) ;
#7892 = DIRECTION ( 'NONE',  ( 1.000000000000000000, 1.776356839400250465E-15, 0.000000000000000000 ) ) ;
#7893 = DIRECTION ( 'NONE',  ( 1.000000000000000000, 0.000000000000000000, 0.000000000000000000 ) ) ;
#7894 = EDGE_CURVE ( 'NONE', #3591, #959, #6959, .T. ) ;
#7895 = LINE ( 'NONE', #2225, #6732 ) ;
#7896 = DIRECTION ( 'NONE',  ( 0.000000000000000000, 0.000000000000000000, 1.000000000000000000 ) ) ;
#7897 = DATE_AND_TIME ( #5535, #4624 ) ;
#7898 = CARTESIAN_POINT ( 'NONE',  ( -9.868909365341197670, -41.34091523105750809, 40.73001651296169001 ) ) ;
#7899 = B_SPLINE_SURFACE_WITH_KNOTS ( 'NONE', 1, 3, ( 
 ( #1386, #658, #8093, #8666, #4485, #2118 ),
 ( #7384, #2889, #8040, #707, #4334, #6615 ) ),
 .UNSPECIFIED., .F., .F., .F.,
 ( 2, 2 ),
 ( 4, 2, 4 ),
 ( 0.000000000000000000, 1.000000000000000000 ),
 ( 0.000000000000000000, 0.003992780320483728558, 0.007985560640967457116 ),
 .UNSPECIFIED. ) ;
#7900 = EDGE_CURVE ( 'NONE', #8356, #3851, #3494, .T. ) ;
#7901 = EDGE_CURVE ( 'NONE', #2776, #4482, #8198, .T. ) ;
#7902 = ORIENTED_EDGE ( 'NONE', *, *, #8465, .T. ) ;
#7903 = DIRECTION ( 'NONE',  ( 0.000000000000000000, 0.000000000000000000, 1.000000000000000000 ) ) ;
#7904 = ORIENTED_EDGE ( 'NONE', *, *, #2287, .F. ) ;
#7905 = CARTESIAN_POINT ( 'NONE',  ( -3.072503578181957353E-13, 44.00000000000000000, 0.000000000000000000 ) ) ;
#7906 = CARTESIAN_POINT ( 'NONE',  ( 1.794007055847903986, -0.6736080320780646336, 7.479188832495784922 ) ) ;
#7907 = AXIS2_PLACEMENT_3D ( 'NONE', #3708, #5135, #5467 ) ;
#7908 = APPROVAL_ROLE ( '' ) ;
#7909 = APPROVAL_DATE_TIME ( #4918, #8236 ) ;
#7910 = DIRECTION ( 'NONE',  ( -0.000000000000000000, 1.000000000000000000, -0.000000000000000000 ) ) ;
#7911 = CARTESIAN_POINT ( 'NONE',  ( -28.61817604250839153, -25.00000000000000000, 0.000000000000000000 ) ) ;
#7912 = CARTESIAN_POINT ( 'NONE',  ( -34.36931771216878673, 25.00000000000002487, 89.99999999999998579 ) ) ;
#7913 = ORIENTED_EDGE ( 'NONE', *, *, #333, .T. ) ;
#7914 = EDGE_CURVE ( 'NONE', #826, #969, #1242, .T. ) ;
#7915 = AXIS2_PLACEMENT_3D ( 'NONE', #5465, #453, #6890 ) ;
#7916 = ORIENTED_EDGE ( 'NONE', *, *, #4828, .F. ) ;
#7917 = CARTESIAN_POINT ( 'NONE',  ( 45.07812899334808776, 13.35275013547133760, -113.9999999999999858 ) ) ;
#7918 = DIRECTION ( 'NONE',  ( 0.000000000000000000, 0.000000000000000000, 1.000000000000000000 ) ) ;
#7919 =( NAMED_UNIT ( * ) SI_UNIT ( $, .STERADIAN. ) SOLID_ANGLE_UNIT ( ) );
#7920 = VECTOR ( 'NONE', #5721, 1000.000000000000000 ) ;
#7921 = VECTOR ( 'NONE', #4311, 1000.000000000000000 ) ;
#7922 = CC_DESIGN_PERSON_AND_ORGANIZATION_ASSIGNMENT ( #2906, #2963, ( #1540 ) ) ;
#7923 = CIRCLE ( 'NONE', #4292, 42.50000000000000711 ) ;
#7924 = PERSON ( 'NAUO-PER22', 'UNSPECIFIED', 'UNSPECIFIED', ('UNSPECIFIED'), ('UNSPECIFIED'), ('UNSPECIFIED') ) ;
#7925 = CARTESIAN_POINT ( 'NONE',  ( -0.7629469453346304775, 0.2777589635784699640, 10.22250535117701276 ) ) ;
#7926 = ORIENTED_EDGE ( 'NONE', *, *, #6635, .T. ) ;
#7927 = CARTESIAN_POINT ( 'NONE',  ( 0.000000000000000000, 0.000000000000000000, 114.0000000000000000 ) ) ;
#7928 = CIRCLE ( 'NONE', #7019, 36.00000000000000000 ) ;
#7929 = CARTESIAN_POINT ( 'NONE',  ( 0.000000000000000000, 0.000000000000000000, 90.00000000000000000 ) ) ;
#7930 = ORIENTED_EDGE ( 'NONE', *, *, #2438, .F. ) ;
#7931 = CARTESIAN_POINT ( 'NONE',  ( 14.90000000000002345, 1.947188410644293352E-15, 80.00000000000000000 ) ) ;
#7932 = CARTESIAN_POINT ( 'NONE',  ( -34.36931771216880804, -25.00000000000000000, 7.687535800667411934 ) ) ;
#7933 = ORIENTED_EDGE ( 'NONE', *, *, #3356, .T. ) ;
#7934 = AXIS2_PLACEMENT_3D ( 'NONE', #2871, #8688, #2145 ) ;
#7935 = DATE_TIME_ROLE ( 'classification_date' ) ;
#7936 = CC_DESIGN_PERSON_AND_ORGANIZATION_ASSIGNMENT ( #1529, #8032, ( #8325 ) ) ;
#7937 = EDGE_CURVE ( 'NONE', #8754, #2634, #5033, .T. ) ;
#7938 = AXIS2_PLACEMENT_3D ( 'NONE', #4144, #7049, #4421 ) ;
#7939 = VECTOR ( 'NONE', #7838, 1000.000000000000000 ) ;
#7940 = DIRECTION ( 'NONE',  ( 1.000000000000000000, 0.000000000000000000, 0.000000000000000000 ) ) ;
#7941 = CARTESIAN_POINT ( 'NONE',  ( 63.46176972075376455, -48.70938086149337209, -113.9999999999999858 ) ) ;
#7942 = CARTESIAN_POINT ( 'NONE',  ( 17.50000000000007105, 2.143131898507876926E-15, 228.0000000000000000 ) ) ;
#7943 = LINE ( 'NONE', #614, #1200 ) ;
#7944 = VERTEX_POINT ( 'NONE', #480 ) ;
#7945 = FACE_OUTER_BOUND ( 'NONE', #263, .T. ) ;
#7946 = AXIS2_PLACEMENT_3D ( 'NONE', #817, #5898, #1590 ) ;
#7947 = LOCAL_TIME ( 2, 39, 17.00000000000000000, #3527 ) ;
#7948 = PERSON_AND_ORGANIZATION ( #2940, #5543 ) ;
#7949 = CIRCLE ( 'NONE', #3859, 5.000000000004832579 ) ;
#7950 = EDGE_CURVE ( 'NONE', #6584, #4118, #1493, .T. ) ;
#7951 = CARTESIAN_POINT ( 'NONE',  ( -14.34036568947887957, -40.00886022789284624, 35.95908991363096874 ) ) ;
#7952 = APPROVAL_PERSON_ORGANIZATION ( #5808, #9344, #673 ) ;
#7953 = AXIS2_PLACEMENT_3D ( 'NONE', #3173, #317, #8991 ) ;
#7954 = VERTEX_POINT ( 'NONE', #1964 ) ;
#7955 = CARTESIAN_POINT ( 'NONE',  ( -5.939992542135369646, -37.53982451484247918, 48.71453155795386181 ) ) ;
#7956 = EDGE_LOOP ( 'NONE', ( #1708, #1037, #5346, #3875 ) ) ;
#7957 = DIRECTION ( 'NONE',  ( -0.000000000000000000, 0.000000000000000000, 1.000000000000000000 ) ) ;
#7958 = CARTESIAN_POINT ( 'NONE',  ( 0.000000000000000000, -44.00000000000000000, -167.0000000000000000 ) ) ;
#7959 = COORDINATED_UNIVERSAL_TIME_OFFSET ( 5, 30, .AHEAD. ) ;
#7960 = CONTEXT_DEPENDENT_SHAPE_REPRESENTATION ( #7726, #8845 ) ;
#7961 = ADVANCED_FACE ( 'NONE', ( #8523 ), #4993, .F. ) ;
#7962 = AXIS2_PLACEMENT_3D ( 'NONE', #3625, #6521, #6438 ) ;
#7963 = CARTESIAN_POINT ( 'NONE',  ( 25.00000000000000000, 3.061616997868383043E-15, 0.000000000000000000 ) ) ;
#7964 = DIRECTION ( 'NONE',  ( -1.000000000000000000, 0.000000000000000000, 0.000000000000000000 ) ) ;
#7965 = CARTESIAN_POINT ( 'NONE',  ( 35.99999999999999289, -44.00000000000000000, -167.0000000000000000 ) ) ;
#7966 = ORIENTED_EDGE ( 'NONE', *, *, #2924, .F. ) ;
#7967 = ORIENTED_EDGE ( 'NONE', *, *, #2352, .F. ) ;
#7968 = CARTESIAN_POINT ( 'NONE',  ( -0.9653204158664284718, -3.545485015705159615, -10.23623599496935022 ) ) ;
#7969 = VERTEX_POINT ( 'NONE', #2800 ) ;
#7970 = CARTESIAN_POINT ( 'NONE',  ( -16.89999999999999858, 201.1999999999999886, 19.00000000000000000 ) ) ;
#7971 = CARTESIAN_POINT ( 'NONE',  ( -23.32380757938120297, 30.00000000000000000, 8.999999999999998224 ) ) ;
#7972 = CARTESIAN_POINT ( 'NONE',  ( 825.9174415061797845, -362.6392593705336367, 120.8219632337984137 ) ) ;
#7973 = EDGE_CURVE ( 'NONE', #3638, #9267, #3421, .T. ) ;
#7974 = ADVANCED_FACE ( 'NONE', ( #7222 ), #7146, .T. ) ;
#7975 = CARTESIAN_POINT ( 'NONE',  ( -10.32000559768892956, 41.23032306297392324, 40.39437252295864056 ) ) ;
#7976 = DIRECTION ( 'NONE',  ( -0.000000000000000000, 0.000000000000000000, 1.000000000000000000 ) ) ;
#7977 = EDGE_LOOP ( 'NONE', ( #3358, #5459, #7083, #200 ) ) ;
#7978 = DIRECTION ( 'NONE',  ( 0.000000000000000000, 1.000000000000000000, -0.000000000000000000 ) ) ;
#7979 = ORIENTED_EDGE ( 'NONE', *, *, #7153, .T. ) ;
#7980 = DIRECTION ( 'NONE',  ( -3.083952846180989787E-16, -1.000000000000000000, 0.000000000000000000 ) ) ;
#7981 = DIRECTION ( 'NONE',  ( -0.000000000000000000, -0.000000000000000000, 1.000000000000000000 ) ) ;
#7982 = ORIENTED_EDGE ( 'NONE', *, *, #3735, .T. ) ;
#7983 = DATE_AND_TIME ( #2882, #831 ) ;
#7984 = CARTESIAN_POINT ( 'NONE',  ( 13.18757671168875589, 35.64392621591133548, 8.755593692554835883 ) ) ;
#7985 = DIRECTION ( 'NONE',  ( 1.000000000000000000, 0.000000000000000000, 0.000000000000000000 ) ) ;
#7986 = CARTESIAN_POINT ( 'NONE',  ( 0.000000000000000000, 0.000000000000000000, 55.09999999999999432 ) ) ;
#7987 = CARTESIAN_POINT ( 'NONE',  ( -45.07812899334826540, 13.35275013547070877, -113.9999999999999858 ) ) ;
#7988 = AXIS2_PLACEMENT_3D ( 'NONE', #1792, #1605, #8347 ) ;
#7989 = ORIENTED_EDGE ( 'NONE', *, *, #8380, .F. ) ;
#7990 = ORIENTED_EDGE ( 'NONE', *, *, #8284, .T. ) ;
#7991 = DIRECTION ( 'NONE',  ( -0.2840153447039135415, -0.9588197348681957166, -0.000000000000000000 ) ) ;
#7992 = CC_DESIGN_PERSON_AND_ORGANIZATION_ASSIGNMENT ( #8431, #284, ( #4021 ) ) ;
#7993 = EDGE_CURVE ( 'NONE', #6105, #3613, #6863, .T. ) ;
#7994 = APPROVAL_DATE_TIME ( #4336, #9063 ) ;
#7995 = CIRCLE ( 'NONE', #3910, 79.99999999999998579 ) ;
#7996 = DIRECTION ( 'NONE',  ( -1.000000000000000000, 0.000000000000000000, 0.000000000000000000 ) ) ;
#7997 = SECURITY_CLASSIFICATION ( '', '', #9250 ) ;
#7998 = PLANE ( 'NONE',  #5386 ) ;
#7999 = EDGE_LOOP ( 'NONE', ( #3341, #8674, #7094, #8577 ) ) ;
#8000 = ADVANCED_FACE ( 'NONE', ( #4281 ), #5782, .T. ) ;
#8001 = CARTESIAN_POINT ( 'NONE',  ( 15.80832956670130685, -39.45121606242695833, 33.00071712427719461 ) ) ;
#8002 = AXIS2_PLACEMENT_3D ( 'NONE', #2050, #7878, #4263 ) ;
#8003 = ORIENTED_EDGE ( 'NONE', *, *, #1228, .T. ) ;
#8004 = CARTESIAN_POINT ( 'NONE',  ( 36.00000000000000000, 2.513866563967056016E-13, -152.0000000000000000 ) ) ;
#8005 = CARTESIAN_POINT ( 'NONE',  ( -20.60869318846334863, 30.00000000000000355, -9.797456295090205103 ) ) ;
#8006 = CALENDAR_DATE ( 2026, 3, 10 ) ;
#8007 = CONTEXT_DEPENDENT_SHAPE_REPRESENTATION ( #9201, #4513 ) ;
#8008 = DIRECTION ( 'NONE',  ( 1.000000000000000000, 0.000000000000000000, 0.000000000000000000 ) ) ;
#8009 = CARTESIAN_POINT ( 'NONE',  ( 0.000000000000000000, 0.000000000000000000, 19.00000000000000000 ) ) ;
#8010 = LINE ( 'NONE', #6439, #8086 ) ;
#8011 = CC_DESIGN_APPROVAL ( #6784, ( #661 ) ) ;
#8012 = ORIENTED_EDGE ( 'NONE', *, *, #7219, .F. ) ;
#8013 = CC_DESIGN_SECURITY_CLASSIFICATION ( #2693, ( #9470 ) ) ;
#8014 = ORIENTED_EDGE ( 'NONE', *, *, #4340, .T. ) ;
#8015 = UNCERTAINTY_MEASURE_WITH_UNIT (LENGTH_MEASURE( 1.000000000000000082E-05 ), #6168, 'distance_accuracy_value', 'NONE');
#8016 = ADVANCED_FACE ( 'NONE', ( #4526 ), #4479, .F. ) ;
#8017 = DIRECTION ( 'NONE',  ( -0.000000000000000000, -0.000000000000000000, -1.000000000000000000 ) ) ;
#8018 = ORIENTED_EDGE ( 'NONE', *, *, #5588, .F. ) ;
#8019 = PLANE ( 'NONE',  #7238 ) ;
#8020 = DIRECTION ( 'NONE',  ( 1.000000000000000000, -0.000000000000000000, -0.000000000000000000 ) ) ;
#8021 = CARTESIAN_POINT ( 'NONE',  ( -21.01556200751342374, 31.66167426846478605, 18.92950134813541041 ) ) ;
#8022 = VERTEX_POINT ( 'NONE', #1769 ) ;
#8023 = CARTESIAN_POINT ( 'NONE',  ( 23.32380757938120297, 30.00000000000000000, -8.999999999999998224 ) ) ;
#8024 = ADVANCED_FACE ( 'NONE', ( #9046 ), #5838, .F. ) ;
#8025 = DIRECTION ( 'NONE',  ( 0.000000000000000000, 0.000000000000000000, 1.000000000000000000 ) ) ;
#8026 = EDGE_CURVE ( 'NONE', #9212, #7293, #6379, .T. ) ;
#8027 = ORIENTED_EDGE ( 'NONE', *, *, #8968, .T. ) ;
#8028 = CYLINDRICAL_SURFACE ( 'NONE', #4439, 79.99999999999998579 ) ;
#8029 = CARTESIAN_POINT ( 'NONE',  ( -42.10308172515191671, -5.812181824457124613, 20.35303309527975202 ) ) ;
#8030 = VERTEX_POINT ( 'NONE', #992 ) ;
#8031 = DIRECTION ( 'NONE',  ( 0.000000000000000000, -0.000000000000000000, -1.000000000000000000 ) ) ;
#8032 = PERSON_AND_ORGANIZATION_ROLE ( 'classification_officer' ) ;
#8033 = APPLICATION_CONTEXT ( 'configuration controlled 3d designs of mechanical parts and assemblies' ) ;
#8034 = PLANE ( 'NONE',  #2116 ) ;
#8035 = FACE_OUTER_BOUND ( 'NONE', #2363, .T. ) ;
#8036 = DIRECTION ( 'NONE',  ( 0.000000000000000000, 0.000000000000000000, 1.000000000000000000 ) ) ;
#8037 = ORIENTED_EDGE ( 'NONE', *, *, #4861, .F. ) ;
#8038 = FACE_OUTER_BOUND ( 'NONE', #8515, .T. ) ;
#8039 = EDGE_LOOP ( 'NONE', ( #1202, #694, #2407, #6061 ) ) ;
#8040 = CARTESIAN_POINT ( 'NONE',  ( -72.72186423447413972, -1.841598818460938647, -10.22643602542691887 ) ) ;
#8041 = CALENDAR_DATE ( 2026, 3, 10 ) ;
#8042 = PERSON_AND_ORGANIZATION_ROLE ( 'design_owner' ) ;
#8043 = FACE_BOUND ( 'NONE', #3749, .T. ) ;
#8044 = APPROVAL ( #8253, 'UNSPECIFIED' ) ;
#8045 = ORIENTED_EDGE ( 'NONE', *, *, #8310, .T. ) ;
#8046 = FACE_OUTER_BOUND ( 'NONE', #9312, .T. ) ;
#8047 = ORIENTED_EDGE ( 'NONE', *, *, #2008, .F. ) ;
#8048 = EDGE_LOOP ( 'NONE', ( #8788, #5727 ) ) ;
#8049 = DIRECTION ( 'NONE',  ( -1.000000000000000000, -6.982962677686266711E-15, -0.000000000000000000 ) ) ;
#8050 = CARTESIAN_POINT ( 'NONE',  ( 13.40365710441198388, -40.33268062468608406, 37.30781688585598488 ) ) ;
#8051 = VERTEX_POINT ( 'NONE', #6661 ) ;
#8052 = FACE_OUTER_BOUND ( 'NONE', #9162, .T. ) ;
#8053 = CARTESIAN_POINT ( 'NONE',  ( -20.91094112379289882, 29.99999999999999645, -9.597105262525365887 ) ) ;
#8054 = COORDINATED_UNIVERSAL_TIME_OFFSET ( 5, 30, .AHEAD. ) ;
#8055 = PERSON_AND_ORGANIZATION ( #2007, #2072 ) ;
#8056 = CARTESIAN_POINT ( 'NONE',  ( 35.20756586982619041, -23.80649930252111801, 11.51340748400043168 ) ) ;
#8057 = EDGE_CURVE ( 'NONE', #2388, #5801, #1331, .T. ) ;
#8058 = CYLINDRICAL_SURFACE ( 'NONE', #3873, 5.918580100757921514 ) ;
#8059 = CARTESIAN_POINT ( 'NONE',  ( -28.73430167230766585, -24.86864122103964903, 8.614342402022787226 ) ) ;
#8060 = ORIENTED_EDGE ( 'NONE', *, *, #6501, .F. ) ;
#8061 = EDGE_LOOP ( 'NONE', ( #1253, #268, #1506, #887, #7169, #2935, #5850 ) ) ;
#8062 = FACE_OUTER_BOUND ( 'NONE', #5016, .T. ) ;
#8063 = VERTEX_POINT ( 'NONE', #8758 ) ;
#8064 = CARTESIAN_POINT ( 'NONE',  ( -45.07812899334817303, -13.35275013547102319, 175.0000000000000000 ) ) ;
#8065 = FACE_OUTER_BOUND ( 'NONE', #3702, .T. ) ;
#8066 = DIRECTION ( 'NONE',  ( 1.000000000000000000, -1.110223024625156540E-16, 0.000000000000000000 ) ) ;
#8067 = PRODUCT_DEFINITION_SHAPE ( 'NONE', 'NONE',  #9473 ) ;
#8068 = B_SPLINE_CURVE_WITH_KNOTS ( 'NONE', 3,
 ( #2194, #5116, #5166, #2248, #9450, #2974, #1507, #2144, #6641, #8841 ),
 .UNSPECIFIED., .F., .F.,
 ( 4, 2, 2, 2, 4 ),
 ( 0.000000000000000000, 0.2499999999999998335, 0.3749999999999998335, 0.4999999999999998890, 1.000000000000000000 ),
 .UNSPECIFIED. ) ;
#8069 = CARTESIAN_POINT ( 'NONE',  ( -16.46026508861526239, 39.18320884893267930, 30.87047806142498274 ) ) ;
#8070 = EDGE_CURVE ( 'NONE', #7306, #3121, #8320, .T. ) ;
#8071 = ORIENTED_EDGE ( 'NONE', *, *, #4248, .F. ) ;
#8072 = CIRCLE ( 'NONE', #1658, 2.000000000000000000 ) ;
#8073 = CARTESIAN_POINT ( 'NONE',  ( -9.432147411569927087, 36.81739494845496097, 6.559186370234564301 ) ) ;
#8074 = ORIENTED_EDGE ( 'NONE', *, *, #7232, .T. ) ;
#8075 = CARTESIAN_POINT ( 'NONE',  ( 20.10502122021157945, 29.99999999999999289, -10.31400335607015961 ) ) ;
#8076 = CYLINDRICAL_SURFACE ( 'NONE', #2744, 79.99999999999998579 ) ;
#8077 = ORIENTED_EDGE ( 'NONE', *, *, #7715, .F. ) ;
#8078 = CARTESIAN_POINT ( 'NONE',  ( 1.237053054665496754, 0.2777589635784699640, -5.000000000000270894 ) ) ;
#8079 = CARTESIAN_POINT ( 'NONE',  ( -40.19019662730593723, -13.92347567499154160, 18.31245404607234306 ) ) ;
#8080 = ORIENTED_EDGE ( 'NONE', *, *, #1892, .T. ) ;
#8081 = AXIS2_PLACEMENT_3D ( 'NONE', #8993, #851, #3799 ) ;
#8082 = CYLINDRICAL_SURFACE ( 'NONE', #7561, 39.50000000000000000 ) ;
#8083 = DATE_AND_TIME ( #8705, #6176 ) ;
#8084 = EDGE_CURVE ( 'NONE', #4892, #4249, #2590, .T. ) ;
#8085 = DIRECTION ( 'NONE',  ( 0.000000000000000000, 0.000000000000000000, 1.000000000000000000 ) ) ;
#8086 = VECTOR ( 'NONE', #724, 1000.000000000000000 ) ;
#8087 = VECTOR ( 'NONE', #8392, 1000.000000000000000 ) ;
#8088 = AXIS2_PLACEMENT_3D ( 'NONE', #6687, #116, #4556 ) ;
#8089 = LINE ( 'NONE', #8191, #5662 ) ;
#8090 = VERTEX_POINT ( 'NONE', #4416 ) ;
#8091 = PLANE ( 'NONE',  #1840 ) ;
#8092 = AXIS2_PLACEMENT_3D ( 'NONE', #7654, #7693, #9132 ) ;
#8093 = CARTESIAN_POINT ( 'NONE',  ( -75.27937062287385572, -2.003494210298041089, -7.482758067407738523 ) ) ;
#8094 = AXIS2_PLACEMENT_3D ( 'NONE', #2698, #6308, #4800 ) ;
#8095 = PERSON_AND_ORGANIZATION_ROLE ( 'creator' ) ;
#8096 = AXIS2_PLACEMENT_3D ( 'NONE', #9159, #2441, #6233 ) ;
#8097 = EDGE_CURVE ( 'NONE', #731, #54, #5020, .T. ) ;
#8098 = EDGE_CURVE ( 'NONE', #1456, #4351, #8072, .T. ) ;
#8099 = AXIS2_PLACEMENT_3D ( 'NONE', #6642, #75, #120 ) ;
#8100 = DIRECTION ( 'NONE',  ( -1.000000000000000000, 0.000000000000000000, 0.000000000000000000 ) ) ;
#8101 = CARTESIAN_POINT ( 'NONE',  ( -45.07812899334817303, -13.35275013547102319, 114.0000000000000000 ) ) ;
#8102 = VECTOR ( 'NONE', #5253, 1000.000000000000000 ) ;
#8103 = ORIENTED_EDGE ( 'NONE', *, *, #4087, .F. ) ;
#8104 = CARTESIAN_POINT ( 'NONE',  ( 12.70367266828691299, -40.55862494703533372, 15.84067190142746462 ) ) ;
#8105 = AXIS2_PLACEMENT_3D ( 'NONE', #470, #5515, #9096 ) ;
#8106 = VERTEX_POINT ( 'NONE', #7270 ) ;
#8107 = FACE_OUTER_BOUND ( 'NONE', #3089, .T. ) ;
#8108 = PLANE ( 'NONE',  #8254 ) ;
#8109 = PERSON_AND_ORGANIZATION ( #2940, #5543 ) ;
#8110 = DATE_AND_TIME ( #5208, #68 ) ;
#8111 = DIRECTION ( 'NONE',  ( -0.000000000000000000, 0.000000000000000000, 1.000000000000000000 ) ) ;
#8112 = CARTESIAN_POINT ( 'NONE',  ( 6.000000000000000000, 145.5999999999999943, -4.999999999999999112 ) ) ;
#8113 = CC_DESIGN_APPROVAL ( #5953, ( #1685 ) ) ;
#8114 = DIRECTION ( 'NONE',  ( -0.000000000000000000, -0.000000000000000000, -1.000000000000000000 ) ) ;
#8115 = AXIS2_PLACEMENT_3D ( 'NONE', #5798, #1440, #4384 ) ;
#8116 = ORIENTED_EDGE ( 'NONE', *, *, #7973, .T. ) ;
#8117 = PLANE ( 'NONE',  #5045 ) ;
#8118 = ORIENTED_EDGE ( 'NONE', *, *, #9252, .F. ) ;
#8119 = CARTESIAN_POINT ( 'NONE',  ( -63.46176972075306821, -48.70938086149426027, 61.00000000000000000 ) ) ;
#8120 = APPROVAL_PERSON_ORGANIZATION ( #9139, #5765, #6218 ) ;
#8121 = CC_DESIGN_PERSON_AND_ORGANIZATION_ASSIGNMENT ( #5328, #1676, ( #2693 ) ) ;
#8122 = CARTESIAN_POINT ( 'NONE',  ( 0.000000000000000000, 0.000000000000000000, -19.00000000000000000 ) ) ;
#8123 = ADVANCED_FACE ( 'NONE', ( #7315, #758 ), #8034, .F. ) ;
#8124 = CARTESIAN_POINT ( 'NONE',  ( 777.1934995215975732, -408.8260987355093903, -31.17803676620103204 ) ) ;
#8125 = AXIS2_PLACEMENT_3D ( 'NONE', #3346, #8544, #9262 ) ;
#8126 = EDGE_LOOP ( 'NONE', ( #3271, #8908 ) ) ;
#8127 = VECTOR ( 'NONE', #1635, 1000.000000000000000 ) ;
#8128 = FACE_OUTER_BOUND ( 'NONE', #2875, .T. ) ;
#8129 = ORIENTED_EDGE ( 'NONE', *, *, #6704, .F. ) ;
#8130 = DIRECTION ( 'NONE',  ( -0.000000000000000000, 0.000000000000000000, 1.000000000000000000 ) ) ;
#8131 = ORIENTED_EDGE ( 'NONE', *, *, #4427, .F. ) ;
#8132 = CARTESIAN_POINT ( 'NONE',  ( -38.00000000000000000, 30.00000000000000000, 8.999999999999998224 ) ) ;
#8133 = CARTESIAN_POINT ( 'NONE',  ( -45.07812899334817303, -13.35275013547102319, -213.0000000000000000 ) ) ;
#8134 = EDGE_CURVE ( 'NONE', #2714, #7103, #1033, .T. ) ;
#8135 = ORIENTED_EDGE ( 'NONE', *, *, #488, .F. ) ;
#8136 = CYLINDRICAL_SURFACE ( 'NONE', #1271, 5.869645329989859661 ) ;
#8137 = APPROVAL_ROLE ( '' ) ;
#8138 = CYLINDRICAL_SURFACE ( 'NONE', #7301, 42.50000000000000711 ) ;
#8139 = DIRECTION ( 'NONE',  ( -0.000000000000000000, -0.000000000000000000, -1.000000000000000000 ) ) ;
#8140 = EDGE_LOOP ( 'NONE', ( #1577, #501, #7239, #984 ) ) ;
#8141 = PRODUCT_DEFINITION_SHAPE ( 'NONE', 'NONE',  #9484 ) ;
#8142 = DIRECTION ( 'NONE',  ( -1.000000000000000000, 0.000000000000000000, 0.000000000000000000 ) ) ;
#8143 = ORIENTED_EDGE ( 'NONE', *, *, #2899, .T. ) ;
#8144 = CARTESIAN_POINT ( 'NONE',  ( 1.753476732204626076, -2.003494210297855460, -7.482758067408007641 ) ) ;
#8145 = DATE_AND_TIME ( #1684, #369 ) ;
#8146 = EDGE_CURVE ( 'NONE', #2981, #7024, #1807, .T. ) ;
#8147 = DATE_AND_TIME ( #1592, #506 ) ;
#8148 = DIRECTION ( 'NONE',  ( -0.7071067811865474617, 0.000000000000000000, -0.7071067811865474617 ) ) ;
#8149 = ORIENTED_EDGE ( 'NONE', *, *, #9288, .T. ) ;
#8150 = FACE_OUTER_BOUND ( 'NONE', #9346, .T. ) ;
#8151 = ORIENTED_EDGE ( 'NONE', *, *, #9280, .T. ) ;
#8152 = CARTESIAN_POINT ( 'NONE',  ( 0.000000000000000000, 0.2777589635784699640, 7.500000000000000000 ) ) ;
#8153 = EDGE_CURVE ( 'NONE', #2648, #6474, #3348, .T. ) ;
#8154 = EDGE_CURVE ( 'NONE', #3992, #3984, #7376, .T. ) ;
#8155 = EDGE_LOOP ( 'NONE', ( #5053, #7720 ) ) ;
#8156 = CARTESIAN_POINT ( 'NONE',  ( 7.999999999999972466, 55.59999999999998010, 4.999999999999999112 ) ) ;
#8157 = PERSON_AND_ORGANIZATION_ROLE ( 'creator' ) ;
#8158 = VECTOR ( 'NONE', #6008, 1000.000000000000000 ) ;
#8159 = APPROVAL_STATUS ( 'not_yet_approved' ) ;
#8160 = DIRECTION ( 'NONE',  ( -0.000000000000000000, 0.000000000000000000, 1.000000000000000000 ) ) ;
#8161 = CC_DESIGN_SECURITY_CLASSIFICATION ( #2681, ( #9459 ) ) ;
#8162 = CARTESIAN_POINT ( 'NONE',  ( -75.03772026087874281, -5.106113535199704678, 7.495043744744435799 ) ) ;
#8163 = DIRECTION ( 'NONE',  ( -1.000000000000000000, 0.000000000000000000, 0.000000000000000000 ) ) ;
#8164 = ORIENTED_EDGE ( 'NONE', *, *, #4427, .T. ) ;
#8165 = TOROIDAL_SURFACE ( 'NONE', #8321, 38.00000000000000000, 2.000000000000000000 ) ;
#8166 = CARTESIAN_POINT ( 'NONE',  ( -1.152209249891646747, -5.001963798931035043, -10.24472895140772799 ) ) ;
#8167 = EDGE_LOOP ( 'NONE', ( #996, #9297, #8568, #3446 ) ) ;
#8168 = APPLICATION_CONTEXT ( 'configuration controlled 3d designs of mechanical parts and assemblies' ) ;
#8169 = CARTESIAN_POINT ( 'NONE',  ( -36.00000000000000000, 4.408728476930470856E-15, -266.0000000000000000 ) ) ;
#8170 = CARTESIAN_POINT ( 'NONE',  ( 0.000000000000000000, 0.000000000000000000, -152.0000000000000000 ) ) ;
#8171 = SECURITY_CLASSIFICATION ( '', '', #1831 ) ;
#8172 = CARTESIAN_POINT ( 'NONE',  ( 801.7887661775934021, -451.3879865937157660, -107.1780367661990994 ) ) ;
#8173 = VECTOR ( 'NONE', #4558, 1000.000000000000000 ) ;
#8174 = CARTESIAN_POINT ( 'NONE',  ( -0.5561062907166796077, 42.50000000000001421, 10.09999999999999787 ) ) ;
#8175 = ORGANIZATION ( 'NAUO-ORG21', 'UNSPECIFIED', 'UNSPECIFIED' ) ;
#8176 = EDGE_CURVE ( 'NONE', #9307, #1325, #4774, .T. ) ;
#8177 = ORIENTED_EDGE ( 'NONE', *, *, #4404, .T. ) ;
#8178 = APPROVAL ( #3674, 'UNSPECIFIED' ) ;
#8179 = CARTESIAN_POINT ( 'NONE',  ( -10.09652062748483026, 36.63575464938865167, 47.11085119660811671 ) ) ;
#8180 = EDGE_LOOP ( 'NONE', ( #551, #625 ) ) ;
#8181 = FACE_OUTER_BOUND ( 'NONE', #4566, .T. ) ;
#8182 = B_SPLINE_CURVE_WITH_KNOTS ( 'NONE', 3,
 ( #7540, #250, #9248, #8581, #698, #8485, #7269, #6322, #431, #7005, #4903, #9287, #4372, #6967, #1844, #1107 ),
 .UNSPECIFIED., .F., .F.,
 ( 4, 2, 2, 2, 2, 2, 2, 4 ),
 ( 7.152448122690996019E-18, 0.0008472680164192034329, 0.001270902024628810679, 0.001694536032838417708, 0.002118170041048024737, 0.002541804049257631766, 0.002965438057467239229, 0.003389072065676846258 ),
 .UNSPECIFIED. ) ;
#8183 = ORIENTED_EDGE ( 'NONE', *, *, #8528, .F. ) ;
#8184 = DIRECTION ( 'NONE',  ( 0.000000000000000000, 0.000000000000000000, 1.000000000000000000 ) ) ;
#8185 = ORGANIZATION ( 'NAUO-ORG15', 'UNSPECIFIED', 'UNSPECIFIED' ) ;
#8186 = ORIENTED_EDGE ( 'NONE', *, *, #2902, .F. ) ;
#8187 = CARTESIAN_POINT ( 'NONE',  ( -19.95392903788311401, 30.00000000000000000, 10.64390406131679434 ) ) ;
#8188 = ITEM_DEFINED_TRANSFORMATION ( 'NONE', 'NONE', #4024,  #8931 ) ;
#8189 = CYLINDRICAL_SURFACE ( 'NONE', #1239, 5.000000000003598899 ) ;
#8190 = EDGE_CURVE ( 'NONE', #202, #5943, #6545, .T. ) ;
#8191 = CARTESIAN_POINT ( 'NONE',  ( -42.50000000000000711, 0.000000000000000000, 90.00000000000000000 ) ) ;
#8192 = ORIENTED_EDGE ( 'NONE', *, *, #2122, .T. ) ;
#8193 = CARTESIAN_POINT ( 'NONE',  ( -38.00000000000000000, 30.00000000000000000, -8.999999999999998224 ) ) ;
#8194 = PERSON ( 'NAUO-PER6', 'UNSPECIFIED', 'UNSPECIFIED', ('UNSPECIFIED'), ('UNSPECIFIED'), ('UNSPECIFIED') ) ;
#8195 = ORIENTED_EDGE ( 'NONE', *, *, #1575, .T. ) ;
#8196 = FACE_BOUND ( 'NONE', #4926, .T. ) ;
#8197 = PERSON_AND_ORGANIZATION ( #2489, #8946 ) ;
#8198 = B_SPLINE_CURVE_WITH_KNOTS ( 'NONE', 3,
 ( #1927, #4850, #1103, #2477, #6221, #8296, #4679, #3331, #8434, #3239, #7707, #243, #2569, #1184, #6862, #6824, #7583, #1013, #382, #3961, #289, #6138, #2524, #5445, #1059, #8343, #1788, #1835, #4719, #3284, #6179, #7620, #4011, #6916, #335, #9105, #3556, #9377, #7847, #8618, #9241, #8662, #7177, #1381, #4945, #4141, #7984, #7048, #5652, #4237, #7091, #9282, #2742, #5701, #6412, #521, #2020, #2070, #5609, #612, #2846, #5746 ),
 .UNSPECIFIED., .F., .F.,
 ( 4, 2, 2, 2, 2, 2, 2, 2, 2, 2, 2, 2, 2, 2, 2, 2, 2, 2, 2, 2, 2, 2, 2, 2, 2, 2, 2, 2, 2, 2, 4 ),
 ( 3.514391598707026157E-19, 0.004508049254661948731, 0.006762073881992919193, 0.009016098509323890522, 0.01352414776398583318, 0.01577817239131680191, 0.01803219701864777064, 0.02028622164597873936, 0.02254024627330971156, 0.02704829552797164208, 0.02930232015530260387, 0.03155634478263356912, 0.03381036940996454826, 0.03493738172363003436, 0.03606439403729552046, 0.04057244329195745097, 0.04169945560562294401, 0.04282646791928843011, 0.04508049254661939537, 0.04733451717395036062, 0.04958854180128132588, 0.05409659105594325640, 0.05635061568327422860, 0.05860464031060519385, 0.06311268956526711049, 0.06423970187893258965, 0.06536671419259808269, 0.06762073881992905489, 0.06987476344726002708, 0.07100177576092552012, 0.07212878807459099928 ),
 .UNSPECIFIED. ) ;
#8199 = CYLINDRICAL_SURFACE ( 'NONE', #880, 5.000000000004832579 ) ;
#8200 = ADVANCED_FACE ( 'NONE', ( #89 ), #810, .T. ) ;
#8201 = LINE ( 'NONE', #5399, #4017 ) ;
#8202 = ORIENTED_EDGE ( 'NONE', *, *, #7520, .F. ) ;
#8203 = CYLINDRICAL_SURFACE ( 'NONE', #7822, 79.99999999999998579 ) ;
#8204 = ORIENTED_EDGE ( 'NONE', *, *, #6846, .F. ) ;
#8205 = CARTESIAN_POINT ( 'NONE',  ( 45.07812899334817303, -13.35275013547102319, -167.0000000000000000 ) ) ;
#8206 = PERSON_AND_ORGANIZATION ( #2940, #5543 ) ;
#8207 = ITEM_DEFINED_TRANSFORMATION ( 'NONE', 'NONE', #5676,  #8931 ) ;
#8208 = FACE_OUTER_BOUND ( 'NONE', #7850, .T. ) ;
#8209 = ADVANCED_FACE ( 'NONE', ( #5239 ), #8138, .T. ) ;
#8210 = DIRECTION ( 'NONE',  ( -0.000000000000000000, 0.000000000000000000, 1.000000000000000000 ) ) ;
#8211 = CARTESIAN_POINT ( 'NONE',  ( -45.07812899334817303, -13.35275013547102319, -228.0000000000000000 ) ) ;
#8212 = ADVANCED_FACE ( 'NONE', ( #1816 ), #6165, .T. ) ;
#8213 = ORIENTED_EDGE ( 'NONE', *, *, #8267, .F. ) ;
#8214 = DIRECTION ( 'NONE',  ( -0.000000000000000000, 1.000000000000000000, 0.000000000000000000 ) ) ;
#8215 = ORIENTED_EDGE ( 'NONE', *, *, #9068, .F. ) ;
#8216 = DIRECTION ( 'NONE',  ( 0.000000000000000000, 1.000000000000000000, 0.000000000000000000 ) ) ;
#8217 = DIRECTION ( 'NONE',  ( -0.000000000000000000, 1.000000000000000000, -0.000000000000000000 ) ) ;
#8218 = DIRECTION ( 'NONE',  ( 0.9237280213470681067, 1.665334536937734564E-16, -0.3830490080632377170 ) ) ;
#8219 = ADVANCED_FACE ( 'NONE', ( #6946, #4707 ), #951, .F. ) ;
#8220 = ORIENTED_EDGE ( 'NONE', *, *, #7045, .T. ) ;
#8221 = CARTESIAN_POINT ( 'NONE',  ( -22.49989939121352833, 30.62277791776563163, 26.24082714897056690 ) ) ;
#8222 = ORIENTED_EDGE ( 'NONE', *, *, #7260, .T. ) ;
#8223 = CARTESIAN_POINT ( 'NONE',  ( 0.000000000000000000, 0.000000000000000000, 0.000000000000000000 ) ) ;
#8224 = ORIENTED_EDGE ( 'NONE', *, *, #4317, .T. ) ;
#8225 = CARTESIAN_POINT ( 'NONE',  ( -74.46212991647709600, 0.2777589635784699640, 8.394089759910141169 ) ) ;
#8226 = CARTESIAN_POINT ( 'NONE',  ( -37.87843117528053227, -19.29044154634900821, 15.82568992360672233 ) ) ;
#8227 = DIRECTION ( 'NONE',  ( 1.000000000000000000, 0.000000000000000000, 0.000000000000000000 ) ) ;
#8228 = PERSON_AND_ORGANIZATION_ROLE ( 'classification_officer' ) ;
#8229 = DIRECTION ( 'NONE',  ( 0.000000000000000000, 0.000000000000000000, 1.000000000000000000 ) ) ;
#8230 = DIRECTION ( 'NONE',  ( -1.000000000000000000, 0.000000000000000000, 0.000000000000000000 ) ) ;
#8231 = DIRECTION ( 'NONE',  ( 0.000000000000000000, 0.000000000000000000, 1.000000000000000000 ) ) ;
#8232 = VECTOR ( 'NONE', #6013, 1000.000000000000000 ) ;
#8233 = VERTEX_POINT ( 'NONE', #1868 ) ;
#8234 = CARTESIAN_POINT ( 'NONE',  ( 0.000000000000000000, 0.000000000000000000, 0.000000000000000000 ) ) ;
#8235 = COORDINATED_UNIVERSAL_TIME_OFFSET ( 5, 30, .AHEAD. ) ;
#8236 = APPROVAL ( #2638, 'UNKNOWN' ) ;
#8237 = EDGE_CURVE ( 'NONE', #9418, #622, #8938, .T. ) ;
#8238 = CONTEXT_DEPENDENT_SHAPE_REPRESENTATION ( #4644, #1920 ) ;
#8239 = CIRCLE ( 'NONE', #1511, 42.50000000000000711 ) ;
#8240 = AXIS2_PLACEMENT_3D ( 'NONE', #1249, #8626, #5000 ) ;
#8241 = AXIS2_PLACEMENT_3D ( 'NONE', #1909, #7691, #6249 ) ;
#8242 = CARTESIAN_POINT ( 'NONE',  ( 35.99999999999999289, -44.00000000000000000, 129.0000000000000000 ) ) ;
#8243 = AXIS2_PLACEMENT_3D ( 'NONE', #556, #7981, #2017 ) ;
#8244 = CARTESIAN_POINT ( 'NONE',  ( 3.013998761760965373, -37.90912319335448899, 49.34748930913522713 ) ) ;
#8245 = VERTEX_POINT ( 'NONE', #3220 ) ;
#8246 = FACE_BOUND ( 'NONE', #5068, .T. ) ;
#8248 = DIRECTION ( 'NONE',  ( -1.000000000000000000, 0.000000000000000000, -0.000000000000000000 ) ) ;
#8247 = CIRCLE ( 'NONE', #4895, 5.918580100757921514 ) ;
#8249 = AXIS2_PLACEMENT_3D ( 'NONE', #1141, #3461, #1960 ) ;
#8250 = EDGE_LOOP ( 'NONE', ( #270, #6866, #2519, #4004 ) ) ;
#8251 = CARTESIAN_POINT ( 'NONE',  ( -39.50000000000000000, 4.837354856632044663E-15, 55.09999999999999432 ) ) ;
#8252 = ADVANCED_FACE ( 'NONE', ( #272 ), #4794, .T. ) ;
#8253 = APPROVAL_STATUS ( 'not_yet_approved' ) ;
#8254 = AXIS2_PLACEMENT_3D ( 'NONE', #2282, #8832, #782 ) ;
#8255 = PERSON_AND_ORGANIZATION_ROLE ( 'classification_officer' ) ;
#8256 = PLANE ( 'NONE',  #287 ) ;
#8257 = CIRCLE ( 'NONE', #2473, 27.00000000000000000 ) ;
#8258 = CARTESIAN_POINT ( 'NONE',  ( 7.018878973993964543, 41.91959882668237469, 11.61650352999748215 ) ) ;
#8259 = DIRECTION ( 'NONE',  ( -0.2840153447039203138, -0.9588197348681938292, -0.000000000000000000 ) ) ;
#8260 = VECTOR ( 'NONE', #9118, 1000.000000000000000 ) ;
#8261 = ORIENTED_EDGE ( 'NONE', *, *, #676, .T. ) ;
#8262 = AXIS2_PLACEMENT_3D ( 'NONE', #236, #7319, #91 ) ;
#8263 = CARTESIAN_POINT ( 'NONE',  ( -20.16378723653751948, -32.21612907743788412, 16.91053237173882096 ) ) ;
#8264 = VERTEX_POINT ( 'NONE', #2512 ) ;
#8265 = DIRECTION ( 'NONE',  ( 1.000000000000000000, 6.982962677686266711E-15, 0.000000000000000000 ) ) ;
#8266 = CARTESIAN_POINT ( 'NONE',  ( -72.37157942509570319, -5.016134410112369046, -10.24480120766525637 ) ) ;
#8267 = EDGE_CURVE ( 'NONE', #1358, #6790, #4359, .T. ) ;
#8268 = AXIS2_PLACEMENT_3D ( 'NONE', #1291, #1888, #4242 ) ;
#8269 = DIRECTION ( 'NONE',  ( -1.110223024625156540E-16, -1.000000000000000000, -2.705679627742444356E-16 ) ) ;
#8270 = CC_DESIGN_APPROVAL ( #1862, ( #767 ) ) ;
#8271 = AXIS2_PLACEMENT_3D ( 'NONE', #7234, #2178, #4432 ) ;
#8272 = CYLINDRICAL_SURFACE ( 'NONE', #9445, 10.00000000000000000 ) ;
#8273 = ORIENTED_EDGE ( 'NONE', *, *, #688, .F. ) ;
#8274 = CARTESIAN_POINT ( 'NONE',  ( -34.36931771216880094, 25.00000000000000711, 7.682918477743848840 ) ) ;
#8275 = EDGE_LOOP ( 'NONE', ( #2257, #8877, #2235, #1893 ) ) ;
#8276 = CYLINDRICAL_SURFACE ( 'NONE', #6717, 5.000000000000000000 ) ;
#8277 = AXIS2_PLACEMENT_3D ( 'NONE', #6841, #6156, #261 ) ;
#8278 = AXIS2_PLACEMENT_3D ( 'NONE', #6327, #8532, #6284 ) ;
#8279 = ORIENTED_EDGE ( 'NONE', *, *, #2068, .F. ) ;
#8280 = CARTESIAN_POINT ( 'NONE',  ( -35.99999999999999289, -44.00000000000000000, 114.0000000000000000 ) ) ;
#8281 = FACE_OUTER_BOUND ( 'NONE', #5149, .T. ) ;
#8282 = ADVANCED_FACE ( 'NONE', ( #1776 ), #407, .F. ) ;
#8283 = CARTESIAN_POINT ( 'NONE',  ( 17.84223302053885973, 31.40563542731674573, 10.30345450141756380 ) ) ;
#8284 = EDGE_CURVE ( 'NONE', #2688, #5603, #4061, .T. ) ;
#8285 = CALENDAR_DATE ( 2026, 3, 10 ) ;
#8286 = ORGANIZATION ( 'NAUO-ORG27', 'UNSPECIFIED', 'UNSPECIFIED' ) ;
#8287 = VECTOR ( 'NONE', #2056, 1000.000000000000000 ) ;
#8288 = CARTESIAN_POINT ( 'NONE',  ( 0.000000000000000000, 0.000000000000000000, 308.0000000000000000 ) ) ;
#8289 = ORIENTED_EDGE ( 'NONE', *, *, #8333, .T. ) ;
#8290 = CARTESIAN_POINT ( 'NONE',  ( 0.000000000000000000, 0.000000000000000000, 20.00000000000000000 ) ) ;
#8291 = VERTEX_POINT ( 'NONE', #4877 ) ;
#8292 = ORIENTED_EDGE ( 'NONE', *, *, #3721, .T. ) ;
#8293 = DIRECTION ( 'NONE',  ( -0.8161200235441045114, -0.5778824336925031391, 0.000000000000000000 ) ) ;
#8294 = AXIS2_PLACEMENT_3D ( 'NONE', #4158, #7903, #6287 ) ;
#8295 = PERSON_AND_ORGANIZATION_ROLE ( 'classification_officer' ) ;
#8296 = CARTESIAN_POINT ( 'NONE',  ( 7.377967697204792508, 37.28399881622001999, 48.26921923847137919 ) ) ;
#8297 = CC_DESIGN_PERSON_AND_ORGANIZATION_ASSIGNMENT ( #7446, #3676, ( #4225 ) ) ;
#8298 = EDGE_CURVE ( 'NONE', #6440, #9373, #7781, .T. ) ;
#8299 = CARTESIAN_POINT ( 'NONE',  ( -3.072503578181957353E-13, 44.00000000000000000, -53.00000000000000000 ) ) ;
#8300 = EDGE_LOOP ( 'NONE', ( #5476, #8954 ) ) ;
#8301 = CARTESIAN_POINT ( 'NONE',  ( 0.000000000000000000, 0.000000000000000000, -17.50000000000000000 ) ) ;
#8302 = ORIENTED_EDGE ( 'NONE', *, *, #8190, .T. ) ;
#8303 = DIRECTION ( 'NONE',  ( 1.000000000000000000, 0.000000000000000000, 0.000000000000000000 ) ) ;
#8304 = PERSON_AND_ORGANIZATION ( #2940, #5543 ) ;
#8305 = DATE_AND_TIME ( #3929, #3926 ) ;
#8306 = LINE ( 'NONE', #5576, #8087 ) ;
#8307 = CARTESIAN_POINT ( 'NONE',  ( 15.99863756108774915, 39.37415870462892542, 32.47369322107509504 ) ) ;
#8308 = CARTESIAN_POINT ( 'NONE',  ( 35.99999999999999289, -44.00000000000000000, 175.0000000000000000 ) ) ;
#8309 = ORIENTED_EDGE ( 'NONE', *, *, #4580, .F. ) ;
#8310 = EDGE_CURVE ( 'NONE', #5985, #7840, #2540, .T. ) ;
#8311 = ORIENTED_EDGE ( 'NONE', *, *, #9068, .T. ) ;
#8312 = CARTESIAN_POINT ( 'NONE',  ( -8.077622405275690198, -37.13810386883907455, 5.987023521868001907 ) ) ;
#8313 = AXIS2_PLACEMENT_3D ( 'NONE', #970, #2339, #2485 ) ;
#8314 = ORIENTED_EDGE ( 'NONE', *, *, #9345, .T. ) ;
#8315 = CARTESIAN_POINT ( 'NONE',  ( 0.000000000000000000, 0.000000000000000000, 76.00000000000000000 ) ) ;
#8316 = CARTESIAN_POINT ( 'NONE',  ( -8.762946945334515902, -55.47373039812359963, 4.999999999999742428 ) ) ;
#8317 = DIRECTION ( 'NONE',  ( 0.000000000000000000, 0.000000000000000000, 1.000000000000000000 ) ) ;
#8318 = CC_DESIGN_SECURITY_CLASSIFICATION ( #6170, ( #819 ) ) ;
#8319 = ORIENTED_EDGE ( 'NONE', *, *, #7381, .F. ) ;
#8320 = LINE ( 'NONE', #3942, #4727 ) ;
#8321 = AXIS2_PLACEMENT_3D ( 'NONE', #5937, #753, #3855 ) ;
#8322 = ADVANCED_FACE ( 'NONE', ( #2003 ), #4313, .T. ) ;
#8323 = LINE ( 'NONE', #5373, #7801 ) ;
#8324 = ORIENTED_EDGE ( 'NONE', *, *, #98, .F. ) ;
#8325 = SECURITY_CLASSIFICATION ( '', '', #1326 ) ;
#8326 = DIRECTION ( 'NONE',  ( 1.000000000000000000, 0.000000000000000000, 0.000000000000000000 ) ) ;
#8327 = ORIENTED_EDGE ( 'NONE', *, *, #6877, .F. ) ;
#8328 = CARTESIAN_POINT ( 'NONE',  ( -17.72660153117763926, 33.61201568122404382, 9.000000000000000000 ) ) ;
#8329 = DIRECTION ( 'NONE',  ( 1.000000000000000000, 0.000000000000000000, 0.000000000000000000 ) ) ;
#8330 = CYLINDRICAL_SURFACE ( 'NONE', #6247, 16.89999999999999503 ) ;
#8331 = VECTOR ( 'NONE', #5495, 1000.000000000000000 ) ;
#8332 = CC_DESIGN_APPROVAL ( #9398, ( #2693 ) ) ;
#8333 = EDGE_CURVE ( 'NONE', #4338, #3022, #6958, .T. ) ;
#8334 = EDGE_CURVE ( 'NONE', #7690, #2740, #1906, .T. ) ;
#8335 = CYLINDRICAL_SURFACE ( 'NONE', #1996, 39.50000000000000000 ) ;
#8336 = EDGE_LOOP ( 'NONE', ( #2687, #6150, #6309, #7681 ) ) ;
#8337 = ORGANIZATION ( 'NAUO-ORG23', 'UNSPECIFIED', 'UNSPECIFIED' ) ;
#8338 = CARTESIAN_POINT ( 'NONE',  ( 35.66624513607087010, 23.11425383132414879, 12.61611060081675717 ) ) ;
#8339 = ORIENTED_EDGE ( 'NONE', *, *, #2041, .T. ) ;
#8340 = DIRECTION ( 'NONE',  ( 0.000000000000000000, -0.000000000000000000, -1.000000000000000000 ) ) ;
#8341 = DATE_AND_TIME ( #5521, #771 ) ;
#8342 = PERSON_AND_ORGANIZATION ( #2940, #5543 ) ;
#8343 = CARTESIAN_POINT ( 'NONE',  ( 22.42237200458066937, 30.67962611924666305, 28.90494754775379249 ) ) ;
#8344 = CARTESIAN_POINT ( 'NONE',  ( 5.942230419934450225, -37.53432001562919140, 48.70439893134607701 ) ) ;
#8345 = VERTEX_POINT ( 'NONE', #6251 ) ;
#8346 = CARTESIAN_POINT ( 'NONE',  ( 1.121317225469294805E-14, 0.000000000000000000, 95.00000000000000000 ) ) ;
#8347 = DIRECTION ( 'NONE',  ( 1.000000000000000000, 0.000000000000000000, 0.000000000000000000 ) ) ;
#8348 = APPROVAL_ROLE ( '' ) ;
#8349 = PERSON_AND_ORGANIZATION_ROLE ( 'classification_officer' ) ;
#8350 = APPROVAL ( #4391, 'UNSPECIFIED' ) ;
#8351 = CARTESIAN_POINT ( 'NONE',  ( -0.5557524780622340455, -42.50000000000000711, 10.09999999999999787 ) ) ;
#8352 = APPLICATION_CONTEXT ( 'configuration controlled 3d designs of mechanical parts and assemblies' ) ;
#8353 = DIRECTION ( 'NONE',  ( 0.000000000000000000, 0.000000000000000000, 1.000000000000000000 ) ) ;
#8354 = ORIENTED_EDGE ( 'NONE', *, *, #8862, .F. ) ;
#8355 = CARTESIAN_POINT ( 'NONE',  ( -21.89615248407951853, -31.05788337919653230, 21.76873726366473605 ) ) ;
#8356 = VERTEX_POINT ( 'NONE', #8646 ) ;
#8357 = CARTESIAN_POINT ( 'NONE',  ( -16.89999999999999858, 0.000000000000000000, 78.00000000000002842 ) ) ;
#8358 = CARTESIAN_POINT ( 'NONE',  ( -34.36931771216882225, -24.99999999999997868, 6.755772121541200548 ) ) ;
#8359 = CC_DESIGN_PERSON_AND_ORGANIZATION_ASSIGNMENT ( #297, #5407, ( #1685 ) ) ;
#8360 = ADVANCED_FACE ( 'NONE', ( #2098 ), #2649, .F. ) ;
#8361 = CARTESIAN_POINT ( 'NONE',  ( 38.89087296525944026, 38.89087296525845971, -266.0000000000000000 ) ) ;
#8362 = ORIENTED_EDGE ( 'NONE', *, *, #2966, .T. ) ;
#8363 = DIRECTION ( 'NONE',  ( 0.000000000000000000, 0.000000000000000000, 1.000000000000000000 ) ) ;
#8364 = CARTESIAN_POINT ( 'NONE',  ( -34.67950817397741048, 24.56801450019052879, 9.672003492554472004 ) ) ;
#8365 = VERTEX_POINT ( 'NONE', #4837 ) ;
#8366 = CARTESIAN_POINT ( 'NONE',  ( -63.46176972075341638, 48.70938086149381974, 114.0000000000000000 ) ) ;
#8367 = EDGE_LOOP ( 'NONE', ( #1114, #2998 ) ) ;
#8368 = DIRECTION ( 'NONE',  ( 1.000000000000000000, 0.000000000000000000, 0.000000000000000000 ) ) ;
#8369 = DIRECTION ( 'NONE',  ( 0.000000000000000000, 0.000000000000000000, -1.000000000000000000 ) ) ;
#8370 =( NAMED_UNIT ( * ) PLANE_ANGLE_UNIT ( ) SI_UNIT ( $, .RADIAN. ) );
#8371 = EDGE_CURVE ( 'NONE', #7284, #8233, #7735, .T. ) ;
#8372 = PLANE ( 'NONE',  #6422 ) ;
#8373 = VERTEX_POINT ( 'NONE', #2349 ) ;
#8374 = FACE_OUTER_BOUND ( 'NONE', #7012, .T. ) ;
#8375 = CARTESIAN_POINT ( 'NONE',  ( 35.50655110142718485, 23.35820586102441609, 12.26272373800646776 ) ) ;
#8376 = EDGE_LOOP ( 'NONE', ( #868, #6299 ) ) ;
#8377 = CARTESIAN_POINT ( 'NONE',  ( 0.000000000000000000, 0.000000000000000000, -88.12499999999992895 ) ) ;
#8378 = COORDINATED_UNIVERSAL_TIME_OFFSET ( 5, 30, .AHEAD. ) ;
#8379 = VECTOR ( 'NONE', #2112, 1000.000000000000000 ) ;
#8380 = EDGE_CURVE ( 'NONE', #9036, #4746, #4510, .T. ) ;
#8381 = PERSON_AND_ORGANIZATION ( #6340, #7414 ) ;
#8382 = AXIS2_PLACEMENT_3D ( 'NONE', #4829, #8405, #7644 ) ;
#8383 = CARTESIAN_POINT ( 'NONE',  ( 20.45523615377258864, -32.02652331764010540, 17.59948512318895908 ) ) ;
#8384 = ORIENTED_EDGE ( 'NONE', *, *, #7993, .F. ) ;
#8385 = APPLICATION_CONTEXT ( 'configuration controlled 3d designs of mechanical parts and assemblies' ) ;
#8386 = CARTESIAN_POINT ( 'NONE',  ( 0.000000000000000000, 0.000000000000000000, 90.00000000000000000 ) ) ;
#8387 = DIRECTION ( 'NONE',  ( -0.000000000000000000, 1.000000000000000000, -0.000000000000000000 ) ) ;
#8388 = ADVANCED_FACE ( 'NONE', ( #732 ), #8019, .T. ) ;
#8389 = COORDINATED_UNIVERSAL_TIME_OFFSET ( 5, 30, .AHEAD. ) ;
#8390 = CIRCLE ( 'NONE', #8241, 79.99999999999998579 ) ;
#8391 = EDGE_CURVE ( 'NONE', #1963, #6302, #2869, .T. ) ;
#8392 = DIRECTION ( 'NONE',  ( -3.083952846180989787E-16, -1.000000000000000000, -0.000000000000000000 ) ) ;
#8393 = CIRCLE ( 'NONE', #4436, 27.00000000000000000 ) ;
#8394 = CIRCLE ( 'NONE', #7029, 16.89999999999999858 ) ;
#8395 = EDGE_LOOP ( 'NONE', ( #5165, #8192 ) ) ;
#8396 = DIRECTION ( 'NONE',  ( 0.000000000000000000, 0.000000000000000000, -1.000000000000000000 ) ) ;
#8397 = DIRECTION ( 'NONE',  ( 1.000000000000000000, 6.982962677686266711E-15, 0.000000000000000000 ) ) ;
#8398 = AXIS2_PLACEMENT_3D ( 'NONE', #5633, #7918, #8744 ) ;
#8399 = ORIENTED_EDGE ( 'NONE', *, *, #4498, .F. ) ;
#8400 = CARTESIAN_POINT ( 'NONE',  ( 0.000000000000000000, 0.000000000000000000, 190.0000000000000000 ) ) ;
#8401 = CARTESIAN_POINT ( 'NONE',  ( -39.50000000000000000, 4.837354856632044663E-15, 71.00000000000000000 ) ) ;
#8402 = DIRECTION ( 'NONE',  ( 1.000000000000000000, 0.000000000000000000, 0.000000000000000000 ) ) ;
#8403 = AXIS2_PLACEMENT_3D ( 'NONE', #4885, #6214, #5436 ) ;
#8404 = AXIS2_PLACEMENT_3D ( 'NONE', #8878, #3614, #7236 ) ;
#8405 = DIRECTION ( 'NONE',  ( -0.000000000000000000, -0.000000000000000000, 1.000000000000000000 ) ) ;
#8406 = VERTEX_POINT ( 'NONE', #7297 ) ;
#8407 = CARTESIAN_POINT ( 'NONE',  ( -27.00000000000030909, 43.99999999999980815, -99.00000000000000000 ) ) ;
#8408 = CIRCLE ( 'NONE', #7030, 39.50000000000000000 ) ;
#8409 = PLANE ( 'NONE',  #168 ) ;
#8410 = CC_DESIGN_DATE_AND_TIME_ASSIGNMENT ( #334, #4008, ( #4203 ) ) ;
#8411 = VERTEX_POINT ( 'NONE', #8169 ) ;
#8412 = EDGE_CURVE ( 'NONE', #2179, #7158, #828, .T. ) ;
#8413 = CARTESIAN_POINT ( 'NONE',  ( -7.999999999999992895, 55.59999999999998010, 6.999999999999999112 ) ) ;
#8414 = CIRCLE ( 'NONE', #4304, 36.00000000000000000 ) ;
#8415 = ORIENTED_EDGE ( 'NONE', *, *, #8710, .F. ) ;
#8416 = CARTESIAN_POINT ( 'NONE',  ( -72.76121159869008181, 0.6312302452696453292, 10.22266102209649929 ) ) ;
#8417 = LOCAL_TIME ( 2, 39, 17.00000000000000000, #5008 ) ;
#8418 =( NAMED_UNIT ( * ) SI_UNIT ( $, .STERADIAN. ) SOLID_ANGLE_UNIT ( ) );
#8419 = CIRCLE ( 'NONE', #9182, 27.00000000000000000 ) ;
#8420 = B_SPLINE_CURVE_WITH_KNOTS ( 'NONE', 3,
 ( #3937, #939, #3891, #8989 ),
 .UNSPECIFIED., .F., .F.,
 ( 4, 4 ),
 ( 0.000000000000000000, 1.000000000000000000 ),
 .UNSPECIFIED. ) ;
#8421 = CARTESIAN_POINT ( 'NONE',  ( 38.93376497369869327, 17.06148373373614291, 16.96350711677167311 ) ) ;
#8422 = AXIS2_PLACEMENT_3D ( 'NONE', #796, #3742, #1567 ) ;
#8423 = VECTOR ( 'NONE', #4541, 1000.000000000000000 ) ;
#8424 = DIRECTION ( 'NONE',  ( -1.000000000000000000, 0.000000000000000000, 0.000000000000000000 ) ) ;
#8425 = ORIENTED_EDGE ( 'NONE', *, *, #676, .F. ) ;
#8426 = LINE ( 'NONE', #4936, #747 ) ;
#8427 = EDGE_CURVE ( 'NONE', #8447, #3911, #8743, .T. ) ;
#8428 = CARTESIAN_POINT ( 'NONE',  ( 36.18439834249961251, 22.29490734873242630, 13.60861493643323783 ) ) ;
#8429 = ORIENTED_EDGE ( 'NONE', *, *, #8333, .F. ) ;
#8430 = DIRECTION ( 'NONE',  ( -0.000000000000000000, -0.000000000000000000, 1.000000000000000000 ) ) ;
#8431 = PERSON_AND_ORGANIZATION ( #4080, #1087 ) ;
#8432 = FACE_OUTER_BOUND ( 'NONE', #2138, .T. ) ;
#8433 = ITEM_DEFINED_TRANSFORMATION ( 'NONE', 'NONE', #2938,  #8931 ) ;
#8434 = CARTESIAN_POINT ( 'NONE',  ( 11.39552238104515958, 36.27377975712969516, 46.45573947239554258 ) ) ;
#8435 = ADVANCED_FACE ( 'NONE', ( #3688 ), #6585, .F. ) ;
#8436 = CARTESIAN_POINT ( 'NONE',  ( 6.089485888469741016E-17, -38.00000000000000000, 4.499999999999995559 ) ) ;
#8437 = CIRCLE ( 'NONE', #8733, 36.00000000000000000 ) ;
#8438 = ORIENTED_EDGE ( 'NONE', *, *, #4415, .F. ) ;
#8439 = EDGE_LOOP ( 'NONE', ( #2206, #3 ) ) ;
#8440 = CARTESIAN_POINT ( 'NONE',  ( 35.99999999999999289, -44.00000000000000000, 175.0000000000000000 ) ) ;
#8441 = DIRECTION ( 'NONE',  ( 0.000000000000000000, 0.000000000000000000, 1.000000000000000000 ) ) ;
#8442 = CALENDAR_DATE ( 2026, 3, 10 ) ;
#8443 = CARTESIAN_POINT ( 'NONE',  ( -74.76294694533464735, -62.72224103642152926, 7.500000000000012434 ) ) ;
#8444 = CARTESIAN_POINT ( 'NONE',  ( 5.485772332905008319, 42.15715850573645440, 10.97680416745298437 ) ) ;
#8445 = EDGE_CURVE ( 'NONE', #8728, #4848, #8068, .T. ) ;
#8446 = EDGE_CURVE ( 'NONE', #6927, #6766, #4065, .T. ) ;
#8447 = VERTEX_POINT ( 'NONE', #8119 ) ;
#8448 = CARTESIAN_POINT ( 'NONE',  ( 0.000000000000000000, 0.000000000000000000, 78.29999999999999716 ) ) ;
#8449 = ORIENTED_EDGE ( 'NONE', *, *, #5414, .T. ) ;
#8450 = CARTESIAN_POINT ( 'NONE',  ( -34.31349936112016508, -16.34998053113920946, 17.29078751935186276 ) ) ;
#8451 = CARTESIAN_POINT ( 'NONE',  ( 32.31098884280702777, 20.00000000000000355, 15.41602615938555942 ) ) ;
#8452 = APPROVAL_ROLE ( '' ) ;
#8453 = CALENDAR_DATE ( 2026, 3, 10 ) ;
#8454 = CARTESIAN_POINT ( 'NONE',  ( 27.00000000000000000, 0.000000000000000000, -19.00000000000000000 ) ) ;
#8455 = ORIENTED_EDGE ( 'NONE', *, *, #3905, .T. ) ;
#8456 = DIRECTION ( 'NONE',  ( 0.000000000000000000, 0.000000000000000000, 1.000000000000000000 ) ) ;
#8457 = CARTESIAN_POINT ( 'NONE',  ( -35.20756586982619041, 23.80649930252112867, 11.51340748400043523 ) ) ;
#8458 = ORIENTED_EDGE ( 'NONE', *, *, #3540, .T. ) ;
#8459 = FACE_BOUND ( 'NONE', #2581, .T. ) ;
#8460 = ORIENTED_EDGE ( 'NONE', *, *, #643, .F. ) ;
#8461 = DIRECTION ( 'NONE',  ( -0.000000000000000000, -0.000000000000000000, 1.000000000000000000 ) ) ;
#8462 = CARTESIAN_POINT ( 'NONE',  ( -35.99999999999999289, -44.00000000000000000, -213.0000000000000000 ) ) ;
#8463 = CARTESIAN_POINT ( 'NONE',  ( 30.52112147095411387, 171.6244840424505469, 9.000000000000000000 ) ) ;
#8464 = AXIS2_PLACEMENT_3D ( 'NONE', #7752, #8387, #8441 ) ;
#8465 = EDGE_CURVE ( 'NONE', #7275, #1475, #9234, .T. ) ;
#8466 = CARTESIAN_POINT ( 'NONE',  ( -36.76294694533463314, 0.2777589635784699640, 10.25000000000003020 ) ) ;
#8467 = LOCAL_TIME ( 2, 39, 17.00000000000000000, #1284 ) ;
#8468 = DIRECTION ( 'NONE',  ( -0.000000000000000000, -0.000000000000000000, 1.000000000000000000 ) ) ;
#8469 = DIRECTION ( 'NONE',  ( -0.000000000000000000, -0.000000000000000000, 1.000000000000000000 ) ) ;
#8470 = CARTESIAN_POINT ( 'NONE',  ( 35.21097840482691765, 23.80142751893397701, 11.52242660349224934 ) ) ;
#8471 = AXIS2_PLACEMENT_3D ( 'NONE', #6839, #2401, #3305 ) ;
#8472 = LINE ( 'NONE', #1921, #2137 ) ;
#8473 = PERSON_AND_ORGANIZATION_ROLE ( 'classification_officer' ) ;
#8474 = CARTESIAN_POINT ( 'NONE',  ( -34.83584020179642948, -24.34589812489311100, 10.32017447555283063 ) ) ;
#8475 = ORIENTED_EDGE ( 'NONE', *, *, #6329, .F. ) ;
#8476 = COORDINATED_UNIVERSAL_TIME_OFFSET ( 5, 30, .AHEAD. ) ;
#8477 = EDGE_CURVE ( 'NONE', #1311, #7597, #2917, .T. ) ;
#8478 = CARTESIAN_POINT ( 'NONE',  ( 0.000000000000000000, 0.000000000000000000, 90.00000000000000000 ) ) ;
#8479 = CC_DESIGN_APPROVAL ( #1495, ( #6331 ) ) ;
#8480 = APPROVAL_PERSON_ORGANIZATION ( #5032, #1438, #5181 ) ;
#8481 = FACE_OUTER_BOUND ( 'NONE', #7977, .T. ) ;
#8482 = VERTEX_POINT ( 'NONE', #7355 ) ;
#8483 = ORIENTED_EDGE ( 'NONE', *, *, #9427, .T. ) ;
#8484 = DIRECTION ( 'NONE',  ( -0.000000000000000000, -0.000000000000000000, 1.000000000000000000 ) ) ;
#8485 = CARTESIAN_POINT ( 'NONE',  ( -17.79763832677048541, 32.25655287465863097, -9.365442940821196771 ) ) ;
#8486 = PRODUCT ( 'piston_ring', 'piston_ring', '', ( #3619 ) ) ;
#8487 = DATE_TIME_ROLE ( 'creation_date' ) ;
#8488 = EDGE_CURVE ( 'NONE', #4469, #7954, #6178, .T. ) ;
#8489 = CARTESIAN_POINT ( 'NONE',  ( 36.96394467130283346, -8.987740813618813718, 19.79176779471301728 ) ) ;
#8490 = CARTESIAN_POINT ( 'NONE',  ( 2.069653090559026528E-15, -22.00000000000000355, 10.10000000000000497 ) ) ;
#8491 = ORIENTED_EDGE ( 'NONE', *, *, #9100, .F. ) ;
#8492 = DIRECTION ( 'NONE',  ( 0.000000000000000000, 0.000000000000000000, -1.000000000000000000 ) ) ;
#8493 = VERTEX_POINT ( 'NONE', #794 ) ;
#8494 = CARTESIAN_POINT ( 'NONE',  ( 42.34760458245317949, -3.624412210528717981, 20.61305540028133620 ) ) ;
#8495 = CARTESIAN_POINT ( 'NONE',  ( 27.00000000000000000, 0.000000000000000000, 19.00000000000000000 ) ) ;
#8496 = COORDINATED_UNIVERSAL_TIME_OFFSET ( 5, 30, .AHEAD. ) ;
#8497 = CALENDAR_DATE ( 2026, 3, 10 ) ;
#8498 = EDGE_CURVE ( 'NONE', #3854, #7075, #3740, .T. ) ;
#8499 = EDGE_CURVE ( 'NONE', #8890, #5176, #1122, .T. ) ;
#8500 = FACE_OUTER_BOUND ( 'NONE', #8695, .T. ) ;
#8501 = ORIENTED_EDGE ( 'NONE', *, *, #8659, .T. ) ;
#8502 = CARTESIAN_POINT ( 'NONE',  ( 45.07812899334817303, -13.35275013547102319, -213.0000000000000000 ) ) ;
#8503 = CARTESIAN_POINT ( 'NONE',  ( 1.740323650895382990, -1.939940901013969876, 7.483104221064227346 ) ) ;
#8504 = EDGE_LOOP ( 'NONE', ( #2293, #3326, #2866, #9129 ) ) ;
#8505 = ORIENTED_EDGE ( 'NONE', *, *, #4816, .F. ) ;
#8506 = LINE ( 'NONE', #7831, #727 ) ;
#8507 = VERTEX_POINT ( 'NONE', #5976 ) ;
#8508 = DIRECTION ( 'NONE',  ( 1.000000000000000000, 0.000000000000000000, -0.000000000000000000 ) ) ;
#8509 = CARTESIAN_POINT ( 'NONE',  ( -5.000000000000000000, 55.00000000000000000, -281.0000000000000000 ) ) ;
#8510 =( NAMED_UNIT ( * ) PLANE_ANGLE_UNIT ( ) SI_UNIT ( $, .RADIAN. ) );
#8511 = ADVANCED_FACE ( 'NONE', ( #5268 ), #5767, .T. ) ;
#8512 = PERSON ( 'NAUO-PER23', 'UNSPECIFIED', 'UNSPECIFIED', ('UNSPECIFIED'), ('UNSPECIFIED'), ('UNSPECIFIED') ) ;
#8513 = FACE_OUTER_BOUND ( 'NONE', #7042, .T. ) ;
#8514 = ADVANCED_BREP_SHAPE_REPRESENTATION ( '', ( #3624, #8931 ), #4674 ) ;
#8515 = EDGE_LOOP ( 'NONE', ( #7832, #5737 ) ) ;
#8516 = CARTESIAN_POINT ( 'NONE',  ( 36.71421571443285359, 9.840739763185080591, 19.55551042097362924 ) ) ;
#8517 = CARTESIAN_POINT ( 'NONE',  ( 42.50000000000000711, 5.204748896376250896E-15, 82.59999999999999432 ) ) ;
#8518 = ORIENTED_EDGE ( 'NONE', *, *, #9288, .F. ) ;
#8519 = CARTESIAN_POINT ( 'NONE',  ( -63.46176972075341638, 48.70938086149381974, -152.0000000000000000 ) ) ;
#8520 = CARTESIAN_POINT ( 'NONE',  ( 22.96254572742296673, 29.99999999999999645, 9.000000000000000000 ) ) ;
#8521 = VERTEX_POINT ( 'NONE', #3632 ) ;
#8522 = DATE_TIME_ROLE ( 'classification_date' ) ;
#8523 = FACE_OUTER_BOUND ( 'NONE', #6604, .T. ) ;
#8524 = CARTESIAN_POINT ( 'NONE',  ( 22.34948696607404273, -30.73492001726059542, 23.99808862805119603 ) ) ;
#8525 = ORIENTED_EDGE ( 'NONE', *, *, #6750, .F. ) ;
#8526 = CARTESIAN_POINT ( 'NONE',  ( 27.00000000000000000, -44.00000000000000000, 129.0000000000000000 ) ) ;
#8527 = APPROVAL ( #3707, 'UNKNOWN' ) ;
#8528 = EDGE_CURVE ( 'NONE', #6792, #8090, #6527, .T. ) ;
#8529 = CARTESIAN_POINT ( 'NONE',  ( -23.32380757938120297, 30.00000000000000000, -8.999999999999998224 ) ) ;
#8530 = CALENDAR_DATE ( 2026, 3, 10 ) ;
#8531 = DIRECTION ( 'NONE',  ( 0.000000000000000000, 0.000000000000000000, -1.000000000000000000 ) ) ;
#8532 = DIRECTION ( 'NONE',  ( -0.000000000000000000, 0.000000000000000000, 1.000000000000000000 ) ) ;
#8533 = EDGE_LOOP ( 'NONE', ( #4770, #573, #7164, #1811 ) ) ;
#8534 = EDGE_CURVE ( 'NONE', #892, #3613, #9121, .T. ) ;
#8535 = CARTESIAN_POINT ( 'NONE',  ( -34.36931771216878673, 25.00000000000002487, 6.755772121541200548 ) ) ;
#8536 = AXIS2_PLACEMENT_3D ( 'NONE', #7458, #7557, #5370 ) ;
#8537 = CIRCLE ( 'NONE', #1342, 17.50000000000000000 ) ;
#8538 = VERTEX_POINT ( 'NONE', #1029 ) ;
#8539 = DIRECTION ( 'NONE',  ( 3.083952846180989787E-16, 1.000000000000000000, 0.000000000000000000 ) ) ;
#8540 = CARTESIAN_POINT ( 'NONE',  ( -72.59370011382782195, -3.208964628987271528, 10.23426159016898040 ) ) ;
#8541 = MECHANICAL_CONTEXT ( 'NONE', #6810, 'mechanical' ) ;
#8542 = CALENDAR_DATE ( 2026, 3, 10 ) ;
#8543 = DIRECTION ( 'NONE',  ( 1.000000000000000000, 6.982962677686266711E-15, 0.000000000000000000 ) ) ;
#8544 = DIRECTION ( 'NONE',  ( 0.000000000000000000, 0.000000000000000000, -1.000000000000000000 ) ) ;
#8545 = AXIS2_PLACEMENT_3D ( 'NONE', #6683, #2285, #111 ) ;
#8546 = CARTESIAN_POINT ( 'NONE',  ( -42.50000000000000711, -25.00000000000000000, 0.000000000000000000 ) ) ;
#8547 = CIRCLE ( 'NONE', #288, 8.999999999999998224 ) ;
#8548 = LINE ( 'NONE', #1998, #1543 ) ;
#8549 = VERTEX_POINT ( 'NONE', #3980 ) ;
#8550 = ORIENTED_EDGE ( 'NONE', *, *, #532, .F. ) ;
#8551 = ADVANCED_FACE ( 'NONE', ( #882 ), #6153, .T. ) ;
#8552 = DIRECTION ( 'NONE',  ( -0.000000000000000000, -0.000000000000000000, -1.000000000000000000 ) ) ;
#8553 = ORIENTED_EDGE ( 'NONE', *, *, #5121, .T. ) ;
#8554 = DIRECTION ( 'NONE',  ( 0.000000000000000000, 0.000000000000000000, -1.000000000000000000 ) ) ;
#8555 = DIRECTION ( 'NONE',  ( -0.000000000000000000, -0.000000000000000000, -1.000000000000000000 ) ) ;
#8556 = VECTOR ( 'NONE', #328, 1000.000000000000000 ) ;
#8557 = CIRCLE ( 'NONE', #6411, 8.999999999999998224 ) ;
#8558 = AXIS2_PLACEMENT_3D ( 'NONE', #654, #4192, #4332 ) ;
#8559 = CARTESIAN_POINT ( 'NONE',  ( 41.89784846587174627, 7.142960443666146020, 20.13463869594001920 ) ) ;
#8560 = AXIS2_PLACEMENT_3D ( 'NONE', #3509, #4195, #5658 ) ;
#8561 = CARTESIAN_POINT ( 'NONE',  ( 6.089485888469741016E-17, -38.00000000000000000, 4.499999999999995559 ) ) ;
#8562 = ORIENTED_EDGE ( 'NONE', *, *, #3315, .F. ) ;
#8563 = DIRECTION ( 'NONE',  ( 0.000000000000000000, 1.000000000000000000, 0.000000000000000000 ) ) ;
#8564 = EDGE_CURVE ( 'NONE', #8763, #2762, #2582, .T. ) ;
#8565 = CARTESIAN_POINT ( 'NONE',  ( -14.76294694533462604, -59.72224103642152926, 7.500000000000000000 ) ) ;
#8566 = ADVANCED_FACE ( 'NONE', ( #7639, #172 ), #259, .F. ) ;
#8567 = VECTOR ( 'NONE', #4047, 1000.000000000000000 ) ;
#8568 = ORIENTED_EDGE ( 'NONE', *, *, #3096, .T. ) ;
#8569 = LINE ( 'NONE', #3500, #7168 ) ;
#8570 = DIRECTION ( 'NONE',  ( -0.000000000000000000, -0.000000000000000000, 1.000000000000000000 ) ) ;
#8571 = ORIENTED_EDGE ( 'NONE', *, *, #6822, .F. ) ;
#8572 = CONTEXT_DEPENDENT_SHAPE_REPRESENTATION ( #1483, #9249 ) ;
#8573 = LOCAL_TIME ( 2, 39, 17.00000000000000000, #3063 ) ;
#8574 = VECTOR ( 'NONE', #2894, 1000.000000000000000 ) ;
#8575 = DIRECTION ( 'NONE',  ( 0.000000000000000000, 0.000000000000000000, 1.000000000000000000 ) ) ;
#8576 = CARTESIAN_POINT ( 'NONE',  ( -17.50000000000000000, 0.000000000000000000, 20.00000000000000000 ) ) ;
#8577 = ORIENTED_EDGE ( 'NONE', *, *, #2711, .T. ) ;
#8578 = FACE_BOUND ( 'NONE', #9074, .T. ) ;
#8579 =( GEOMETRIC_REPRESENTATION_CONTEXT ( 3 ) GLOBAL_UNCERTAINTY_ASSIGNED_CONTEXT ( ( #5919 ) ) GLOBAL_UNIT_ASSIGNED_CONTEXT ( ( #310, #2584, #6198 ) ) REPRESENTATION_CONTEXT ( 'NONE', 'WORKASPACE' ) );
#8580 = AXIS2_PLACEMENT_3D ( 'NONE', #3886, #6059, #4447 ) ;
#8581 = CARTESIAN_POINT ( 'NONE',  ( -17.77750000159367971, 32.64081501001919605, -9.177093597920103818 ) ) ;
#8582 = APPROVAL_ROLE ( '' ) ;
#8583 = CARTESIAN_POINT ( 'NONE',  ( -10.30819196881261490, -41.23328472651812859, 40.40348338156484687 ) ) ;
#8584 = APPROVAL ( #3958, 'UNKNOWN' ) ;
#8585 = APPROVAL ( #2816, 'UNSPECIFIED' ) ;
#8586 = FACE_BOUND ( 'NONE', #2230, .T. ) ;
#8587 = AXIS2_PLACEMENT_3D ( 'NONE', #7680, #3977, #4783 ) ;
#8588 = CYLINDRICAL_SURFACE ( 'NONE', #3717, 10.00000000000000000 ) ;
#8589 = ORIENTED_EDGE ( 'NONE', *, *, #1542, .F. ) ;
#8590 = DIRECTION ( 'NONE',  ( 0.000000000000000000, 0.000000000000000000, 1.000000000000000000 ) ) ;
#8591 = ORIENTED_EDGE ( 'NONE', *, *, #4716, .T. ) ;
#8592 = CARTESIAN_POINT ( 'NONE',  ( 40.16915035092258535, -13.90773618445006043, 18.28928354864016370 ) ) ;
#8593 = DIRECTION ( 'NONE',  ( -1.000000000000000000, 0.000000000000000000, 0.000000000000000000 ) ) ;
#8594 = APPROVAL_STATUS ( 'not_yet_approved' ) ;
#8595 = AXIS2_PLACEMENT_3D ( 'NONE', #669, #5957, #2234 ) ;
#8596 = APPROVAL_DATE_TIME ( #2040, #9114 ) ;
#8597 = CARTESIAN_POINT ( 'NONE',  ( -42.50000000000000711, -20.00000000000000711, 15.41602615938555587 ) ) ;
#8598 = EDGE_CURVE ( 'NONE', #4083, #7552, #653, .T. ) ;
#8599 = CARTESIAN_POINT ( 'NONE',  ( 2.069462057591964153E-15, 42.50000000000001421, 10.10000000000000142 ) ) ;
#8600 = DIRECTION ( 'NONE',  ( 0.05233595624293712473, -0.9986295347545742773, 0.000000000000000000 ) ) ;
#8601 = ORIENTED_EDGE ( 'NONE', *, *, #6192, .F. ) ;
#8602 = ORIENTED_EDGE ( 'NONE', *, *, #4861, .T. ) ;
#8603 = ORIENTED_EDGE ( 'NONE', *, *, #7045, .F. ) ;
#8604 = CARTESIAN_POINT ( 'NONE',  ( 1.725022993852668420E-14, 145.5999999999999943, -4.999999999999999112 ) ) ;
#8605 = CYLINDRICAL_SURFACE ( 'NONE', #3522, 5.000000000000007105 ) ;
#8606 = CARTESIAN_POINT ( 'NONE',  ( -15.99602816651069048, 39.37522225130284426, 32.48148754243047165 ) ) ;
#8607 = EDGE_CURVE ( 'NONE', #3696, #5232, #3258, .T. ) ;
#8608 = DIRECTION ( 'NONE',  ( -0.000000000000000000, -0.000000000000000000, -1.000000000000000000 ) ) ;
#8609 = ORIENTED_EDGE ( 'NONE', *, *, #5403, .T. ) ;
#8610 = FACE_OUTER_BOUND ( 'NONE', #5335, .T. ) ;
#8611 = DIRECTION ( 'NONE',  ( 0.000000000000000000, 0.000000000000000000, -1.000000000000000000 ) ) ;
#8612 = EDGE_LOOP ( 'NONE', ( #3798, #4696, #8981, #3888 ) ) ;
#8613 = CARTESIAN_POINT ( 'NONE',  ( -1.030432304228876673E-14, 55.59999999999998010, -6.999999999999999112 ) ) ;
#8614 = DIRECTION ( 'NONE',  ( -0.000000000000000000, -0.000000000000000000, 1.000000000000000000 ) ) ;
#8615 = ORIENTED_EDGE ( 'NONE', *, *, #988, .F. ) ;
#8616 = EDGE_CURVE ( 'NONE', #5681, #3582, #6973, .T. ) ;
#8617 = EDGE_CURVE ( 'NONE', #7103, #282, #367, .T. ) ;
#8618 = CARTESIAN_POINT ( 'NONE',  ( 19.44398633674393295, 32.65113038626774511, 15.65485028483454322 ) ) ;
#8619 = DIRECTION ( 'NONE',  ( 0.000000000000000000, 0.000000000000000000, -1.000000000000000000 ) ) ;
#8620 = CARTESIAN_POINT ( 'NONE',  ( 0.000000000000000000, 0.000000000000000000, -281.0000000000000000 ) ) ;
#8621 = VERTEX_POINT ( 'NONE', #6931 ) ;
#8622 = LINE ( 'NONE', #484, #7183 ) ;
#8623 = APPROVAL_STATUS ( 'not_yet_approved' ) ;
#8624 = AXIS2_PLACEMENT_3D ( 'NONE', #5417, #9079, #1713 ) ;
#8625 = APPROVAL_PERSON_ORGANIZATION ( #3183, #5456, #4572 ) ;
#8626 = DIRECTION ( 'NONE',  ( 0.000000000000000000, 0.000000000000000000, -1.000000000000000000 ) ) ;
#8627 = CARTESIAN_POINT ( 'NONE',  ( 0.000000000000000000, 0.000000000000000000, -152.0000000000000000 ) ) ;
#8628 = PERSON ( 'NAUO-PER19', 'UNSPECIFIED', 'UNSPECIFIED', ('UNSPECIFIED'), ('UNSPECIFIED'), ('UNSPECIFIED') ) ;
#8629 = ORIENTED_EDGE ( 'NONE', *, *, #5171, .T. ) ;
#8630 = APPROVAL_PERSON_ORGANIZATION ( #8732, #7544, #3828 ) ;
#8631 = CARTESIAN_POINT ( 'NONE',  ( 1.237053054665496754, -48.39287933429384481, -5.000000000000270894 ) ) ;
#8632 = CARTESIAN_POINT ( 'NONE',  ( -19.43475361544437874, 1.018532277898364979, 9.000000000000000000 ) ) ;
#8633 = ORIENTED_EDGE ( 'NONE', *, *, #1388, .F. ) ;
#8634 = CARTESIAN_POINT ( 'NONE',  ( -42.50000000000000711, 0.000000000000000000, 90.00000000000000000 ) ) ;
#8635 = CARTESIAN_POINT ( 'NONE',  ( -72.71304821635357030, -1.639790346332875570, 10.22650809033341268 ) ) ;
#8636 = CC_DESIGN_PERSON_AND_ORGANIZATION_ASSIGNMENT ( #4060, #1974, ( #7185 ) ) ;
#8637 = SECURITY_CLASSIFICATION_LEVEL ( 'unclassified' ) ;
#8638 = PERSON_AND_ORGANIZATION_ROLE ( 'classification_officer' ) ;
#8639 = CARTESIAN_POINT ( 'NONE',  ( 5.000000000000163425, -55.00000000000000000, -281.0000000000000000 ) ) ;
#8640 = CARTESIAN_POINT ( 'NONE',  ( 0.000000000000000000, 0.000000000000000000, 0.000000000000000000 ) ) ;
#8641 = LINE ( 'NONE', #4969, #7316 ) ;
#8642 = VERTEX_POINT ( 'NONE', #8357 ) ;
#8643 = ORIENTED_EDGE ( 'NONE', *, *, #7390, .T. ) ;
#8644 = CARTESIAN_POINT ( 'NONE',  ( -0.9082891206242417192, -2.955803506064633268, -10.23281468732391986 ) ) ;
#8645 = ORIENTED_EDGE ( 'NONE', *, *, #6087, .T. ) ;
#8646 = CARTESIAN_POINT ( 'NONE',  ( -42.50000000000000711, 0.000000000000000000, 82.59999999999999432 ) ) ;
#8647 = CC_DESIGN_DATE_AND_TIME_ASSIGNMENT ( #4965, #3396, ( #3310 ) ) ;
#8648 = CARTESIAN_POINT ( 'NONE',  ( 0.000000000000000000, 55.00000000000000000, -266.0000000000000000 ) ) ;
#8649 = ADVANCED_FACE ( 'NONE', ( #308, #7553 ), #7507, .F. ) ;
#8650 = CARTESIAN_POINT ( 'NONE',  ( -4.408921831913851896, 42.27411211931638491, 43.32431707998038917 ) ) ;
#8651 = DIRECTION ( 'NONE',  ( 1.224646799147353207E-16, 1.000000000000000000, -0.000000000000000000 ) ) ;
#8652 = LINE ( 'NONE', #5692, #3105 ) ;
#8653 = VERTEX_POINT ( 'NONE', #6106 ) ;
#8654 = DIRECTION ( 'NONE',  ( -3.083952846180989787E-16, -1.000000000000000000, 0.000000000000000000 ) ) ;
#8655 = DIRECTION ( 'NONE',  ( -1.000000000000000000, 0.000000000000000000, 0.000000000000000000 ) ) ;
#8656 = VERTEX_POINT ( 'NONE', #8942 ) ;
#8657 = DIRECTION ( 'NONE',  ( -1.000000000000000000, 0.000000000000000000, 0.000000000000000000 ) ) ;
#8658 = CARTESIAN_POINT ( 'NONE',  ( 0.000000000000000000, 201.1999999999999886, 19.00000000000000000 ) ) ;
#8659 = EDGE_CURVE ( 'NONE', #8291, #3992, #1801, .T. ) ;
#8660 = ORIENTED_EDGE ( 'NONE', *, *, #8659, .F. ) ;
#8661 = COORDINATED_UNIVERSAL_TIME_OFFSET ( 5, 30, .AHEAD. ) ;
#8662 = CARTESIAN_POINT ( 'NONE',  ( 17.85417482426237967, 33.55722028423325298, 13.23170471833812911 ) ) ;
#8663 = CARTESIAN_POINT ( 'NONE',  ( -27.00000000000000000, 0.000000000000000000, -19.00000000000000000 ) ) ;
#8664 = DIRECTION ( 'NONE',  ( 1.000000000000000000, 0.000000000000000000, -0.000000000000000000 ) ) ;
#8665 = ORIENTED_EDGE ( 'NONE', *, *, #1932, .T. ) ;
#8666 = CARTESIAN_POINT ( 'NONE',  ( -75.09757858948607634, -4.659340774993452783, -7.493079299478389466 ) ) ;
#8667 = EDGE_CURVE ( 'NONE', #6115, #3803, #3150, .T. ) ;
#8668 = APPROVAL_STATUS ( 'not_yet_approved' ) ;
#8669 = CARTESIAN_POINT ( 'NONE',  ( -16.34795332444398142, -39.23074206589455315, 22.57421222821820095 ) ) ;
#8670 = ORIENTED_EDGE ( 'NONE', *, *, #2587, .T. ) ;
#8671 = CARTESIAN_POINT ( 'NONE',  ( 0.000000000000000000, 0.000000000000000000, 20.00000000000000000 ) ) ;
#8672 = EDGE_CURVE ( 'NONE', #2322, #1712, #8420, .T. ) ;
#8673 = EDGE_CURVE ( 'NONE', #4515, #3061, #6324, .T. ) ;
#8674 = ORIENTED_EDGE ( 'NONE', *, *, #4768, .T. ) ;
#8675 = DIRECTION ( 'NONE',  ( -1.000000000000000000, 0.000000000000000000, 0.000000000000000000 ) ) ;
#8676 = FACE_OUTER_BOUND ( 'NONE', #2103, .T. ) ;
#8677 = AXIS2_PLACEMENT_3D ( 'NONE', #100, #963, #8921 ) ;
#8678 = PERSON_AND_ORGANIZATION ( #2940, #5543 ) ;
#8679 = ITEM_DEFINED_TRANSFORMATION ( 'NONE', 'NONE', #9339,  #8931 ) ;
#8680 = CARTESIAN_POINT ( 'NONE',  ( -5.999999999999992895, 55.59999999999998010, -4.999999999999999112 ) ) ;
#8681 = FACE_OUTER_BOUND ( 'NONE', #5413, .T. ) ;
#8682 = CARTESIAN_POINT ( 'NONE',  ( -32.31098884280702066, -20.00000000000000355, 15.41602615938555410 ) ) ;
#8683 = ORIENTED_EDGE ( 'NONE', *, *, #3323, .F. ) ;
#8684 = CIRCLE ( 'NONE', #4276, 36.00000000000000000 ) ;
#8685 = EDGE_LOOP ( 'NONE', ( #907, #2153, #4014, #3109 ) ) ;
#8686 = CARTESIAN_POINT ( 'NONE',  ( 0.000000000000000000, -59.72224103642152926, -7.500000000000000000 ) ) ;
#8687 = CARTESIAN_POINT ( 'NONE',  ( -42.50000000000000711, 20.00000000000000355, 15.41602615938556298 ) ) ;
#8688 = DIRECTION ( 'NONE',  ( -0.000000000000000000, -0.000000000000000000, -1.000000000000000000 ) ) ;
#8689 = AXIS2_PLACEMENT_3D ( 'NONE', #1783, #5590, #6201 ) ;
#8690 = AXIS2_PLACEMENT_3D ( 'NONE', #3611, #8531, #1977 ) ;
#8691 = AXIS2_PLACEMENT_3D ( 'NONE', #4835, #7564, #5470 ) ;
#8692 = CARTESIAN_POINT ( 'NONE',  ( -15.16776552923941956, 39.70392975671092728, 19.46387569776464233 ) ) ;
#8693 = VECTOR ( 'NONE', #8702, 1000.000000000000000 ) ;
#8694 = CARTESIAN_POINT ( 'NONE',  ( -0.9624918601615287672, -3.508658836855166108, 10.23606354533622032 ) ) ;
#8695 = EDGE_LOOP ( 'NONE', ( #8837, #5324, #8924, #4121 ) ) ;
#8696 = CARTESIAN_POINT ( 'NONE',  ( -35.99999999999999289, -44.00000000000000000, 175.0000000000000000 ) ) ;
#8697 = VECTOR ( 'NONE', #5187, 1000.000000000000000 ) ;
#8698 = CYLINDRICAL_SURFACE ( 'NONE', #1186, 42.50000000000000711 ) ;
#8699 = CIRCLE ( 'NONE', #8861, 7.500000000000012434 ) ;
#8700 = ORIENTED_EDGE ( 'NONE', *, *, #6222, .F. ) ;
#8701 = PLANE ( 'NONE',  #3372 ) ;
#8702 = DIRECTION ( 'NONE',  ( -0.000000000000000000, -0.000000000000000000, -1.000000000000000000 ) ) ;
#8703 = ORIENTED_EDGE ( 'NONE', *, *, #8929, .F. ) ;
#8704 = AXIS2_PLACEMENT_3D ( 'NONE', #2767, #4209, #9299 ) ;
#8705 = CALENDAR_DATE ( 2026, 3, 10 ) ;
#8706 =( REPRESENTATION_RELATIONSHIP ('NONE','NONE', #1222, #8813 ) REPRESENTATION_RELATIONSHIP_WITH_TRANSFORMATION ( #5009 )SHAPE_REPRESENTATION_RELATIONSHIP( ) );
#8707 = AXIS2_PLACEMENT_3D ( 'NONE', #7885, #4324, #3640 ) ;
#8708 = AXIS2_PLACEMENT_3D ( 'NONE', #6757, #8184, #3134 ) ;
#8709 = CARTESIAN_POINT ( 'NONE',  ( 0.000000000000000000, 201.1999999999999886, 19.00000000000000000 ) ) ;
#8710 = EDGE_CURVE ( 'NONE', #1432, #3121, #8776, .T. ) ;
#8711 = CIRCLE ( 'NONE', #3383, 5.999999999999983125 ) ;
#8712 = CARTESIAN_POINT ( 'NONE',  ( 54.99999999999766942, -2.341423249310675611E-12, -281.0000000000000000 ) ) ;
#8713 = ORIENTED_EDGE ( 'NONE', *, *, #7657, .F. ) ;
#8714 = PLANE ( 'NONE',  #7784 ) ;
#8715 = DIRECTION ( 'NONE',  ( -0.000000000000000000, -0.000000000000000000, -1.000000000000000000 ) ) ;
#8716 = CARTESIAN_POINT ( 'NONE',  ( -72.06617275178625448, -6.770804553812070026, 10.25000000000003020 ) ) ;
#8717 = B_SPLINE_CURVE_WITH_KNOTS ( 'NONE', 3,
 ( #8023, #1518, #8803, #2060, #9413, #3697, #5881, #744, #2253, #4985, #6599, #5174, #8075, #6650, #4465, #2835, #6493, #5738 ),
 .UNSPECIFIED., .F., .F.,
 ( 4, 2, 2, 2, 2, 2, 2, 2, 4 ),
 ( 0.000000000000000000, 0.001069109462602874355, 0.001603664193904311532, 0.002138218925205748709, 0.002672773656507186103, 0.003207328387808623064, 0.003741883119110060024, 0.004009160484760778721, 0.004276437850411497418 ),
 .UNSPECIFIED. ) ;
#8718 = VECTOR ( 'NONE', #1601, 1000.000000000000000 ) ;
#8719 = LOCAL_TIME ( 2, 39, 17.00000000000000000, #971 ) ;
#8720 = MECHANICAL_CONTEXT ( 'NONE', #6934, 'mechanical' ) ;
#8721 = VECTOR ( 'NONE', #1742, 1000.000000000000000 ) ;
#8722 = DIRECTION ( 'NONE',  ( -0.000000000000000000, -0.000000000000000000, 1.000000000000000000 ) ) ;
#8723 = EDGE_CURVE ( 'NONE', #3061, #4515, #2685, .T. ) ;
#8724 = CARTESIAN_POINT ( 'NONE',  ( -43.89087296526769677, -38.89087296525845971, -281.0000000000000000 ) ) ;
#8725 = CARTESIAN_POINT ( 'NONE',  ( 1.420213286226838845, -6.055286768351485271, 7.499999999999754863 ) ) ;
#8726 = ORIENTED_EDGE ( 'NONE', *, *, #8391, .F. ) ;
#8727 = DIRECTION ( 'NONE',  ( 0.000000000000000000, 0.000000000000000000, -1.000000000000000000 ) ) ;
#8728 = VERTEX_POINT ( 'NONE', #6431 ) ;
#8729 = CARTESIAN_POINT ( 'NONE',  ( -3.072503578181957353E-13, 44.00000000000000000, 61.00000000000000000 ) ) ;
#8730 = CARTESIAN_POINT ( 'NONE',  ( -19.91105194140084222, 30.00000000000000000, -10.81896033440781224 ) ) ;
#8731 = PERSON_AND_ORGANIZATION ( #2940, #5543 ) ;
#8732 = PERSON_AND_ORGANIZATION ( #8628, #6968 ) ;
#8733 = AXIS2_PLACEMENT_3D ( 'NONE', #6594, #4268, #3543 ) ;
#8734 = CARTESIAN_POINT ( 'NONE',  ( 39.50000000000000000, 0.000000000000000000, 66.69999999999998863 ) ) ;
#8735 = DIRECTION ( 'NONE',  ( 0.000000000000000000, 0.000000000000000000, -1.000000000000000000 ) ) ;
#8736 = CARTESIAN_POINT ( 'NONE',  ( 0.000000000000000000, 0.000000000000000000, 1.999999999999988010 ) ) ;
#8737 = ADVANCED_FACE ( 'NONE', ( #2635 ), #4818, .T. ) ;
#8738 = EDGE_LOOP ( 'NONE', ( #7930, #8027, #3631, #8415 ) ) ;
#8739 = VERTEX_POINT ( 'NONE', #7013 ) ;
#8740 = CARTESIAN_POINT ( 'NONE',  ( -36.76294694533463314, 0.2777589635784699640, 17.50000000000000000 ) ) ;
#8741 = AXIS2_PLACEMENT_3D ( 'NONE', #6077, #4711, #6853 ) ;
#8742 = ORIENTED_EDGE ( 'NONE', *, *, #581, .F. ) ;
#8743 = LINE ( 'NONE', #8795, #8173 ) ;
#8744 = DIRECTION ( 'NONE',  ( -1.000000000000000000, 0.000000000000000000, 0.000000000000000000 ) ) ;
#8745 = DIRECTION ( 'NONE',  ( -1.952904883099308427E-15, -2.107068262700081609E-15, 1.000000000000000000 ) ) ;
#8746 = CARTESIAN_POINT ( 'NONE',  ( 0.000000000000000000, 22.00000000000000355, 49.50000000000000000 ) ) ;
#8747 = CARTESIAN_POINT ( 'NONE',  ( -21.02325964099828681, 31.65655439224428847, 35.05039875552279227 ) ) ;
#8748 = ORIENTED_EDGE ( 'NONE', *, *, #8838, .F. ) ;
#8749 = DIRECTION ( 'NONE',  ( 1.000000000000000000, 6.938893903907228378E-15, 0.000000000000000000 ) ) ;
#8750 = CARTESIAN_POINT ( 'NONE',  ( -27.00000000000000000, 0.000000000000000000, 19.00000000000000000 ) ) ;
#8751 = EDGE_LOOP ( 'NONE', ( #6080, #3546, #1251, #6799 ) ) ;
#8752 = DIRECTION ( 'NONE',  ( 0.000000000000000000, -1.000000000000000000, 0.000000000000000000 ) ) ;
#8753 = DIRECTION ( 'NONE',  ( 1.000000000000000000, 0.000000000000000000, 0.000000000000000000 ) ) ;
#8754 = VERTEX_POINT ( 'NONE', #6977 ) ;
#8755 = DIRECTION ( 'NONE',  ( -0.8161200235441045114, -0.5778824336925031391, 0.000000000000000000 ) ) ;
#8756 = CC_DESIGN_DATE_AND_TIME_ASSIGNMENT ( #619, #3051, ( #6950 ) ) ;
#8757 = ITEM_DEFINED_TRANSFORMATION ( 'NONE', 'NONE', #610,  #8931 ) ;
#8758 = CARTESIAN_POINT ( 'NONE',  ( -27.00000000000000000, -44.00000000000000000, 175.0000000000000000 ) ) ;
#8759 = DIRECTION ( 'NONE',  ( 0.000000000000000000, 0.000000000000000000, -1.000000000000000000 ) ) ;
#8760 = ORIENTED_EDGE ( 'NONE', *, *, #3905, .F. ) ;
#8761 = LINE ( 'NONE', #93, #4896 ) ;
#8762 = PLANE ( 'NONE',  #4752 ) ;
#8763 = VERTEX_POINT ( 'NONE', #9213 ) ;
#8764 = DIRECTION ( 'NONE',  ( 0.000000000000000000, 0.000000000000000000, 1.000000000000000000 ) ) ;
#8765 = SECURITY_CLASSIFICATION_LEVEL ( 'unclassified' ) ;
#8766 = EDGE_CURVE ( 'NONE', #3218, #8356, #492, .T. ) ;
#8767 = LOCAL_TIME ( 2, 39, 17.00000000000000000, #3915 ) ;
#8768 = CALENDAR_DATE ( 2026, 3, 10 ) ;
#8769 = VECTOR ( 'NONE', #5381, 1000.000000000000000 ) ;
#8770 = LINE ( 'NONE', #6775, #1034 ) ;
#8771 = CC_DESIGN_APPROVAL ( #5145, ( #8171 ) ) ;
#8772 = LINE ( 'NONE', #458, #924 ) ;
#8773 = ORIENTED_EDGE ( 'NONE', *, *, #6480, .F. ) ;
#8774 = ORIENTED_EDGE ( 'NONE', *, *, #5292, .T. ) ;
#8775 = CARTESIAN_POINT ( 'NONE',  ( 16.67859365668659422, -39.09077406321897286, 24.21736415593752412 ) ) ;
#8776 = CIRCLE ( 'NONE', #6807, 5.000000000004832579 ) ;
#8777 = EDGE_LOOP ( 'NONE', ( #1156, #8475, #8892, #6090 ) ) ;
#8778 = DIRECTION ( 'NONE',  ( 0.000000000000000000, 0.000000000000000000, 1.000000000000000000 ) ) ;
#8779 = CARTESIAN_POINT ( 'NONE',  ( 1.237053054665496088, 0.2777589635784699640, -2.636779683484746784E-13 ) ) ;
#8780 = APPROVAL_PERSON_ORGANIZATION ( #755, #8527, #7314 ) ;
#8781 = ADVANCED_FACE ( 'NONE', ( #2814 ), #4208, .F. ) ;
#8782 = PERSON_AND_ORGANIZATION ( #2940, #5543 ) ;
#8783 = DATE_TIME_ROLE ( 'classification_date' ) ;
#8784 = DIRECTION ( 'NONE',  ( 0.05233595624293712473, -0.9986295347545742773, 0.000000000000000000 ) ) ;
#8785 = B_SPLINE_CURVE_WITH_KNOTS ( 'NONE', 3,
 ( #4637, #476, #9140, #3923, #380, #6219, #6998, #419, #4135, #7796, #8474, #3366, #4187, #2934, #7932, #5698 ),
 .UNSPECIFIED., .F., .F.,
 ( 4, 2, 2, 2, 2, 2, 2, 4 ),
 ( 3.878959614448864246E-18, 0.002744704184498274885, 0.004117056276747411460, 0.005489408368996548902, 0.006861760461245686345, 0.007547936507370254199, 0.008234112553494824654, 0.01097881673799311689 ),
 .UNSPECIFIED. ) ;
#8786 = CARTESIAN_POINT ( 'NONE',  ( -36.00000000000000000, 0.000000000000000000, 19.00000000000000000 ) ) ;
#8787 = CARTESIAN_POINT ( 'NONE',  ( -7.999999999999992895, 55.59999999999998010, -6.999999999999999112 ) ) ;
#8788 = ORIENTED_EDGE ( 'NONE', *, *, #1412, .F. ) ;
#8789 = VERTEX_POINT ( 'NONE', #2087 ) ;
#8790 = SECURITY_CLASSIFICATION ( '', '', #1990 ) ;
#8791 = VERTEX_POINT ( 'NONE', #3342 ) ;
#8792 = DESIGN_CONTEXT ( 'detailed design', #8352, 'design' ) ;
#8793 = CARTESIAN_POINT ( 'NONE',  ( 1.725022993852668420E-14, 145.5999999999999943, -4.999999999999999112 ) ) ;
#8794 = EDGE_LOOP ( 'NONE', ( #6092, #8080, #444, #3286, #8045, #1146, #4322, #95 ) ) ;
#8795 = CARTESIAN_POINT ( 'NONE',  ( -63.46176972075306821, -48.70938086149426027, 61.00000000000000000 ) ) ;
#8796 = CARTESIAN_POINT ( 'NONE',  ( -72.58851402040927780, -3.261852844470717105, -10.23457294677929141 ) ) ;
#8797 = EDGE_CURVE ( 'NONE', #151, #3447, #4316, .T. ) ;
#8798 = CARTESIAN_POINT ( 'NONE',  ( 766.4917328678886861, -193.6459258667371444, 120.8219632338041549 ) ) ;
#8799 = CARTESIAN_POINT ( 'NONE',  ( -16.32195228891180605, 39.24124001508850057, 31.41740831937802625 ) ) ;
#8800 = ORIENTED_EDGE ( 'NONE', *, *, #8564, .T. ) ;
#8801 = CARTESIAN_POINT ( 'NONE',  ( -21.89621207034802453, 31.05783950380968150, 21.76919284418122302 ) ) ;
#8802 = ORIENTED_EDGE ( 'NONE', *, *, #7894, .F. ) ;
#8803 = CARTESIAN_POINT ( 'NONE',  ( 22.60674509764856310, 29.99999999999999645, -9.035951316818355394 ) ) ;
#8804 = LINE ( 'NONE', #803, #7021 ) ;
#8805 = ORIENTED_EDGE ( 'NONE', *, *, #1388, .T. ) ;
#8806 = CARTESIAN_POINT ( 'NONE',  ( 38.89087296525944026, 38.89087296525845971, -281.0000000000000000 ) ) ;
#8807 = CARTESIAN_POINT ( 'NONE',  ( -38.24142034057916817, -18.56141300006240513, 16.21757619089964209 ) ) ;
#8808 = ADVANCED_FACE ( 'NONE', ( #6377, #4864 ), #395, .F. ) ;
#8809 = VERTEX_POINT ( 'NONE', #4252 ) ;
#8810 = DIRECTION ( 'NONE',  ( 0.05233595624293712473, 0.9986295347545742773, 0.000000000000000000 ) ) ;
#8811 = EDGE_CURVE ( 'NONE', #2075, #5647, #3068, .T. ) ;
#8812 = CONTEXT_DEPENDENT_SHAPE_REPRESENTATION ( #331, #6624 ) ;
#8813 = SHAPE_REPRESENTATION ( 'piston_pin', ( #8931 ), #2371 ) ;
#8814 = DIRECTION ( 'NONE',  ( 0.000000000000000000, 0.000000000000000000, 1.000000000000000000 ) ) ;
#8815 = DIRECTION ( 'NONE',  ( 1.000000000000000000, 0.000000000000000000, 0.000000000000000000 ) ) ;
#8816 = ORIENTED_EDGE ( 'NONE', *, *, #5339, .F. ) ;
#8817 = DIRECTION ( 'NONE',  ( 1.000000000000000000, 0.000000000000000000, 0.000000000000000000 ) ) ;
#8818 = VERTEX_POINT ( 'NONE', #5619 ) ;
#8819 = CARTESIAN_POINT ( 'NONE',  ( -1.459721138882919211, -6.770804553811569093, -10.25000000000028244 ) ) ;
#8820 = APPROVAL_STATUS ( 'not_yet_approved' ) ;
#8821 = CALENDAR_DATE ( 2026, 3, 10 ) ;
#8822 = CARTESIAN_POINT ( 'NONE',  ( 35.99999999999968736, 44.00000000000024869, 61.00000000000000000 ) ) ;
#8823 = CC_DESIGN_PERSON_AND_ORGANIZATION_ASSIGNMENT ( #147, #2568, ( #6170 ) ) ;
#8824 = EDGE_LOOP ( 'NONE', ( #657, #8518, #1444, #6826 ) ) ;
#8825 = EDGE_CURVE ( 'NONE', #2430, #8621, #7247, .T. ) ;
#8826 = FACE_OUTER_BOUND ( 'NONE', #1464, .T. ) ;
#8827 = ORIENTED_EDGE ( 'NONE', *, *, #7724, .T. ) ;
#8828 = ORIENTED_EDGE ( 'NONE', *, *, #2233, .T. ) ;
#8829 = CARTESIAN_POINT ( 'NONE',  ( 16.02669835496351425, -39.36506178217974394, 21.52284558481910182 ) ) ;
#8830 = VERTEX_POINT ( 'NONE', #9256 ) ;
#8831 = DIRECTION ( 'NONE',  ( -0.000000000000000000, -0.000000000000000000, 1.000000000000000000 ) ) ;
#8832 = DIRECTION ( 'NONE',  ( 0.9588197348681938292, 0.2840153447039202583, 0.000000000000000000 ) ) ;
#8833 = SHAPE_DEFINITION_REPRESENTATION ( #1140, #2652 ) ;
#8834 = COORDINATED_UNIVERSAL_TIME_OFFSET ( 5, 30, .AHEAD. ) ;
#8835 = CARTESIAN_POINT ( 'NONE',  ( -36.00000000000029843, 43.99999999999974420, 15.00000000000000000 ) ) ;
#8836 = LINE ( 'NONE', #2344, #5193 ) ;
#8837 = ORIENTED_EDGE ( 'NONE', *, *, #8446, .F. ) ;
#8838 = EDGE_CURVE ( 'NONE', #6474, #2648, #660, .T. ) ;
#8839 = AXIS2_PLACEMENT_3D ( 'NONE', #9085, #5422, #6609 ) ;
#8840 = VERTEX_POINT ( 'NONE', #7195 ) ;
#8841 = CARTESIAN_POINT ( 'NONE',  ( -74.76294694533464735, -7.309236489168396744, -7.500000000000007105 ) ) ;
#8842 = CARTESIAN_POINT ( 'NONE',  ( -72.43911042739564721, -4.540626495887338798, -10.24221736897021273 ) ) ;
#8843 = B_SPLINE_CURVE_WITH_KNOTS ( 'NONE', 1,
 ( #3049, #8716 ),
 .UNSPECIFIED., .F., .F.,
 ( 2, 2 ),
 ( 0.000000000000000000, 1.000000000000000000 ),
 .UNSPECIFIED. ) ;
#8844 = DIRECTION ( 'NONE',  ( 1.000000000000000000, 0.000000000000000000, 0.000000000000000000 ) ) ;
#8845 = PRODUCT_DEFINITION_SHAPE ( 'NONE', 'NONE',  #9471 ) ;
#8846 = ADVANCED_FACE ( 'NONE', ( #6475 ), #3780, .F. ) ;
#8847 = CARTESIAN_POINT ( 'NONE',  ( -19.44290607720413178, 32.65179570607817539, 38.34720824912839277 ) ) ;
#8848 = EDGE_LOOP ( 'NONE', ( #6802, #5252 ) ) ;
#8849 = CARTESIAN_POINT ( 'NONE',  ( 8.000000000000000000, 145.5999999999999943, -9.000000000000000000 ) ) ;
#8850 = VERTEX_POINT ( 'NONE', #1491 ) ;
#8851 = DIRECTION ( 'NONE',  ( 0.000000000000000000, 0.000000000000000000, -1.000000000000000000 ) ) ;
#8852 = LINE ( 'NONE', #1579, #7023 ) ;
#8853 = VECTOR ( 'NONE', #6011, 1000.000000000000000 ) ;
#8854 = ORIENTED_EDGE ( 'NONE', *, *, #4922, .T. ) ;
#8855 = CIRCLE ( 'NONE', #6542, 5.000000000000007105 ) ;
#8856 = FACE_OUTER_BOUND ( 'NONE', #4612, .T. ) ;
#8857 = COORDINATED_UNIVERSAL_TIME_OFFSET ( 5, 30, .AHEAD. ) ;
#8858 = DIRECTION ( 'NONE',  ( 0.000000000000000000, 1.000000000000000000, 0.000000000000000000 ) ) ;
#8859 = AXIS2_PLACEMENT_3D ( 'NONE', #4577, #3865, #9009 ) ;
#8860 = EDGE_CURVE ( 'NONE', #3496, #9017, #5287, .T. ) ;
#8861 = AXIS2_PLACEMENT_3D ( 'NONE', #5217, #18, #2972 ) ;
#8862 = EDGE_CURVE ( 'NONE', #1547, #4935, #6663, .T. ) ;
#8863 = CARTESIAN_POINT ( 'NONE',  ( 42.50000000000000711, 5.204748896376250896E-15, 90.00000000000000000 ) ) ;
#8864 = EDGE_LOOP ( 'NONE', ( #1407, #1741, #1743, #7141 ) ) ;
#8865 = CARTESIAN_POINT ( 'NONE',  ( -1.030432304228876673E-14, 55.59999999999998010, -4.999999999999999112 ) ) ;
#8866 = ORIENTED_EDGE ( 'NONE', *, *, #2376, .F. ) ;
#8867 = AXIS2_PLACEMENT_3D ( 'NONE', #8133, #86, #5231 ) ;
#8868 = DIRECTION ( 'NONE',  ( -0.9588197348681957166, 0.2840153447039135415, 0.000000000000000000 ) ) ;
#8869 = CALENDAR_DATE ( 2026, 3, 10 ) ;
#8870 = AXIS2_PLACEMENT_3D ( 'NONE', #5896, #6081, #8817 ) ;
#8871 = PERSON_AND_ORGANIZATION ( #2940, #5543 ) ;
#8872 = AXIS2_PLACEMENT_3D ( 'NONE', #2154, #2203, #4407 ) ;
#8873 = AXIS2_PLACEMENT_3D ( 'NONE', #8648, #2099, #5017 ) ;
#8874 = FACE_OUTER_BOUND ( 'NONE', #5936, .T. ) ;
#8875 = CARTESIAN_POINT ( 'NONE',  ( -42.50000000000001421, 5.204748896376253263E-15, 90.00000000000000000 ) ) ;
#8876 = VECTOR ( 'NONE', #2383, 1000.000000000000000 ) ;
#8877 = ORIENTED_EDGE ( 'NONE', *, *, #6822, .T. ) ;
#8878 = CARTESIAN_POINT ( 'NONE',  ( 0.000000000000000000, 0.000000000000000000, 90.00000000000000000 ) ) ;
#8879 = CARTESIAN_POINT ( 'NONE',  ( 5.477071429701201311, -42.14903125518318205, 42.99761258443324152 ) ) ;
#8880 = CC_DESIGN_APPROVAL ( #7656, ( #5227 ) ) ;
#8881 = AXIS2_PLACEMENT_3D ( 'NONE', #7261, #2789, #5599 ) ;
#8882 = ORIENTED_EDGE ( 'NONE', *, *, #3966, .T. ) ;
#8883 = CARTESIAN_POINT ( 'NONE',  ( -39.50000000000000000, 4.837354856632044663E-15, 78.29999999999999716 ) ) ;
#8884 = PERSON_AND_ORGANIZATION ( #2940, #5543 ) ;
#8885 = CC_DESIGN_PERSON_AND_ORGANIZATION_ASSIGNMENT ( #579, #4112, ( #1497 ) ) ;
#8886 = DIRECTION ( 'NONE',  ( -1.000000000000000000, 0.000000000000000000, 0.000000000000000000 ) ) ;
#8887 = LOCAL_TIME ( 2, 39, 17.00000000000000000, #1748 ) ;
#8888 = FACE_OUTER_BOUND ( 'NONE', #5657, .T. ) ;
#8889 = AXIS2_PLACEMENT_3D ( 'NONE', #3797, #7604, #7689 ) ;
#8890 = VERTEX_POINT ( 'NONE', #8883 ) ;
#8891 = FACE_OUTER_BOUND ( 'NONE', #3900, .T. ) ;
#8892 = ORIENTED_EDGE ( 'NONE', *, *, #1328, .T. ) ;
#8893 = DIRECTION ( 'NONE',  ( 1.000000000000000000, -0.000000000000000000, -0.000000000000000000 ) ) ;
#8894 = CC_DESIGN_APPROVAL ( #5765, ( #6911 ) ) ;
#8895 = CARTESIAN_POINT ( 'NONE',  ( 28.73430167230766585, 24.86864122103965258, 8.614342402022785450 ) ) ;
#8896 = DIRECTION ( 'NONE',  ( 0.000000000000000000, 0.000000000000000000, 1.000000000000000000 ) ) ;
#8897 = VECTOR ( 'NONE', #5761, 1000.000000000000000 ) ;
#8898 = ADVANCED_FACE ( 'NONE', ( #9395 ), #1344, .F. ) ;
#8899 = VERTEX_POINT ( 'NONE', #5961 ) ;
#8900 = AXIS2_PLACEMENT_3D ( 'NONE', #8671, #1394, #7760 ) ;
#8901 = CARTESIAN_POINT ( 'NONE',  ( -13.77337537138352985, 35.42108195941668214, 44.80623625218704831 ) ) ;
#8902 = VERTEX_POINT ( 'NONE', #4299 ) ;
#8903 = CARTESIAN_POINT ( 'NONE',  ( -29.64746461102429720, 23.77201966113993947, 11.57626703964772830 ) ) ;
#8904 = B_SPLINE_CURVE_WITH_KNOTS ( 'NONE', 3,
 ( #1779, #2464, #9135, #278 ),
 .UNSPECIFIED., .F., .F.,
 ( 4, 4 ),
 ( 0.000000000000000000, 1.000000000000000000 ),
 .UNSPECIFIED. ) ;
#8905 = ORIENTED_EDGE ( 'NONE', *, *, #1241, .F. ) ;
#8906 = CARTESIAN_POINT ( 'NONE',  ( 0.000000000000000000, 0.000000000000000000, 0.000000000000000000 ) ) ;
#8907 = DIRECTION ( 'NONE',  ( 0.000000000000000000, 0.000000000000000000, -1.000000000000000000 ) ) ;
#8908 = ORIENTED_EDGE ( 'NONE', *, *, #8237, .F. ) ;
#8909 = CARTESIAN_POINT ( 'NONE',  ( -38.00000000000000000, -5.622424979498922899E-20, 20.77501000800801023 ) ) ;
#8910 = EDGE_CURVE ( 'NONE', #8653, #9212, #2182, .T. ) ;
#8911 = CALENDAR_DATE ( 2026, 3, 10 ) ;
#8912 = DIRECTION ( 'NONE',  ( 0.000000000000000000, 0.000000000000000000, -1.000000000000000000 ) ) ;
#8913 = ORIENTED_EDGE ( 'NONE', *, *, #3373, .T. ) ;
#8914 = CARTESIAN_POINT ( 'NONE',  ( 38.00000000000000000, 0.000000000000000000, 8.999999999999998224 ) ) ;
#8915 = VERTEX_POINT ( 'NONE', #5006 ) ;
#8916 = CARTESIAN_POINT ( 'NONE',  ( -32.31098884280702777, 19.99999999999999645, 15.41602615938556120 ) ) ;
#8917 = CALENDAR_DATE ( 2026, 3, 10 ) ;
#8918 = ADVANCED_FACE ( 'NONE', ( #8107 ), #4343, .T. ) ;
#8919 = DATE_AND_TIME ( #1785, #9228 ) ;
#8920 = EDGE_CURVE ( 'NONE', #7075, #848, #6940, .T. ) ;
#8921 = DIRECTION ( 'NONE',  ( 1.000000000000000000, 0.000000000000000000, 0.000000000000000000 ) ) ;
#8922 = VECTOR ( 'NONE', #159, 999.9999999999998863 ) ;
#8923 = FACE_OUTER_BOUND ( 'NONE', #4220, .T. ) ;
#8924 = ORIENTED_EDGE ( 'NONE', *, *, #6392, .T. ) ;
#8925 = DIRECTION ( 'NONE',  ( 1.000000000000000000, 0.000000000000000000, 0.000000000000000000 ) ) ;
#8926 = FACE_BOUND ( 'NONE', #8395, .T. ) ;
#8927 = ORIENTED_EDGE ( 'NONE', *, *, #3783, .F. ) ;
#8928 = CARTESIAN_POINT ( 'NONE',  ( -42.26054767080085384, 4.527923178191943343, 20.52050203214896484 ) ) ;
#8929 = EDGE_CURVE ( 'NONE', #7421, #4703, #6016, .T. ) ;
#8930 = PERSON_AND_ORGANIZATION_ROLE ( 'design_supplier' ) ;
#8931 = AXIS2_PLACEMENT_3D ( 'NONE', #6948, #5555, #4709 ) ;
#8932 = CALENDAR_DATE ( 2026, 3, 10 ) ;
#8933 = PLANE ( 'NONE',  #5200 ) ;
#8934 = LOCAL_TIME ( 2, 39, 17.00000000000000000, #7437 ) ;
#8935 = CARTESIAN_POINT ( 'NONE',  ( -75.06920851186428933, -4.789884543526066629, 7.493799108736796555 ) ) ;
#8936 = FACE_OUTER_BOUND ( 'NONE', #4743, .T. ) ;
#8937 = EDGE_LOOP ( 'NONE', ( #6552, #132, #7426, #1164 ) ) ;
#8938 = CIRCLE ( 'NONE', #9095, 42.50000000000000711 ) ;
#8939 = CC_DESIGN_PERSON_AND_ORGANIZATION_ASSIGNMENT ( #9289, #3427, ( #7037 ) ) ;
#8940 = CARTESIAN_POINT ( 'NONE',  ( -1.359141517344025551, -6.267044449791137062, -10.24993251604839806 ) ) ;
#8941 = ORIENTED_EDGE ( 'NONE', *, *, #8667, .F. ) ;
#8942 = CARTESIAN_POINT ( 'NONE',  ( -30.19214044603581115, 63.60700526054061044, -38.00000000000000000 ) ) ;
#8943 = CARTESIAN_POINT ( 'NONE',  ( 29.46327251676850523, 24.00514173334030588, 11.19057916209783166 ) ) ;
#8944 = DIRECTION ( 'NONE',  ( 1.000000000000000000, 0.000000000000000000, 0.000000000000000000 ) ) ;
#8945 = AXIS2_PLACEMENT_3D ( 'NONE', #7061, #3436, #6335 ) ;
#8946 = ORGANIZATION ( 'NAUO-ORG26', 'UNSPECIFIED', 'UNSPECIFIED' ) ;
#8947 = CC_DESIGN_SECURITY_CLASSIFICATION ( #5726, ( #9466 ) ) ;
#8948 = ORIENTED_EDGE ( 'NONE', *, *, #3552, .F. ) ;
#8949 = CARTESIAN_POINT ( 'NONE',  ( -21.27533218563853268, 31.48699547379060704, 34.35935025211278315 ) ) ;
#8950 = APPROVAL ( #5565, 'UNKNOWN' ) ;
#8951 = ORIENTED_EDGE ( 'NONE', *, *, #4744, .T. ) ;
#8952 = ADVANCED_FACE ( 'NONE', ( #6516 ), #107, .T. ) ;
#8953 = CARTESIAN_POINT ( 'NONE',  ( -28.61817604250837377, 25.00000000000001421, 7.228669348221283819 ) ) ;
#8954 = ORIENTED_EDGE ( 'NONE', *, *, #3589, .F. ) ;
#8955 = CARTESIAN_POINT ( 'NONE',  ( 0.000000000000000000, 0.000000000000000000, 175.0000000000000000 ) ) ;
#8956 = DIRECTION ( 'NONE',  ( 1.000000000000000000, 0.000000000000000000, 0.000000000000000000 ) ) ;
#8957 = DIRECTION ( 'NONE',  ( 0.9986295347545742773, -0.05233595624293712473, 0.000000000000000000 ) ) ;
#8958 = CONTEXT_DEPENDENT_SHAPE_REPRESENTATION ( #2679, #41 ) ;
#8959 = CARTESIAN_POINT ( 'NONE',  ( -38.89087296526409432, -38.89087296525845971, -281.0000000000000000 ) ) ;
#8960 = CARTESIAN_POINT ( 'NONE',  ( 0.000000000000000000, 0.000000000000000000, 0.000000000000000000 ) ) ;
#8961 = ADVANCED_FACE ( 'NONE', ( #2904 ), #3727, .F. ) ;
#8962 = DIRECTION ( 'NONE',  ( -0.000000000000000000, -0.000000000000000000, 1.000000000000000000 ) ) ;
#8963 = ORIENTED_EDGE ( 'NONE', *, *, #9419, .F. ) ;
#8964 = CARTESIAN_POINT ( 'NONE',  ( 0.000000000000000000, 0.000000000000000000, -19.00000000000000000 ) ) ;
#8965 = PERSON_AND_ORGANIZATION ( #4657, #5724 ) ;
#8966 = DATE_TIME_ROLE ( 'creation_date' ) ;
#8967 = CARTESIAN_POINT ( 'NONE',  ( 0.000000000000000000, -22.00000000000000355, 27.00000000000000000 ) ) ;
#8968 = EDGE_CURVE ( 'NONE', #6451, #7306, #5105, .T. ) ;
#8969 = DIRECTION ( 'NONE',  ( 0.000000000000000000, 0.000000000000000000, -1.000000000000000000 ) ) ;
#8970 = ORIENTED_EDGE ( 'NONE', *, *, #4620, .T. ) ;
#8971 = CARTESIAN_POINT ( 'NONE',  ( -47.79006334927986188, -67.49197648486170920, -7.500000000000000000 ) ) ;
#8972 = CARTESIAN_POINT ( 'NONE',  ( 4.429790972292994233, -42.28293107361911751, 10.65228769532614805 ) ) ;
#8973 = EDGE_LOOP ( 'NONE', ( #8116, #4484, #500 ) ) ;
#8974 = DIRECTION ( 'NONE',  ( -0.000000000000000000, 0.000000000000000000, 1.000000000000000000 ) ) ;
#8975 = APPROVAL_DATE_TIME ( #6009, #1862 ) ;
#8976 = COORDINATED_UNIVERSAL_TIME_OFFSET ( 5, 30, .AHEAD. ) ;
#8977 = CARTESIAN_POINT ( 'NONE',  ( 37.30624711280324846, -20.36328666349393046, 15.20628250642432810 ) ) ;
#8978 = CARTESIAN_POINT ( 'NONE',  ( 10.31597939501527605, 41.23131518330558265, 13.60260786444488268 ) ) ;
#8979 = CYLINDRICAL_SURFACE ( 'NONE', #2599, 7.999999999999983125 ) ;
#8980 = ADVANCED_BREP_SHAPE_REPRESENTATION ( '', ( #408, #8931 ), #1593 ) ;
#8981 = ORIENTED_EDGE ( 'NONE', *, *, #1615, .F. ) ;
#8982 = EDGE_CURVE ( 'NONE', #6549, #4810, #6571, .T. ) ;
#8983 = ADVANCED_FACE ( 'NONE', ( #2236, #8052 ), #830, .F. ) ;
#8984 = ORIENTED_EDGE ( 'NONE', *, *, #8499, .T. ) ;
#8985 = CYLINDRICAL_SURFACE ( 'NONE', #4753, 36.00000000000000000 ) ;
#8986 = DESIGN_CONTEXT ( 'detailed design', #683, 'design' ) ;
#8987 = DIRECTION ( 'NONE',  ( 0.000000000000000000, 0.000000000000000000, -1.000000000000000000 ) ) ;
#8988 = ORIENTED_EDGE ( 'NONE', *, *, #77, .T. ) ;
#8989 = CARTESIAN_POINT ( 'NONE',  ( 1.237053054665496088, -7.309236489167765249, -7.500000000000140332 ) ) ;
#8990 = CARTESIAN_POINT ( 'NONE',  ( -72.48643385984706811, -4.175621889083544147, -10.24007760464797201 ) ) ;
#8991 = DIRECTION ( 'NONE',  ( 0.000000000000000000, 0.000000000000000000, -1.000000000000000000 ) ) ;
#8992 = ORIENTED_EDGE ( 'NONE', *, *, #1941, .F. ) ;
#8993 = CARTESIAN_POINT ( 'NONE',  ( 0.000000000000000000, 0.000000000000000000, -228.0000000000000000 ) ) ;
#8994 = ORIENTED_EDGE ( 'NONE', *, *, #1841, .F. ) ;
#8995 = DIRECTION ( 'NONE',  ( 0.000000000000000000, 0.000000000000000000, -1.000000000000000000 ) ) ;
#8996 = DIRECTION ( 'NONE',  ( 0.000000000000000000, -0.000000000000000000, -1.000000000000000000 ) ) ;
#8997 = LINE ( 'NONE', #273, #3515 ) ;
#8998 = DIRECTION ( 'NONE',  ( -0.000000000000000000, -0.000000000000000000, -1.000000000000000000 ) ) ;
#8999 = AXIS2_PLACEMENT_3D ( 'NONE', #5248, #6718, #6002 ) ;
#9000 = COORDINATED_UNIVERSAL_TIME_OFFSET ( 5, 30, .AHEAD. ) ;
#9001 = CC_DESIGN_DATE_AND_TIME_ASSIGNMENT ( #818, #1829, ( #6592 ) ) ;
#9002 = EDGE_CURVE ( 'NONE', #1963, #5232, #7387, .T. ) ;
#9003 = CARTESIAN_POINT ( 'NONE',  ( -1.459721138882902336, -6.770804553811475834, 10.24999999999978328 ) ) ;
#9004 = EDGE_LOOP ( 'NONE', ( #544, #5638, #3129, #7860 ) ) ;
#9005 = CARTESIAN_POINT ( 'NONE',  ( 38.00000000000000000, 30.00000000000000000, 0.000000000000000000 ) ) ;
#9006 = VECTOR ( 'NONE', #2289, 1000.000000000000000 ) ;
#9007 = AXIS2_PLACEMENT_3D ( 'NONE', #6347, #2001, #4875 ) ;
#9008 = EDGE_LOOP ( 'NONE', ( #2290, #5840, #7902, #1665 ) ) ;
#9009 = DIRECTION ( 'NONE',  ( 0.000000000000000000, 0.000000000000000000, 1.000000000000000000 ) ) ;
#9010 = APPROVAL_STATUS ( 'not_yet_approved' ) ;
#9011 = EDGE_CURVE ( 'NONE', #8245, #6665, #2532, .T. ) ;
#9012 = CIRCLE ( 'NONE', #5958, 5.000000000000268230 ) ;
#9013 = CIRCLE ( 'NONE', #5510, 5.999999999999983125 ) ;
#9014 = CARTESIAN_POINT ( 'NONE',  ( 0.000000000000000000, 0.000000000000000000, -152.0000000000000000 ) ) ;
#9015 = AXIS2_PLACEMENT_3D ( 'NONE', #8658, #5832, #6406 ) ;
#9016 = CARTESIAN_POINT ( 'NONE',  ( 4.849158850067511572, -37.69114314478751027, 48.97443827795547833 ) ) ;
#9017 = VERTEX_POINT ( 'NONE', #872 ) ;
#9018 = PLANE ( 'NONE',  #6420 ) ;
#9019 = VECTOR ( 'NONE', #3909, 1000.000000000000000 ) ;
#9020 = AXIS2_PLACEMENT_3D ( 'NONE', #3413, #4229, #3497 ) ;
#9021 = ORIENTED_EDGE ( 'NONE', *, *, #4828, .T. ) ;
#9022 = CARTESIAN_POINT ( 'NONE',  ( -7.999999999999992895, 55.59999999999998010, 4.999999999999999112 ) ) ;
#9023 = PERSON_AND_ORGANIZATION ( #2940, #5543 ) ;
#9024 = AXIS2_PLACEMENT_3D ( 'NONE', #3259, #7683, #9080 ) ;
#9025 = CONTEXT_DEPENDENT_SHAPE_REPRESENTATION ( #3790, #5926 ) ;
#9026 = EDGE_CURVE ( 'NONE', #6404, #5484, #815, .T. ) ;
#9027 = CARTESIAN_POINT ( 'NONE',  ( 35.99999999999968736, 44.00000000000024869, 114.0000000000000000 ) ) ;
#9028 = APPLICATION_CONTEXT ( 'configuration controlled 3d designs of mechanical parts and assemblies' ) ;
#9029 = CIRCLE ( 'NONE', #4901, 5.000000000004757972 ) ;
#9030 = DIRECTION ( 'NONE',  ( -1.000000000000000000, 0.000000000000000000, 0.000000000000000000 ) ) ;
#9031 = VECTOR ( 'NONE', #5190, 1000.000000000000000 ) ;
#9032 = VERTEX_POINT ( 'NONE', #1067 ) ;
#9033 = CIRCLE ( 'NONE', #7655, 27.00000000000000000 ) ;
#9034 = ORIENTED_EDGE ( 'NONE', *, *, #2376, .T. ) ;
#9035 = FACE_OUTER_BOUND ( 'NONE', #679, .T. ) ;
#9036 = VERTEX_POINT ( 'NONE', #296 ) ;
#9037 = CARTESIAN_POINT ( 'NONE',  ( -4.669375383830730407E-12, -55.00000000000000000, -266.0000000000000000 ) ) ;
#9038 = CARTESIAN_POINT ( 'NONE',  ( 17.83095878342683349, 31.62076068670121387, -9.935230044726436560 ) ) ;
#9039 = AXIS2_PLACEMENT_3D ( 'NONE', #6367, #4811, #7851 ) ;
#9040 = DIRECTION ( 'NONE',  ( -1.110223024625156540E-16, -1.000000000000000000, -2.705679627742444356E-16 ) ) ;
#9041 = ADVANCED_FACE ( 'NONE', ( #3925 ), #5405, .F. ) ;
#9042 = CC_DESIGN_APPROVAL ( #8178, ( #6127 ) ) ;
#9043 = EDGE_CURVE ( 'NONE', #622, #9418, #2525, .T. ) ;
#9044 = VECTOR ( 'NONE', #244, 1000.000000000000000 ) ;
#9045 = EDGE_LOOP ( 'NONE', ( #5684, #2716 ) ) ;
#9046 = FACE_OUTER_BOUND ( 'NONE', #8275, .T. ) ;
#9047 = CARTESIAN_POINT ( 'NONE',  ( -36.73243031067845976, 21.38052015231711778, 14.46713570837795615 ) ) ;
#9048 = ORIENTED_EDGE ( 'NONE', *, *, #2175, .F. ) ;
#9049 = CARTESIAN_POINT ( 'NONE',  ( -35.30553202143224922, 0.000000000000000000, 0.000000000000000000 ) ) ;
#9050 = ORIENTED_EDGE ( 'NONE', *, *, #2415, .T. ) ;
#9051 = CARTESIAN_POINT ( 'NONE',  ( -17.74162203137373339, 33.32540746386427344, 9.000000000000001776 ) ) ;
#9052 = CARTESIAN_POINT ( 'NONE',  ( 0.000000000000000000, 0.000000000000000000, 66.69999999999998863 ) ) ;
#9053 = DIRECTION ( 'NONE',  ( -0.000000000000000000, 1.000000000000000000, -0.000000000000000000 ) ) ;
#9054 =( LENGTH_UNIT ( ) NAMED_UNIT ( * ) SI_UNIT ( .MILLI., .METRE. ) );
#9055 = VECTOR ( 'NONE', #6103, 1000.000000000000000 ) ;
#9056 = DIRECTION ( 'NONE',  ( 1.000000000000000000, 0.000000000000000000, 0.000000000000000000 ) ) ;
#9057 = CARTESIAN_POINT ( 'NONE',  ( -1.254880666821633906, -5.655409056988069949, 10.24767084051482868 ) ) ;
#9058 = ORIENTED_EDGE ( 'NONE', *, *, #8862, .T. ) ;
#9059 = ORIENTED_EDGE ( 'NONE', *, *, #2953, .T. ) ;
#9060 = DIRECTION ( 'NONE',  ( 0.000000000000000000, 0.000000000000000000, 1.000000000000000000 ) ) ;
#9061 = ORIENTED_EDGE ( 'NONE', *, *, #6382, .F. ) ;
#9062 = DIRECTION ( 'NONE',  ( -0.000000000000000000, -0.000000000000000000, -1.000000000000000000 ) ) ;
#9063 = APPROVAL ( #5902, 'UNSPECIFIED' ) ;
#9064 = CALENDAR_DATE ( 2026, 3, 10 ) ;
#9065 = CARTESIAN_POINT ( 'NONE',  ( -45.07812899334826540, 13.35275013547070877, 61.00000000000000000 ) ) ;
#9066 = ORIENTED_EDGE ( 'NONE', *, *, #7232, .F. ) ;
#9067 = DIRECTION ( 'NONE',  ( 0.000000000000000000, 0.000000000000000000, -1.000000000000000000 ) ) ;
#9068 = EDGE_CURVE ( 'NONE', #4351, #6792, #206, .T. ) ;
#9069 = CARTESIAN_POINT ( 'NONE',  ( -42.47129915490192076, 1.807183029722907230, 20.74451949956077712 ) ) ;
#9070 = APPLICATION_PROTOCOL_DEFINITION ( 'international standard', 'config_control_design', 1994, #1730 ) ;
#9071 = CONTEXT_DEPENDENT_SHAPE_REPRESENTATION ( #6085, #5169 ) ;
#9072 = CYLINDRICAL_SURFACE ( 'NONE', #7160, 40.00000000000000711 ) ;
#9073 = CARTESIAN_POINT ( 'NONE',  ( 63.46176972075341638, 48.70938086149381974, 175.0000000000000000 ) ) ;
#9074 = EDGE_LOOP ( 'NONE', ( #357, #3768 ) ) ;
#9075 = EDGE_CURVE ( 'NONE', #3975, #6017, #964, .T. ) ;
#9076 = DIRECTION ( 'NONE',  ( -0.000000000000000000, -0.000000000000000000, 1.000000000000000000 ) ) ;
#9077 = AXIS2_PLACEMENT_3D ( 'NONE', #4441, #5757, #8675 ) ;
#9078 = ORIENTED_EDGE ( 'NONE', *, *, #4247, .F. ) ;
#9079 = DIRECTION ( 'NONE',  ( -0.000000000000000000, 1.000000000000000000, -0.000000000000000000 ) ) ;
#9080 = DIRECTION ( 'NONE',  ( -1.000000000000000000, 0.000000000000000000, 0.000000000000000000 ) ) ;
#9081 = CARTESIAN_POINT ( 'NONE',  ( 777.1934995215921163, -408.8260987355196789, 196.8219632337983001 ) ) ;
#9082 = CC_DESIGN_SECURITY_CLASSIFICATION ( #6950, ( #2983 ) ) ;
#9083 = FACE_BOUND ( 'NONE', #7419, .T. ) ;
#9084 = ORIENTED_EDGE ( 'NONE', *, *, #8391, .T. ) ;
#9085 = CARTESIAN_POINT ( 'NONE',  ( -55.00000000000233058, 2.334687691915365203E-12, -281.0000000000000000 ) ) ;
#9086 = CIRCLE ( 'NONE', #821, 36.00000000000000000 ) ;
#9087 = CARTESIAN_POINT ( 'NONE',  ( -37.50000000000001421, 20.00000000000000000, 15.41602615938556475 ) ) ;
#9088 = EDGE_LOOP ( 'NONE', ( #2834, #2592, #9348, #3739 ) ) ;
#9089 = LOCAL_TIME ( 2, 39, 17.00000000000000000, #4942 ) ;
#9090 = EDGE_CURVE ( 'NONE', #7806, #2765, #7588, .T. ) ;
#9091 = CARTESIAN_POINT ( 'NONE',  ( 30.18959104965163576, -23.08027587451876528, 12.66260854441431150 ) ) ;
#9092 = ORIENTED_EDGE ( 'NONE', *, *, #2890, .F. ) ;
#9093 = CARTESIAN_POINT ( 'NONE',  ( -42.50000000000000711, 25.00000000000000000, 0.000000000000000000 ) ) ;
#9094 = DIRECTION ( 'NONE',  ( 0.000000000000000000, 0.000000000000000000, -1.000000000000000000 ) ) ;
#9095 = AXIS2_PLACEMENT_3D ( 'NONE', #4663, #3949, #6804 ) ;
#9096 = DIRECTION ( 'NONE',  ( 1.000000000000000000, 6.982962677686266711E-15, 0.000000000000000000 ) ) ;
#9097 = ORIENTED_EDGE ( 'NONE', *, *, #2300, .T. ) ;
#9098 = CC_DESIGN_APPROVAL ( #4097, ( #1132 ) ) ;
#9099 = LOCAL_TIME ( 2, 39, 17.00000000000000000, #8834 ) ;
#9100 = EDGE_CURVE ( 'NONE', #4852, #6835, #6727, .T. ) ;
#9101 = CARTESIAN_POINT ( 'NONE',  ( 37.50000000000000711, 20.00000000000000000, 15.41602615938556120 ) ) ;
#9102 = EDGE_CURVE ( 'NONE', #8538, #4991, #7551, .T. ) ;
#9103 = DIRECTION ( 'NONE',  ( 0.000000000000000000, 0.000000000000000000, -1.000000000000000000 ) ) ;
#9104 = SECURITY_CLASSIFICATION_LEVEL ( 'unclassified' ) ;
#9105 = CARTESIAN_POINT ( 'NONE',  ( 21.27375282508934617, 31.48807227886474180, 19.63578436496251811 ) ) ;
#9106 = CARTESIAN_POINT ( 'NONE',  ( 17.86022630152836754, -33.55391695608647495, 13.23999565280830204 ) ) ;
#9107 = VERTEX_POINT ( 'NONE', #3825 ) ;
#9108 = ORIENTED_EDGE ( 'NONE', *, *, #6395, .T. ) ;
#9109 = CYLINDRICAL_SURFACE ( 'NONE', #4009, 5.000000000001731948 ) ;
#9110 = CARTESIAN_POINT ( 'NONE',  ( 0.000000000000000000, -44.00000000000000000, 129.0000000000000000 ) ) ;
#9111 = APPROVAL_ROLE ( '' ) ;
#9112 = APPROVAL_DATE_TIME ( #3293, #7478 ) ;
#9113 = CARTESIAN_POINT ( 'NONE',  ( 32.31098884280702777, -19.99999999999999645, 15.41602615938555410 ) ) ;
#9114 = APPROVAL ( #6434, 'UNKNOWN' ) ;
#9115 = ADVANCED_FACE ( 'NONE', ( #1018 ), #3291, .T. ) ;
#9116 = CARTESIAN_POINT ( 'NONE',  ( 10.30819196881261490, 41.23328472651812859, 40.40348338156484687 ) ) ;
#9117 = ORIENTED_EDGE ( 'NONE', *, *, #9090, .F. ) ;
#9118 = DIRECTION ( 'NONE',  ( -0.000000000000000000, -0.000000000000000000, -1.000000000000000000 ) ) ;
#9119 = CARTESIAN_POINT ( 'NONE',  ( -22.45123178880929160, -30.65848607886571031, 25.47158741430597573 ) ) ;
#9120 = ORIENTED_EDGE ( 'NONE', *, *, #5930, .T. ) ;
#9121 = LINE ( 'NONE', #4030, #5444 ) ;
#9122 = CARTESIAN_POINT ( 'NONE',  ( 17.81581243475056198, 31.90977023611307573, -9.620279615917006311 ) ) ;
#9123 = DIRECTION ( 'NONE',  ( -1.000000000000000000, 0.000000000000000000, 0.000000000000000000 ) ) ;
#9124 = EDGE_CURVE ( 'NONE', #4540, #2707, #3968, .T. ) ;
#9125 = CARTESIAN_POINT ( 'NONE',  ( -3.072503578181957353E-13, 44.00000000000000000, 76.00000000000000000 ) ) ;
#9126 = CARTESIAN_POINT ( 'NONE',  ( -34.46221800625680487, 24.87359058957516211, 8.581455290019425419 ) ) ;
#9127 = ORIENTED_EDGE ( 'NONE', *, *, #2329, .T. ) ;
#9128 = CARTESIAN_POINT ( 'NONE',  ( 28.61817604250836666, -25.00000000000000355, 7.228669348221287372 ) ) ;
#9129 = ORIENTED_EDGE ( 'NONE', *, *, #188, .T. ) ;
#9130 = CARTESIAN_POINT ( 'NONE',  ( 0.000000000000000000, 0.000000000000000000, -99.00000000000000000 ) ) ;
#9131 = DIRECTION ( 'NONE',  ( 0.000000000000000000, -1.000000000000000000, 0.000000000000000000 ) ) ;
#9132 = DIRECTION ( 'NONE',  ( 1.000000000000000000, 0.000000000000000000, 0.000000000000000000 ) ) ;
#9133 = EDGE_CURVE ( 'NONE', #4597, #3777, #6185, .T. ) ;
#9134 = DIRECTION ( 'NONE',  ( 0.000000000000000000, 0.000000000000000000, -1.000000000000000000 ) ) ;
#9135 = CARTESIAN_POINT ( 'NONE',  ( -74.46212991647709600, 0.2777589635784699640, -8.394089759910132287 ) ) ;
#9136 = DIRECTION ( 'NONE',  ( -1.000000000000000000, 0.000000000000000000, 0.000000000000000000 ) ) ;
#9137 = CARTESIAN_POINT ( 'NONE',  ( 34.89292859012120829, 24.26406658245679182, 10.52749002328274841 ) ) ;
#9138 = CARTESIAN_POINT ( 'NONE',  ( -42.50000000000000711, 0.000000000000000000, 0.000000000000000000 ) ) ;
#9139 = PERSON_AND_ORGANIZATION ( #3738, #7515 ) ;
#9140 = CARTESIAN_POINT ( 'NONE',  ( -36.73016580209657889, -21.39250402686658603, 14.49168859958867372 ) ) ;
#9141 = VECTOR ( 'NONE', #561, 1000.000000000000000 ) ;
#9142 = DATE_TIME_ROLE ( 'classification_date' ) ;
#9143 = EDGE_CURVE ( 'NONE', #7389, #8493, #4589, .T. ) ;
#9144 = EDGE_CURVE ( 'NONE', #2409, #4848, #520, .T. ) ;
#9145 = CYLINDRICAL_SURFACE ( 'NONE', #2273, 42.50000000000000711 ) ;
#9146 = AXIS2_PLACEMENT_3D ( 'NONE', #5498, #6341, #1859 ) ;
#9147 = CARTESIAN_POINT ( 'NONE',  ( 3.036617420595495442, -37.88598985018475673, 4.693003915545280513 ) ) ;
#9148 = ORIENTED_EDGE ( 'NONE', *, *, #7758, .F. ) ;
#9149 = LINE ( 'NONE', #8971, #1992 ) ;
#9150 = DIRECTION ( 'NONE',  ( -0.000000000000000000, -0.000000000000000000, -1.000000000000000000 ) ) ;
#9151 = AXIS2_PLACEMENT_3D ( 'NONE', #975, #8111, #5260 ) ;
#9152 = PERSON_AND_ORGANIZATION ( #2940, #5543 ) ;
#9153 = CIRCLE ( 'NONE', #3363, 42.50000000000000711 ) ;
#9154 = CIRCLE ( 'NONE', #8243, 36.00000000000000000 ) ;
#9155 = CARTESIAN_POINT ( 'NONE',  ( -13.42942429435364815, -40.32760538463205791, 16.68236652216088700 ) ) ;
#9156 = CARTESIAN_POINT ( 'NONE',  ( 2.785592994158901270, 42.41216884946720711, 10.32180038426706226 ) ) ;
#9157 = VECTOR ( 'NONE', #2469, 1000.000000000000000 ) ;
#9158 = CIRCLE ( 'NONE', #440, 5.999999999999983125 ) ;
#9159 = CARTESIAN_POINT ( 'NONE',  ( 0.000000000000000000, 22.00000000000000355, 27.00000000000000000 ) ) ;
#9160 = CARTESIAN_POINT ( 'NONE',  ( -21.01389558211698372, -31.66276227017324985, 18.92549625986802297 ) ) ;
#9161 = CIRCLE ( 'NONE', #5973, 79.99999999999998579 ) ;
#9162 = EDGE_LOOP ( 'NONE', ( #2529, #5713 ) ) ;
#9163 = CARTESIAN_POINT ( 'NONE',  ( 0.000000000000000000, 0.000000000000000000, 0.000000000000000000 ) ) ;
#9164 = CARTESIAN_POINT ( 'NONE',  ( 27.00000000000000000, -44.00000000000000000, -167.0000000000000000 ) ) ;
#9165 = EDGE_CURVE ( 'NONE', #4703, #9032, #8182, .T. ) ;
#9166 = DIRECTION ( 'NONE',  ( 1.644633633764337843E-16, -1.000000000000000000, -3.815187130197125666E-17 ) ) ;
#9167 = SECURITY_CLASSIFICATION_LEVEL ( 'unclassified' ) ;
#9168 = CIRCLE ( 'NONE', #2147, 36.00000000000000000 ) ;
#9169 = SHAPE_REPRESENTATION ( 'piston_ring', ( #8931 ), #7357 ) ;
#9170 = DIRECTION ( 'NONE',  ( -1.000000000000000000, -6.982962677686266711E-15, 0.000000000000000000 ) ) ;
#9171 = PRODUCT_DEFINITION_SHAPE ( 'NONE', 'NONE',  #6659 ) ;
#9172 = DIRECTION ( 'NONE',  ( 0.000000000000000000, 0.000000000000000000, 1.000000000000000000 ) ) ;
#9173 = CARTESIAN_POINT ( 'NONE',  ( 0.000000000000000000, 0.000000000000000000, 114.0000000000000000 ) ) ;
#9174 = VERTEX_POINT ( 'NONE', #7852 ) ;
#9175 = FACE_OUTER_BOUND ( 'NONE', #6523, .T. ) ;
#9176 = VECTOR ( 'NONE', #2268, 1000.000000000000000 ) ;
#9177 = ORIENTED_EDGE ( 'NONE', *, *, #6994, .F. ) ;
#9178 = CARTESIAN_POINT ( 'NONE',  ( -72.77332467070695543, -0.6060916646444616251, 10.22155807107794345 ) ) ;
#9179 = ADVANCED_FACE ( 'NONE', ( #5534, #4950 ), #4856, .F. ) ;
#9180 = CC_DESIGN_APPROVAL ( #1256, ( #5526 ) ) ;
#9181 = CARTESIAN_POINT ( 'NONE',  ( 17.84498241105859861, 31.35317393100167749, 10.43670507918669976 ) ) ;
#9182 = AXIS2_PLACEMENT_3D ( 'NONE', #562, #3507, #6414 ) ;
#9183 = APPROVAL_PERSON_ORGANIZATION ( #9152, #4963, #8582 ) ;
#9184 = VECTOR ( 'NONE', #1720, 999.9999999999998863 ) ;
#9185 = CARTESIAN_POINT ( 'NONE',  ( 7.999999999999972466, 55.59999999999998010, -6.999999999999999112 ) ) ;
#9186 = CARTESIAN_POINT ( 'NONE',  ( -63.46176972075306821, -48.70938086149426027, -38.00000000000000000 ) ) ;
#9187 = CARTESIAN_POINT ( 'NONE',  ( 34.83584020179644369, 24.34589812489312521, 10.32017447555282708 ) ) ;
#9188 = LINE ( 'NONE', #2064, #9306 ) ;
#9189 = CARTESIAN_POINT ( 'NONE',  ( 7.010380955700934003, -41.92098237680633588, 11.61275160480842139 ) ) ;
#9190 = EDGE_CURVE ( 'NONE', #1368, #3984, #5612, .T. ) ;
#9191 = ORIENTED_EDGE ( 'NONE', *, *, #3186, .F. ) ;
#9192 = DATE_TIME_ROLE ( 'classification_date' ) ;
#9193 = AXIS2_PLACEMENT_3D ( 'NONE', #2552, #4077, #6981 ) ;
#9194 = B_SPLINE_CURVE_WITH_KNOTS ( 'NONE', 3,
 ( #3587, #6590, #5019, #3542, #8650, #5072, #25, #7360, #9364, #739, #7975, #2873, #2198, #1365, #4461, #2977, #4319, #2785, #5877, #5122, #8606, #8799, #8069, #6448, #2150, #641, #7162, #687, #1514, #598, #5769, #8692, #2055, #2831, #4360, #3940, #4609, #6646, #223, #1568, #2502, #1717, #3029, #7512, #4514, #2354, #5420, #847, #8174, #3894 ),
 .UNSPECIFIED., .F., .F.,
 ( 4, 2, 2, 2, 2, 2, 2, 2, 2, 2, 2, 2, 2, 2, 2, 2, 2, 2, 2, 2, 2, 2, 2, 2, 4 ),
 ( 1.626355759571800663E-18, 0.003337189642620747368, 0.005005784463931121052, 0.006674379285241493001, 0.01001156892786224037, 0.01168016374917261666, 0.01334875857048299121, 0.01501735339179336749, 0.01668594821310373857, 0.02002313785572449115, 0.02169173267703487784, 0.02336032749834526800, 0.02669751714096606221, 0.02836611196227645931, 0.03003470678358685642, 0.03337189642620763674, 0.03670908606882841707, 0.03837768089013880723, 0.04004627571144919740, 0.04338346535406999160, 0.04505206017538038177, 0.04672065499669077193, 0.05005784463931155920, 0.05172643946062195630, 0.05339503428193234646 ),
 .UNSPECIFIED. ) ;
#9195 = DIRECTION ( 'NONE',  ( 1.000000000000000000, 0.000000000000000000, 0.000000000000000000 ) ) ;
#9196 = LINE ( 'NONE', #2663, #439 ) ;
#9197 = CC_DESIGN_APPROVAL ( #1095, ( #2809 ) ) ;
#9198 = AXIS2_PLACEMENT_3D ( 'NONE', #624, #442, #6375 ) ;
#9199 = ORIENTED_EDGE ( 'NONE', *, *, #1952, .T. ) ;
#9200 = ORIENTED_EDGE ( 'NONE', *, *, #4618, .T. ) ;
#9201 =( REPRESENTATION_RELATIONSHIP ('NONE','NONE', #1222, #9169 ) REPRESENTATION_RELATIONSHIP_WITH_TRANSFORMATION ( #8207 )SHAPE_REPRESENTATION_RELATIONSHIP( ) );
#9202 = FACE_OUTER_BOUND ( 'NONE', #3665, .T. ) ;
#9203 = EDGE_CURVE ( 'NONE', #5356, #3391, #1896, .T. ) ;
#9204 = EDGE_CURVE ( 'NONE', #69, #7058, #6797, .T. ) ;
#9205 = DIRECTION ( 'NONE',  ( -0.000000000000000000, -0.000000000000000000, 1.000000000000000000 ) ) ;
#9206 = APPROVAL_DATE_TIME ( #6281, #4963 ) ;
#9207 = CARTESIAN_POINT ( 'NONE',  ( -4.428048128550950757, -42.28296074248498826, 10.65222116688011944 ) ) ;
#9208 = LINE ( 'NONE', #4480, #175 ) ;
#9209 = ORIENTED_EDGE ( 'NONE', *, *, #5752, .F. ) ;
#9210 = CARTESIAN_POINT ( 'NONE',  ( 0.000000000000000000, 0.000000000000000000, 0.000000000000000000 ) ) ;
#9211 = EDGE_CURVE ( 'NONE', #3975, #1486, #2621, .T. ) ;
#9212 = VERTEX_POINT ( 'NONE', #1931 ) ;
#9213 = CARTESIAN_POINT ( 'NONE',  ( -36.00000000000000000, -2.513866563967056016E-13, 0.000000000000000000 ) ) ;
#9214 = CARTESIAN_POINT ( 'NONE',  ( 17.75627199172503268, 33.04586956793137631, -9.044032844953276751 ) ) ;
#9215 = PERSON_AND_ORGANIZATION_ROLE ( 'creator' ) ;
#9216 = CARTESIAN_POINT ( 'NONE',  ( 0.000000000000000000, 0.000000000000000000, -113.9999999999999858 ) ) ;
#9217 = CARTESIAN_POINT ( 'NONE',  ( -63.46176972075341638, 48.70938086149381974, -167.0000000000000000 ) ) ;
#9218 = CARTESIAN_POINT ( 'NONE',  ( -9.762946945334638471, 0.2777589635784699640, 17.50000000000000000 ) ) ;
#9219 = ORIENTED_EDGE ( 'NONE', *, *, #2448, .T. ) ;
#9220 = ORIENTED_EDGE ( 'NONE', *, *, #8598, .T. ) ;
#9221 = CARTESIAN_POINT ( 'NONE',  ( -14.90000000000002345, 0.000000000000000000, 80.00000000000000000 ) ) ;
#9222 = ORIENTED_EDGE ( 'NONE', *, *, #2165, .F. ) ;
#9223 = DIRECTION ( 'NONE',  ( 1.000000000000000000, 0.000000000000000000, -0.000000000000000000 ) ) ;
#9224 =( NAMED_UNIT ( * ) SI_UNIT ( $, .STERADIAN. ) SOLID_ANGLE_UNIT ( ) );
#9225 = VECTOR ( 'NONE', #6368, 1000.000000000000000 ) ;
#9226 = CC_DESIGN_PERSON_AND_ORGANIZATION_ASSIGNMENT ( #7525, #5383, ( #4821 ) ) ;
#9227 = EDGE_CURVE ( 'NONE', #9017, #6474, #4102, .T. ) ;
#9228 = LOCAL_TIME ( 2, 39, 17.00000000000000000, #2474 ) ;
#9229 = B_SPLINE_CURVE_WITH_KNOTS ( 'NONE', 3,
 ( #4652, #1158, #4698, #1802, #1030, #2583, #9038, #396, #9122, #6238, #5464, #3981, #2547, #9214, #2498, #260 ),
 .UNSPECIFIED., .F., .F.,
 ( 4, 2, 2, 2, 2, 2, 2, 4 ),
 ( 0.000000000000000000, 0.0004254649908750318373, 0.0008509299817500636746, 0.001276394972625095620, 0.001701859963500127349, 0.002127324954375159078, 0.002552789945250191241, 0.003403719927000253831 ),
 .UNSPECIFIED. ) ;
#9230 = CARTESIAN_POINT ( 'NONE',  ( -1.116957981555371626, -4.760632419895945766, 10.24345850039360961 ) ) ;
#9231 = EDGE_LOOP ( 'NONE', ( #840, #8151 ) ) ;
#9232 = CARTESIAN_POINT ( 'NONE',  ( 0.000000000000000000, 0.000000000000000000, 80.00000000000000000 ) ) ;
#9233 = CARTESIAN_POINT ( 'NONE',  ( 7.999999999999972466, 55.59999999999998010, 9.000000000000000000 ) ) ;
#9234 = CIRCLE ( 'NONE', #980, 25.00000000000000000 ) ;
#9235 = ORIENTED_EDGE ( 'NONE', *, *, #425, .F. ) ;
#9236 = CARTESIAN_POINT ( 'NONE',  ( 0.000000000000000000, -44.00000000000000000, -167.0000000000000000 ) ) ;
#9237 = DIRECTION ( 'NONE',  ( -1.000000000000000000, 0.000000000000000000, 0.000000000000000000 ) ) ;
#9238 = VERTEX_POINT ( 'NONE', #3335 ) ;
#9239 = DATE_AND_TIME ( #7043, #5442 ) ;
#9240 = B_SPLINE_CURVE_WITH_KNOTS ( 'NONE', 3,
 ( #3615, #5, #6625, #1443, #2958, #8879, #777, #6514, #870, #9434, #4437, #2898, #5803, #6724, #5152, #8050, #1489, #3110, #5853, #8001, #3668, #6006, #2180, #7283, #2337, #3012, #5909, #6677, #8775, #5099, #8829, #2279, #5199, #5254, #827, #8104, #4496, #3778, #105, #516, #2429, #6780, #9189, #3462, #8972, #7538, #7704, #5646, #2739, #5563 ),
 .UNSPECIFIED., .F., .F.,
 ( 4, 2, 2, 2, 2, 2, 2, 2, 2, 2, 2, 2, 2, 2, 2, 2, 2, 2, 2, 2, 2, 2, 2, 2, 4 ),
 ( 1.095023939751048406E-18, 0.003337189642620769919, 0.005005784463931154012, 0.006674379285241538104, 0.01001156892786230976, 0.01168016374917269472, 0.01334875857048307968, 0.01501735339179346290, 0.01668594821310384613, 0.02002313785572461952, 0.02169173267703499927, 0.02336032749834538250, 0.02669751714096616282, 0.02836611196227655299, 0.03003470678358693968, 0.03337189642620771307, 0.03670908606882847952, 0.03837768089013886275, 0.04004627571144924597, 0.04338346535407002630, 0.04505206017538040952, 0.04672065499669079969, 0.05005784463931156614, 0.05172643946062195630, 0.05339503428193234646 ),
 .UNSPECIFIED. ) ;
#9241 = CARTESIAN_POINT ( 'NONE',  ( 19.06493353252009015, 32.87465524329588362, 15.02919435438114526 ) ) ;
#9242 = LOCAL_TIME ( 2, 39, 17.00000000000000000, #1702 ) ;
#9243 = APPROVAL_PERSON_ORGANIZATION ( #5328, #9398, #6241 ) ;
#9244 = ADVANCED_FACE ( 'NONE', ( #6226 ), #5486, .T. ) ;
#9245 = CARTESIAN_POINT ( 'NONE',  ( 20.13928027340539373, -32.22694136320838254, 16.94042138828400113 ) ) ;
#9246 = EDGE_LOOP ( 'NONE', ( #1313, #6248, #6598, #9253 ) ) ;
#9247 = LINE ( 'NONE', #8526, #6743 ) ;
#9248 = CARTESIAN_POINT ( 'NONE',  ( -17.75625924325931848, 33.04611282314822773, -9.044228431538293478 ) ) ;
#9249 = PRODUCT_DEFINITION_SHAPE ( 'NONE', 'NONE',  #9460 ) ;
#9250 = SECURITY_CLASSIFICATION_LEVEL ( 'unclassified' ) ;
#9251 = CARTESIAN_POINT ( 'NONE',  ( 35.33655303035774153, -14.00328012728877880, 18.25382967455811922 ) ) ;
#9252 = EDGE_CURVE ( 'NONE', #9279, #1599, #5568, .T. ) ;
#9253 = ORIENTED_EDGE ( 'NONE', *, *, #8910, .F. ) ;
#9254 = DIRECTION ( 'NONE',  ( 0.000000000000000000, 0.000000000000000000, -1.000000000000000000 ) ) ;
#9255 = ORIENTED_EDGE ( 'NONE', *, *, #884, .T. ) ;
#9256 = CARTESIAN_POINT ( 'NONE',  ( 0.000000000000000000, 22.00000000000000355, 49.50000000000000000 ) ) ;
#9257 = CARTESIAN_POINT ( 'NONE',  ( -72.69561914271514524, -1.945869706140010535, 10.22775853241032529 ) ) ;
#9258 = DATE_AND_TIME ( #4254, #7800 ) ;
#9259 = DATE_TIME_ROLE ( 'classification_date' ) ;
#9260 = DIRECTION ( 'NONE',  ( -1.000000000000000000, 0.000000000000000000, 0.000000000000000000 ) ) ;
#9261 = EDGE_CURVE ( 'NONE', #5985, #7389, #4959, .T. ) ;
#9262 = DIRECTION ( 'NONE',  ( 1.000000000000000000, 0.000000000000000000, 0.000000000000000000 ) ) ;
#9263 = FACE_OUTER_BOUND ( 'NONE', #748, .T. ) ;
#9264 = EDGE_CURVE ( 'NONE', #7320, #3984, #528, .T. ) ;
#9265 = CARTESIAN_POINT ( 'NONE',  ( 0.000000000000000000, 0.000000000000000000, 4.299999999999999822 ) ) ;
#9266 = ORIENTED_EDGE ( 'NONE', *, *, #7803, .F. ) ;
#9267 = VERTEX_POINT ( 'NONE', #8529 ) ;
#9268 = DIRECTION ( 'NONE',  ( 1.000000000000000000, 0.000000000000000000, 0.000000000000000000 ) ) ;
#9269 = ORIENTED_EDGE ( 'NONE', *, *, #5003, .T. ) ;
#9270 = DIRECTION ( 'NONE',  ( 1.000000000000000000, 0.000000000000000000, 0.000000000000000000 ) ) ;
#9271 = CARTESIAN_POINT ( 'NONE',  ( 42.38615260888671799, 3.588765813214693789, 20.65411061036048324 ) ) ;
#9272 = CARTESIAN_POINT ( 'NONE',  ( -0.9492286296007763635, -3.380104676613965520, 10.23528741797647967 ) ) ;
#9273 = ORIENTED_EDGE ( 'NONE', *, *, #7300, .F. ) ;
#9274 = CARTESIAN_POINT ( 'NONE',  ( -35.30553202143224922, 0.000000000000000000, 5.869645329989859661 ) ) ;
#9275 = CARTESIAN_POINT ( 'NONE',  ( -36.76294694533463314, 0.2777589635784699640, -17.50000000000000000 ) ) ;
#9276 = ORIENTED_EDGE ( 'NONE', *, *, #6032, .F. ) ;
#9277 = CYLINDRICAL_SURFACE ( 'NONE', #3841, 72.00000000000000000 ) ;
#9278 = PLANE ( 'NONE',  #6147 ) ;
#9279 = VERTEX_POINT ( 'NONE', #2666 ) ;
#9280 = EDGE_CURVE ( 'NONE', #3489, #8653, #9086, .T. ) ;
#9281 = DATE_AND_TIME ( #6409, #9089 ) ;
#9282 = CARTESIAN_POINT ( 'NONE',  ( 7.360306030094093899, 37.28209278070072230, 5.734639599313199554 ) ) ;
#9283 = CYLINDRICAL_SURFACE ( 'NONE', #1217, 27.00000000000000000 ) ;
#9284 = CARTESIAN_POINT ( 'NONE',  ( 12.30876619568291197, -35.95269912138677171, 45.83817931981170801 ) ) ;
#9285 = EDGE_LOOP ( 'NONE', ( #3687, #5434, #8483, #6564 ) ) ;
#9286 = CARTESIAN_POINT ( 'NONE',  ( 30.52112147095411387, 171.6244840424505469, -8.999999999999998224 ) ) ;
#9287 = CARTESIAN_POINT ( 'NONE',  ( -17.84223302053885973, 31.40563542731676705, -10.30345450141756203 ) ) ;
#9288 = EDGE_CURVE ( 'NONE', #6665, #3391, #485, .T. ) ;
#9289 = PERSON_AND_ORGANIZATION ( #2940, #5543 ) ;
#9290 = VECTOR ( 'NONE', #2167, 1000.000000000000000 ) ;
#9291 = CARTESIAN_POINT ( 'NONE',  ( -16.46079159474147602, -39.18298926658444259, 30.86871549155923589 ) ) ;
#9292 = FACE_OUTER_BOUND ( 'NONE', #7235, .T. ) ;
#9293 = FACE_OUTER_BOUND ( 'NONE', #6702, .T. ) ;
#9294 = ORIENTED_EDGE ( 'NONE', *, *, #4052, .F. ) ;
#9295 = DIRECTION ( 'NONE',  ( -1.000000000000000000, 0.000000000000000000, 0.000000000000000000 ) ) ;
#9296 = AXIS2_PLACEMENT_3D ( 'NONE', #7068, #3344, #4034 ) ;
#9297 = ORIENTED_EDGE ( 'NONE', *, *, #8534, .F. ) ;
#9298 = CARTESIAN_POINT ( 'NONE',  ( 37.50000000000001421, -19.99999999999999645, 15.41602615938555410 ) ) ;
#9299 = DIRECTION ( 'NONE',  ( 1.000000000000000000, 0.000000000000000000, 0.000000000000000000 ) ) ;
#9300 = EDGE_CURVE ( 'NONE', #1733, #5843, #2709, .T. ) ;
#9301 = DATE_AND_TIME ( #3438, #7207 ) ;
#9302 = CALENDAR_DATE ( 2026, 3, 10 ) ;
#9303 = LINE ( 'NONE', #2042, #5950 ) ;
#9304 = CIRCLE ( 'NONE', #2298, 16.89999999999999858 ) ;
#9305 = DIRECTION ( 'NONE',  ( 1.000000000000000000, 0.000000000000000000, 0.000000000000000000 ) ) ;
#9306 = VECTOR ( 'NONE', #7887, 1000.000000000000000 ) ;
#9307 = VERTEX_POINT ( 'NONE', #1423 ) ;
#9308 = AXIS2_PLACEMENT_3D ( 'NONE', #6805, #6074, #2456 ) ;
#9309 = ORIENTED_EDGE ( 'NONE', *, *, #1778, .F. ) ;
#9310 = ORIENTED_EDGE ( 'NONE', *, *, #3965, .F. ) ;
#9311 = FACE_BOUND ( 'NONE', #4090, .T. ) ;
#9312 = EDGE_LOOP ( 'NONE', ( #1630, #3878, #5077, #4957 ) ) ;
#9313 = FACE_OUTER_BOUND ( 'NONE', #4385, .T. ) ;
#9314 = AXIS2_PLACEMENT_3D ( 'NONE', #192, #7382, #814 ) ;
#9315 = EDGE_CURVE ( 'NONE', #1823, #7565, #6580, .T. ) ;
#9316 = AXIS2_PLACEMENT_3D ( 'NONE', #3272, #6164, #8368 ) ;
#9317 = EDGE_CURVE ( 'NONE', #3447, #6302, #1315, .T. ) ;
#9318 = VECTOR ( 'NONE', #8020, 1000.000000000000000 ) ;
#9319 = VECTOR ( 'NONE', #3334, 1000.000000000000000 ) ;
#9320 = CARTESIAN_POINT ( 'NONE',  ( -1.043482176007484385, -4.207845888811213797, 10.24027025279472802 ) ) ;
#9321 = ORIENTED_EDGE ( 'NONE', *, *, #1149, .F. ) ;
#9322 = DIRECTION ( 'NONE',  ( -0.05233595624293712473, 0.9986295347545742773, 0.000000000000000000 ) ) ;
#9323 = CARTESIAN_POINT ( 'NONE',  ( -38.00000000000000000, 0.000000000000000000, 10.99999999999999822 ) ) ;
#9324 = CIRCLE ( 'NONE', #1077, 7.999999999999983125 ) ;
#9325 = VERTEX_POINT ( 'NONE', #856 ) ;
#9326 = DIRECTION ( 'NONE',  ( -0.000000000000000000, -0.000000000000000000, 1.000000000000000000 ) ) ;
#9327 = CARTESIAN_POINT ( 'NONE',  ( -35.99999999999999289, -44.00000000000000000, 129.0000000000000000 ) ) ;
#9328 = ORIENTED_EDGE ( 'NONE', *, *, #1119, .T. ) ;
#9329 = CALENDAR_DATE ( 2026, 3, 10 ) ;
#9330 = CC_DESIGN_APPROVAL ( #9344, ( #3999 ) ) ;
#9331 = AXIS2_PLACEMENT_3D ( 'NONE', #1014, #1548, #6139 ) ;
#9332 = CARTESIAN_POINT ( 'NONE',  ( 1.725022993852668420E-14, 145.5999999999999943, 4.999999999999999112 ) ) ;
#9333 = DIRECTION ( 'NONE',  ( -0.05233595624293712473, -0.9986295347545742773, 0.000000000000000000 ) ) ;
#9334 = APPROVAL ( #2224, 'UNSPECIFIED' ) ;
#9335 = CARTESIAN_POINT ( 'NONE',  ( -36.00000000000000000, -2.469779279197751362E-13, -152.0000000000000000 ) ) ;
#9336 = ORIENTED_EDGE ( 'NONE', *, *, #3418, .T. ) ;
#9337 = CARTESIAN_POINT ( 'NONE',  ( 0.000000000000000000, 0.000000000000000000, 90.00000000000000000 ) ) ;
#9338 = ORGANIZATION ( 'NAUO-ORG28', 'UNSPECIFIED', 'UNSPECIFIED' ) ;
#9339 = AXIS2_PLACEMENT_3D ( 'NONE', #6644, #76, #3028 ) ;
#9340 = CIRCLE ( 'NONE', #6761, 5.000000000003473666 ) ;
#9341 = DATE_TIME_ROLE ( 'classification_date' ) ;
#9342 = CARTESIAN_POINT ( 'NONE',  ( -12.73019726682589692, -40.55667758994744787, 38.16933202133491676 ) ) ;
#9343 = CIRCLE ( 'NONE', #5244, 5.000000000001731948 ) ;
#9344 = APPROVAL ( #4548, 'UNSPECIFIED' ) ;
#9345 = EDGE_CURVE ( 'NONE', #4106, #7320, #3804, .T. ) ;
#9346 = EDGE_LOOP ( 'NONE', ( #4684, #2400, #1625, #3389 ) ) ;
#9347 = CARTESIAN_POINT ( 'NONE',  ( -21.27375282508935328, -31.48807227886475602, 34.36421563503748189 ) ) ;
#9348 = ORIENTED_EDGE ( 'NONE', *, *, #1979, .F. ) ;
#9349 = CARTESIAN_POINT ( 'NONE',  ( -37.22146141595888480, -7.665775498301436564, 20.03613911856614394 ) ) ;
#9350 = CARTESIAN_POINT ( 'NONE',  ( -0.7646822919791843587, 0.6312302452696203492, 10.22266102209624705 ) ) ;
#9351 = PERSON_AND_ORGANIZATION_ROLE ( 'design_supplier' ) ;
#9352 = CALENDAR_DATE ( 2026, 3, 10 ) ;
#9353 = LINE ( 'NONE', #2818, #7920 ) ;
#9354 = CARTESIAN_POINT ( 'NONE',  ( 0.000000000000000000, 201.1999999999999886, 19.00000000000000000 ) ) ;
#9355 = CYLINDRICAL_SURFACE ( 'NONE', #2752, 36.00000000000000000 ) ;
#9356 = EDGE_LOOP ( 'NONE', ( #1604, #2725, #4388, #3140 ) ) ;
#9357 = EDGE_CURVE ( 'NONE', #9032, #2454, #6174, .T. ) ;
#9358 = ORIENTED_EDGE ( 'NONE', *, *, #9203, .F. ) ;
#9359 = PRODUCT_DEFINITION_SHAPE ( 'NONE', 'NONE',  #2809 ) ;
#9360 = CARTESIAN_POINT ( 'NONE',  ( -1.080723444376052056, -4.498985821822848230, -10.24202529665417849 ) ) ;
#9361 = ORIENTED_EDGE ( 'NONE', *, *, #5368, .F. ) ;
#9362 = CARTESIAN_POINT ( 'NONE',  ( 0.000000000000000000, 0.000000000000000000, 4.299999999999999822 ) ) ;
#9363 =( NAMED_UNIT ( * ) PLANE_ANGLE_UNIT ( ) SI_UNIT ( $, .RADIAN. ) );
#9364 = CARTESIAN_POINT ( 'NONE',  ( -8.502916171713330584, 41.65128551924659916, 41.64660062081610192 ) ) ;
#9365 = AXIS2_PLACEMENT_3D ( 'NONE', #7905, #4389, #2128 ) ;
#9366 = ADVANCED_FACE ( 'NONE', ( #2312 ), #8165, .F. ) ;
#9367 = CARTESIAN_POINT ( 'NONE',  ( 5.000000000000000000, 55.00000000000000000, -266.0000000000000000 ) ) ;
#9368 = ORIENTED_EDGE ( 'NONE', *, *, #9026, .F. ) ;
#9369 = PLANE ( 'NONE',  #1066 ) ;
#9370 = DIRECTION ( 'NONE',  ( 0.000000000000000000, 0.000000000000000000, -1.000000000000000000 ) ) ;
#9371 = ORIENTED_EDGE ( 'NONE', *, *, #5466, .T. ) ;
#9372 = DIRECTION ( 'NONE',  ( -0.000000000000000000, -0.000000000000000000, -1.000000000000000000 ) ) ;
#9373 = VERTEX_POINT ( 'NONE', #7524 ) ;
#9374 = AXIS2_PLACEMENT_3D ( 'NONE', #4813, #7713, #1191 ) ;
#9375 = DATE_AND_TIME ( #1425, #4680 ) ;
#9376 = LOCAL_TIME ( 2, 39, 17.00000000000000000, #3868 ) ;
#9377 = CARTESIAN_POINT ( 'NONE',  ( 20.45277284370436277, 32.02809741991990222, 17.59414624842847275 ) ) ;
#9378 = ADVANCED_FACE ( 'NONE', ( #3706 ), #4619, .F. ) ;
#9379 = AXIS2_PLACEMENT_3D ( 'NONE', #3025, #5923, #22 ) ;
#9380 = ADVANCED_FACE ( 'NONE', ( #8856 ), #8136, .F. ) ;
#9381 = DIRECTION ( 'NONE',  ( -1.000000000000000000, -8.759319517086517175E-15, 0.000000000000000000 ) ) ;
#9382 = CYLINDRICAL_SURFACE ( 'NONE', #5049, 42.50000000000000711 ) ;
#9383 = ORIENTED_EDGE ( 'NONE', *, *, #2438, .T. ) ;
#9384 = CARTESIAN_POINT ( 'NONE',  ( -38.00000000000000000, 0.000000000000000000, -11.00000000000000000 ) ) ;
#9385 = SECURITY_CLASSIFICATION ( '', '', #6270 ) ;
#9386 = COORDINATED_UNIVERSAL_TIME_OFFSET ( 5, 30, .AHEAD. ) ;
#9387 = AXIS2_PLACEMENT_3D ( 'NONE', #362, #9131, #8996 ) ;
#9388 = CC_DESIGN_SECURITY_CLASSIFICATION ( #661, ( #9478 ) ) ;
#9389 = LOCAL_TIME ( 2, 39, 17.00000000000000000, #2132 ) ;
#9390 = DIRECTION ( 'NONE',  ( -0.000000000000000000, -0.000000000000000000, -1.000000000000000000 ) ) ;
#9391 = EDGE_LOOP ( 'NONE', ( #6506, #5550, #7874, #5933 ) ) ;
#9392 = LOCAL_TIME ( 2, 39, 17.00000000000000000, #5586 ) ;
#9393 = CARTESIAN_POINT ( 'NONE',  ( 38.89087296525944026, 38.89087296525845971, -281.0000000000000000 ) ) ;
#9394 = VERTEX_POINT ( 'NONE', #186 ) ;
#9395 = FACE_OUTER_BOUND ( 'NONE', #8039, .T. ) ;
#9396 = CARTESIAN_POINT ( 'NONE',  ( -72.40945955112194099, -4.755703613088156700, 10.24343852800581267 ) ) ;
#9397 = APPROVAL_DATE_TIME ( #3827, #9344 ) ;
#9398 = APPROVAL ( #5235, 'UNKNOWN' ) ;
#9399 = ADVANCED_FACE ( 'NONE', ( #6033 ), #8082, .T. ) ;
#9400 = CARTESIAN_POINT ( 'NONE',  ( -36.00000000000000000, -2.469779279197751362E-13, -113.9999999999999858 ) ) ;
#9401 = CARTESIAN_POINT ( 'NONE',  ( -63.46176972075341638, 48.70938086149381974, -213.0000000000000000 ) ) ;
#9402 = FACE_OUTER_BOUND ( 'NONE', #8612, .T. ) ;
#9403 = ORIENTED_EDGE ( 'NONE', *, *, #5004, .T. ) ;
#9404 = VERTEX_POINT ( 'NONE', #6543 ) ;
#9405 = CARTESIAN_POINT ( 'NONE',  ( -0.7629469453350168351, -0.2156301940045534937, -10.22250604828806431 ) ) ;
#9406 = ORIENTED_EDGE ( 'NONE', *, *, #1178, .T. ) ;
#9407 = CARTESIAN_POINT ( 'NONE',  ( -38.89087296526079740, 38.89087296526176374, -281.0000000000000000 ) ) ;
#9408 = CYLINDRICAL_SURFACE ( 'NONE', #7934, 25.00000000000000000 ) ;
#9409 =( LENGTH_UNIT ( ) NAMED_UNIT ( * ) SI_UNIT ( .MILLI., .METRE. ) );
#9410 = EDGE_CURVE ( 'NONE', #4423, #124, #2211, .T. ) ;
#9411 = CARTESIAN_POINT ( 'NONE',  ( -1.035215575745798811, -4.141437388363581107, 10.23987276151231107 ) ) ;
#9412 = ORIENTED_EDGE ( 'NONE', *, *, #3289, .T. ) ;
#9413 = CARTESIAN_POINT ( 'NONE',  ( 21.90948871721527524, 30.00000000000000355, -9.186736661960955175 ) ) ;
#9414 = DIRECTION ( 'NONE',  ( -0.000000000000000000, -0.000000000000000000, 1.000000000000000000 ) ) ;
#9415 = ORIENTED_EDGE ( 'NONE', *, *, #2645, .T. ) ;
#9416 = DIRECTION ( 'NONE',  ( 0.9588197348681918308, 0.2840153447039270307, 0.000000000000000000 ) ) ;
#9417 = CYLINDRICAL_SURFACE ( 'NONE', #2302, 5.000000000000268230 ) ;
#9418 = VERTEX_POINT ( 'NONE', #7568 ) ;
#9419 = EDGE_CURVE ( 'NONE', #3449, #4823, #2054, .T. ) ;
#9420 = COORDINATED_UNIVERSAL_TIME_OFFSET ( 5, 30, .AHEAD. ) ;
#9421 = DIRECTION ( 'NONE',  ( 0.000000000000000000, 0.000000000000000000, -1.000000000000000000 ) ) ;
#9422 = FACE_OUTER_BOUND ( 'NONE', #9356, .T. ) ;
#9423 = VERTEX_POINT ( 'NONE', #1819 ) ;
#9424 = FACE_BOUND ( 'NONE', #3896, .T. ) ;
#9425 = ORIENTED_EDGE ( 'NONE', *, *, #835, .T. ) ;
#9426 = CARTESIAN_POINT ( 'NONE',  ( 0.000000000000000000, 0.000000000000000000, 190.0000000000000000 ) ) ;
#9427 = EDGE_CURVE ( 'NONE', #4876, #6026, #235, .T. ) ;
#9428 = SECURITY_CLASSIFICATION_LEVEL ( 'unclassified' ) ;
#9429 = EDGE_CURVE ( 'NONE', #1761, #7364, #7995, .T. ) ;
#9430 = CARTESIAN_POINT ( 'NONE',  ( -15.81128311745993997, -39.45003521576974492, 32.99308310778483389 ) ) ;
#9431 = CYLINDRICAL_SURFACE ( 'NONE', #8115, 5.000000000000268230 ) ;
#9432 = ORIENTED_EDGE ( 'NONE', *, *, #4472, .T. ) ;
#9433 = FACE_OUTER_BOUND ( 'NONE', #4603, .T. ) ;
#9434 = CARTESIAN_POINT ( 'NONE',  ( 9.874413974631657709, -41.33963885745551892, 40.72621841403587695 ) ) ;
#9435 = ORIENTED_EDGE ( 'NONE', *, *, #2819, .T. ) ;
#9436 = DIRECTION ( 'NONE',  ( 0.000000000000000000, 0.000000000000000000, 1.000000000000000000 ) ) ;
#9437 = DIRECTION ( 'NONE',  ( 1.000000000000000000, 0.000000000000000000, 0.000000000000000000 ) ) ;
#9438 = PERSON_AND_ORGANIZATION ( #2940, #5543 ) ;
#9439 = DATE_AND_TIME ( #6519, #224 ) ;
#9440 = B_SPLINE_CURVE_WITH_KNOTS ( 'NONE', 3,
 ( #4983, #7881, #1318, #6450, #2102, #7417, #180, #3082, #4563, #8073, #5928, #2980, #2406, #6597, #7460, #1624, #742, #2356, #6751, #2926, #2251, #27, #3695, #8021, #5879, #4611, #8801, #5982, #5321, #5272, #8221, #3130, #5826, #3748, #889, #6025, #3844, #8949, #8747, #1667, #7514, #8847, #5172, #1516, #1572, #2201, #123, #8901, #4463, #946, #6533, #7363, #8179, #9456, #5123, #800, #1460, #4516, #4405, #7302, #6648, #80 ),
 .UNSPECIFIED., .F., .F.,
 ( 4, 2, 2, 2, 2, 2, 2, 2, 2, 2, 2, 2, 2, 2, 2, 2, 2, 2, 2, 2, 2, 2, 2, 2, 2, 2, 2, 2, 2, 2, 4 ),
 ( 0.07212878807459099928, 0.07662826753690819837, 0.07775313740248750161, 0.07887800726806680485, 0.08112774699922541133, 0.08337748673038400393, 0.08450235659596330717, 0.08562722646154261041, 0.09012670592385980950, 0.09237644565501840210, 0.09462618538617700858, 0.09912566484849420767, 0.1013754045796528142, 0.1036251443108114206, 0.1058748840419700132, 0.1081246237731286197, 0.1126241032354458188, 0.1137489731010251082, 0.1148738429666044114, 0.1171235826977629901, 0.1193733224289215827, 0.1216230621600801753, 0.1261225416223973606, 0.1283722813535559670, 0.1306220210847145735, 0.1328717608158731800, 0.1339966306814525110, 0.1351215005470318142, 0.1396209800093490272, 0.1418707197405076337, 0.1441204594716662679 ),
 .UNSPECIFIED. ) ;
#9441 = CARTESIAN_POINT ( 'NONE',  ( 0.000000000000000000, 0.000000000000000000, -11.00000000000000000 ) ) ;
#9442 = CARTESIAN_POINT ( 'NONE',  ( -27.00000000000000000, 0.000000000000000000, 19.00000000000000000 ) ) ;
#9443 = DIRECTION ( 'NONE',  ( -0.000000000000000000, -0.000000000000000000, 1.000000000000000000 ) ) ;
#9444 = ORIENTED_EDGE ( 'NONE', *, *, #98, .T. ) ;
#9445 = AXIS2_PLACEMENT_3D ( 'NONE', #262, #3842, #6748 ) ;
#9446 = ORIENTED_EDGE ( 'NONE', *, *, #7251, .F. ) ;
#9447 = CC_DESIGN_DATE_AND_TIME_ASSIGNMENT ( #487, #9341, ( #7185 ) ) ;
#9448 = FACE_OUTER_BOUND ( 'NONE', #338, .T. ) ;
#9449 = ORIENTED_EDGE ( 'NONE', *, *, #7184, .F. ) ;
#9450 = CARTESIAN_POINT ( 'NONE',  ( -75.25199303420220076, -2.256371908234169332, -7.484058163571952527 ) ) ;
#9451 = DIRECTION ( 'NONE',  ( 0.000000000000000000, 0.000000000000000000, 1.000000000000000000 ) ) ;
#9452 = CARTESIAN_POINT ( 'NONE',  ( 0.000000000000000000, 0.000000000000000000, 0.000000000000000000 ) ) ;
#9453 = AXIS2_PLACEMENT_3D ( 'NONE', #862, #2220, #5042 ) ;
#9454 = AXIS2_PLACEMENT_3D ( 'NONE', #7305, #3132, #2306 ) ;
#9455 = DIRECTION ( 'NONE',  ( 0.000000000000000000, 0.000000000000000000, 1.000000000000000000 ) ) ;
#9456 = CARTESIAN_POINT ( 'NONE',  ( -9.431869536579155167, 36.81247186153599671, 47.43100344276538038 ) ) ;
#9457 = AXIS2_PLACEMENT_3D ( 'NONE', #2500, #6239, #1803 ) ;
#9458 = NEXT_ASSEMBLY_USAGE_OCCURRENCE ( 'NAUO1', ' ', ' ', #2809, #549, $ ) ;
#9459 = NEXT_ASSEMBLY_USAGE_OCCURRENCE ( 'NAUO2', ' ', ' ', #2809, #6068, $ ) ;
#9460 = NEXT_ASSEMBLY_USAGE_OCCURRENCE ( 'NAUO3', ' ', ' ', #2809, #2272, $ ) ;
#9461 = NEXT_ASSEMBLY_USAGE_OCCURRENCE ( 'NAUO4', ' ', ' ', #2809, #1685, $ ) ;
#9462 = NEXT_ASSEMBLY_USAGE_OCCURRENCE ( 'NAUO5', ' ', ' ', #2809, #6659, $ ) ;
#9463 = NEXT_ASSEMBLY_USAGE_OCCURRENCE ( 'NAUO6', ' ', ' ', #2809, #3999, $ ) ;
#9464 = NEXT_ASSEMBLY_USAGE_OCCURRENCE ( 'NAUO7', ' ', ' ', #2809, #6068, $ ) ;
#9465 = NEXT_ASSEMBLY_USAGE_OCCURRENCE ( 'NAUO8', ' ', ' ', #2809, #6068, $ ) ;
#9466 = NEXT_ASSEMBLY_USAGE_OCCURRENCE ( 'NAUO9', ' ', ' ', #2809, #6068, $ ) ;
#9467 = NEXT_ASSEMBLY_USAGE_OCCURRENCE ( 'NAUO10', ' ', ' ', #2809, #549, $ ) ;
#9468 = NEXT_ASSEMBLY_USAGE_OCCURRENCE ( 'NAUO11', ' ', ' ', #2809, #549, $ ) ;
#9469 = NEXT_ASSEMBLY_USAGE_OCCURRENCE ( 'NAUO12', ' ', ' ', #2809, #549, $ ) ;
#9470 = NEXT_ASSEMBLY_USAGE_OCCURRENCE ( 'NAUO13', ' ', ' ', #2809, #1685, $ ) ;
#9471 = NEXT_ASSEMBLY_USAGE_OCCURRENCE ( 'NAUO14', ' ', ' ', #2809, #1685, $ ) ;
#9472 = NEXT_ASSEMBLY_USAGE_OCCURRENCE ( 'NAUO15', ' ', ' ', #2809, #1685, $ ) ;
#9473 = NEXT_ASSEMBLY_USAGE_OCCURRENCE ( 'NAUO16', ' ', ' ', #2809, #6659, $ ) ;
#9474 = NEXT_ASSEMBLY_USAGE_OCCURRENCE ( 'NAUO17', ' ', ' ', #2809, #6659, $ ) ;
#9475 = NEXT_ASSEMBLY_USAGE_OCCURRENCE ( 'NAUO18', ' ', ' ', #2809, #6659, $ ) ;
#9476 = NEXT_ASSEMBLY_USAGE_OCCURRENCE ( 'NAUO19', ' ', ' ', #2809, #3999, $ ) ;
#9477 = NEXT_ASSEMBLY_USAGE_OCCURRENCE ( 'NAUO20', ' ', ' ', #2809, #3999, $ ) ;
#9478 = NEXT_ASSEMBLY_USAGE_OCCURRENCE ( 'NAUO21', ' ', ' ', #2809, #3999, $ ) ;
#9479 = NEXT_ASSEMBLY_USAGE_OCCURRENCE ( 'NAUO22', ' ', ' ', #2809, #3999, $ ) ;
#9480 = NEXT_ASSEMBLY_USAGE_OCCURRENCE ( 'NAUO23', ' ', ' ', #2809, #3999, $ ) ;
#9481 = NEXT_ASSEMBLY_USAGE_OCCURRENCE ( 'NAUO24', ' ', ' ', #2809, #3999, $ ) ;
#9482 = NEXT_ASSEMBLY_USAGE_OCCURRENCE ( 'NAUO25', ' ', ' ', #2809, #3999, $ ) ;
#9483 = NEXT_ASSEMBLY_USAGE_OCCURRENCE ( 'NAUO26', ' ', ' ', #2809, #3999, $ ) ;
#9484 = NEXT_ASSEMBLY_USAGE_OCCURRENCE ( 'NAUO27', ' ', ' ', #2809, #3999, $ ) ;
#9485 = NEXT_ASSEMBLY_USAGE_OCCURRENCE ( 'NAUO28', ' ', ' ', #2809, #3999, $ ) ;
#9486 = NEXT_ASSEMBLY_USAGE_OCCURRENCE ( 'NAUO29', ' ', ' ', #2809, #3999, $ ) ;
#9487 = NEXT_ASSEMBLY_USAGE_OCCURRENCE ( 'NAUO30', ' ', ' ', #2809, #1497, $ ) ;
ENDSEC;
END-ISO-10303-21;
